[ERROR] 2026-06-12 09:12:46,810 directory 2014319 140450494625600 directory_save error: ('40001', '[40001] [Microsoft][ODBC Driver 18 for SQL Server][SQL Server]Transaction (Process ID 63) was deadlocked on lock | communication buffer resources with another process and has been chosen as the deadlock victim. Rerun the transaction. (1205) (SQLExecDirectW)')
[ERROR] 2026-06-12 09:13:34,545 directory 2014314 140450494625600 directory_save error: ('HYT00', '[HYT00] [Microsoft][ODBC Driver 18 for SQL Server]Query timeout expired (0) (SQLExecDirectW)')
[ERROR] 2026-06-12 10:23:42,502 log 2023165 140550925711040 Internal Server Error: /archives/api/cadre-export/
Traceback (most recent call last):
  File "/home/hsy/miniconda3/envs/django_env/lib/python3.11/site-packages/django/core/handlers/exception.py", line 55, in inner
    response = get_response(request)
               ^^^^^^^^^^^^^^^^^^^^^
  File "/home/hsy/miniconda3/envs/django_env/lib/python3.11/site-packages/django/core/handlers/base.py", line 197, in _get_response
    response = wrapped_callback(request, *callback_args, **callback_kwargs)
               ^^^^^^^^^^^^^^^^^^^^^^^^^^^^^^^^^^^^^^^^^^^^^^^^^^^^^^^^^^^^
  File "/home/hsy/miniconda3/envs/django_env/lib/python3.11/site-packages/django/contrib/auth/decorators.py", line 59, in _view_wrapper
    return view_func(request, *args, **kwargs)
           ^^^^^^^^^^^^^^^^^^^^^^^^^^^^^^^^^^^
  File "/home/hsy/myedu/main/views/archives/cadre.py", line 497, in cadre_export_api
    ws["H4"].alignment = Alignment(wrap_text=True, vertical="center")
                         ^^^^^^^^^
NameError: name 'Alignment' is not defined
[ERROR] 2026-06-12 10:53:46,428 log 2026379 140131745044160 Internal Server Error: /archives/api/cadre-export/
Traceback (most recent call last):
  File "/home/hsy/miniconda3/envs/django_env/lib/python3.11/site-packages/django/core/handlers/exception.py", line 55, in inner
    response = get_response(request)
               ^^^^^^^^^^^^^^^^^^^^^
  File "/home/hsy/miniconda3/envs/django_env/lib/python3.11/site-packages/django/core/handlers/base.py", line 197, in _get_response
    response = wrapped_callback(request, *callback_args, **callback_kwargs)
               ^^^^^^^^^^^^^^^^^^^^^^^^^^^^^^^^^^^^^^^^^^^^^^^^^^^^^^^^^^^^
  File "/home/hsy/miniconda3/envs/django_env/lib/python3.11/site-packages/django/contrib/auth/decorators.py", line 59, in _view_wrapper
    return view_func(request, *args, **kwargs)
           ^^^^^^^^^^^^^^^^^^^^^^^^^^^^^^^^^^^
  File "/home/hsy/myedu/main/views/archives/cadre.py", line 515, in cadre_export_api
    ws["B13"] = wrap_text(gv("JL"), width=50, indent=30)
                ^^^^^^^^^^^^^^^^^^^^^^^^^^^^^^^^^^^^^^^^
TypeError: wrap_text() got an unexpected keyword argument 'width'
[ERROR] 2026-06-12 12:13:56,544 directory 2031802 140196106237760 directory_save error: ('40001', '[40001] [Microsoft][ODBC Driver 18 for SQL Server][SQL Server]Transaction (Process ID 51) was deadlocked on lock | communication buffer resources with another process and has been chosen as the deadlock victim. Rerun the transaction. (1205) (SQLExecDirectW)')
[ERROR] 2026-06-12 12:14:01,701 directory 2031800 140196106237760 directory_save error: ('40001', '[40001] [Microsoft][ODBC Driver 18 for SQL Server][SQL Server]Transaction (Process ID 57) was deadlocked on lock | communication buffer resources with another process and has been chosen as the deadlock victim. Rerun the transaction. (1205) (SQLExecDirectW)')
[ERROR] 2026-06-12 12:14:05,651 directory 2031801 140196106237760 directory_save error: ('40001', '[40001] [Microsoft][ODBC Driver 18 for SQL Server][SQL Server]Transaction (Process ID 55) was deadlocked on lock | communication buffer resources with another process and has been chosen as the deadlock victim. Rerun the transaction. (1205) (SQLExecDirectW)')
[ERROR] 2026-06-12 12:33:51,197 directory 2031805 140196106237760 directory_save error: ('40001', '[40001] [Microsoft][ODBC Driver 18 for SQL Server][SQL Server]Transaction (Process ID 52) was deadlocked on lock | communication buffer resources with another process and has been chosen as the deadlock victim. Rerun the transaction. (1205) (SQLExecDirectW)')
[ERROR] 2026-06-12 14:52:44,888 directory 2033867 140317326047040 directory_save error: ('40001', '[40001] [Microsoft][ODBC Driver 18 for SQL Server][SQL Server]Transaction (Process ID 57) was deadlocked on lock | communication buffer resources with another process and has been chosen as the deadlock victim. Rerun the transaction. (1205) (SQLExecDirectW)')
[ERROR] 2026-06-12 15:08:37,698 directory 2033872 140317326047040 directory_save error: ('40001', '[40001] [Microsoft][ODBC Driver 18 for SQL Server][SQL Server]Transaction (Process ID 59) was deadlocked on lock | communication buffer resources with another process and has been chosen as the deadlock victim. Rerun the transaction. (1205) (SQLExecDirectW)')
[ERROR] 2026-06-12 15:15:20,297 directory 2033873 140317326047040 directory_save error: ('40001', '[40001] [Microsoft][ODBC Driver 18 for SQL Server][SQL Server]Transaction (Process ID 56) was deadlocked on lock resources with another process and has been chosen as the deadlock victim. Rerun the transaction. (1205) (SQLExecDirectW)')
[ERROR] 2026-06-12 15:15:25,427 directory 2033870 140317326047040 directory_save error: ('40001', '[40001] [Microsoft][ODBC Driver 18 for SQL Server][SQL Server]Transaction (Process ID 58) was deadlocked on lock | communication buffer resources with another process and has been chosen as the deadlock victim. Rerun the transaction. (1205) (SQLExecDirectW)')
[ERROR] 2026-06-12 15:45:07,106 directory 2033869 140317326047040 directory_save error: ('40001', '[40001] [Microsoft][ODBC Driver 18 for SQL Server][SQL Server]Transaction (Process ID 52) was deadlocked on lock | communication buffer resources with another process and has been chosen as the deadlock victim. Rerun the transaction. (1205) (SQLExecDirectW)')
[ERROR] 2026-06-12 16:27:30,004 directory 2033868 140317326047040 directory_save error: ('40001', '[40001] [Microsoft][ODBC Driver 18 for SQL Server][SQL Server]Transaction (Process ID 55) was deadlocked on lock | communication buffer resources with another process and has been chosen as the deadlock victim. Rerun the transaction. (1205) (SQLExecDirectW)')
[ERROR] 2026-06-12 16:27:35,093 directory 2033870 140317326047040 directory_save error: ('40001', '[40001] [Microsoft][ODBC Driver 18 for SQL Server][SQL Server]Transaction (Process ID 58) was deadlocked on lock | communication buffer resources with another process and has been chosen as the deadlock victim. Rerun the transaction. (1205) (SQLExecDirectW)')
[ERROR] 2026-06-12 16:36:06,478 directory 2033873 140317326047040 directory_save error: ('40001', '[40001] [Microsoft][ODBC Driver 18 for SQL Server][SQL Server]Transaction (Process ID 56) was deadlocked on lock | communication buffer resources with another process and has been chosen as the deadlock victim. Rerun the transaction. (1205) (SQLExecDirectW)')
[ERROR] 2026-06-12 16:36:44,067 directory 2033870 140317326047040 directory_save error: ('40001', '[40001] [Microsoft][ODBC Driver 18 for SQL Server][SQL Server]Transaction (Process ID 58) was deadlocked on lock | communication buffer resources with another process and has been chosen as the deadlock victim. Rerun the transaction. (1205) (SQLExecDirectW)')
[ERROR] 2026-06-12 16:36:49,171 directory 2033867 140317326047040 directory_save error: ('40001', '[40001] [Microsoft][ODBC Driver 18 for SQL Server][SQL Server]Transaction (Process ID 57) was deadlocked on lock | communication buffer resources with another process and has been chosen as the deadlock victim. Rerun the transaction. (1205) (SQLExecDirectW)')
[ERROR] 2026-06-12 16:36:51,772 directory 2033872 140317326047040 directory_save error: ('40001', '[40001] [Microsoft][ODBC Driver 18 for SQL Server][SQL Server]Transaction (Process ID 59) was deadlocked on lock | communication buffer resources with another process and has been chosen as the deadlock victim. Rerun the transaction. (1205) (SQLExecDirectW)')
[ERROR] 2026-06-15 09:40:27,594 directory 2033873 140317326047040 directory_save error: ('40001', '[40001] [Microsoft][ODBC Driver 18 for SQL Server][SQL Server]Transaction (Process ID 65) was deadlocked on lock | communication buffer resources with another process and has been chosen as the deadlock victim. Rerun the transaction. (1205) (SQLExecDirectW)')
[ERROR] 2026-06-15 09:40:32,678 directory 2033866 140317326047040 directory_save error: ('40001', '[40001] [Microsoft][ODBC Driver 18 for SQL Server][SQL Server]Transaction (Process ID 55) was deadlocked on lock | communication buffer resources with another process and has been chosen as the deadlock victim. Rerun the transaction. (1205) (SQLExecDirectW)')
[ERROR] 2026-06-15 09:41:19,414 directory 2033872 140317326047040 directory_save error: ('40001', '[40001] [Microsoft][ODBC Driver 18 for SQL Server][SQL Server]Transaction (Process ID 59) was deadlocked on lock | communication buffer resources with another process and has been chosen as the deadlock victim. Rerun the transaction. (1205) (SQLExecDirectW)')
[ERROR] 2026-06-15 09:42:22,142 directory 2033869 140317326047040 directory_save error: ('40001', '[40001] [Microsoft][ODBC Driver 18 for SQL Server][SQL Server]Transaction (Process ID 51) was deadlocked on lock | communication buffer resources with another process and has been chosen as the deadlock victim. Rerun the transaction. (1205) (SQLExecDirectW)')
[ERROR] 2026-06-15 09:46:42,570 directory 2033867 140317326047040 directory_save error: ('40001', '[40001] [Microsoft][ODBC Driver 18 for SQL Server][SQL Server]Transaction (Process ID 57) was deadlocked on lock | communication buffer resources with another process and has been chosen as the deadlock victim. Rerun the transaction. (1205) (SQLExecDirectW)')
[ERROR] 2026-06-15 09:46:44,652 directory 2033868 140317326047040 directory_save error: ('40001', '[40001] [Microsoft][ODBC Driver 18 for SQL Server][SQL Server]Transaction (Process ID 54) was deadlocked on lock | communication buffer resources with another process and has been chosen as the deadlock victim. Rerun the transaction. (1205) (SQLExecDirectW)')
[ERROR] 2026-06-15 09:57:02,892 directory 2033873 140317326047040 directory_save error: ('40001', '[40001] [Microsoft][ODBC Driver 18 for SQL Server][SQL Server]Transaction (Process ID 61) was deadlocked on lock | communication buffer resources with another process and has been chosen as the deadlock victim. Rerun the transaction. (1205) (SQLExecDirectW)')
[ERROR] 2026-06-15 09:59:35,670 directory 2033871 140317326047040 directory_save error: ('40001', '[40001] [Microsoft][ODBC Driver 18 for SQL Server][SQL Server]Transaction (Process ID 52) was deadlocked on lock | communication buffer resources with another process and has been chosen as the deadlock victim. Rerun the transaction. (1205) (SQLExecDirectW)')
[ERROR] 2026-06-15 09:59:40,700 directory 2033873 140317326047040 directory_save error: ('40001', '[40001] [Microsoft][ODBC Driver 18 for SQL Server][SQL Server]Transaction (Process ID 61) was deadlocked on lock | communication buffer resources with another process and has been chosen as the deadlock victim. Rerun the transaction. (1205) (SQLExecDirectW)')
[ERROR] 2026-06-15 10:00:57,103 directory 2033872 140317326047040 directory_save error: ('40001', '[40001] [Microsoft][ODBC Driver 18 for SQL Server][SQL Server]Transaction (Process ID 51) was deadlocked on lock | communication buffer resources with another process and has been chosen as the deadlock victim. Rerun the transaction. (1205) (SQLExecDirectW)')
[ERROR] 2026-06-15 10:04:28,059 directory 2033871 140317326047040 directory_save error: ('HYT00', '[HYT00] [Microsoft][ODBC Driver 18 for SQL Server]Query timeout expired (0) (SQLExecDirectW)')
[ERROR] 2026-06-15 10:04:28,517 directory 2033873 140317326047040 directory_save error: <class 'pyodbc.Error'> returned a result with an exception set
[ERROR] 2026-06-15 10:04:29,516 directory 2033868 140317326047040 directory_save error: <class 'pyodbc.Error'> returned a result with an exception set
[ERROR] 2026-06-15 10:04:30,361 directory 2033872 140317326047040 directory_save error: ('HYT00', '[HYT00] [Microsoft][ODBC Driver 18 for SQL Server]Query timeout expired (0) (SQLExecDirectW)')
[ERROR] 2026-06-15 10:08:00,672 directory 2033872 140317326047040 directory_save error: ('40001', '[40001] [Microsoft][ODBC Driver 18 for SQL Server][SQL Server]Transaction (Process ID 53) was deadlocked on lock | communication buffer resources with another process and has been chosen as the deadlock victim. Rerun the transaction. (1205) (SQLExecDirectW)')
[ERROR] 2026-06-15 10:08:03,295 directory 2033867 140317326047040 directory_save error: ('40001', '[40001] [Microsoft][ODBC Driver 18 for SQL Server][SQL Server]Transaction (Process ID 60) was deadlocked on lock | communication buffer resources with another process and has been chosen as the deadlock victim. Rerun the transaction. (1205) (SQLExecDirectW)')
[ERROR] 2026-06-15 10:10:24,237 directory 2033870 140317326047040 directory_save error: ('40001', '[40001] [Microsoft][ODBC Driver 18 for SQL Server][SQL Server]Transaction (Process ID 52) was deadlocked on lock | communication buffer resources with another process and has been chosen as the deadlock victim. Rerun the transaction. (1205) (SQLExecDirectW)')
[ERROR] 2026-06-15 10:10:32,012 directory 2033867 140317326047040 directory_save error: ('40001', '[40001] [Microsoft][ODBC Driver 18 for SQL Server][SQL Server]Transaction (Process ID 55) was deadlocked on lock | communication buffer resources with another process and has been chosen as the deadlock victim. Rerun the transaction. (1205) (SQLExecDirectW)')
[ERROR] 2026-06-15 10:10:34,223 directory 2033866 140317326047040 directory_save error: ('40001', '[40001] [Microsoft][ODBC Driver 18 for SQL Server][SQL Server]Transaction (Process ID 72) was deadlocked on lock | communication buffer resources with another process and has been chosen as the deadlock victim. Rerun the transaction. (1205) (SQLExecDirectW)')
[ERROR] 2026-06-15 10:10:34,963 directory 2202037 140317326047040 directory_save error: ('40001', '[40001] [Microsoft][ODBC Driver 18 for SQL Server][SQL Server]Transaction (Process ID 65) was deadlocked on lock | communication buffer resources with another process and has been chosen as the deadlock victim. Rerun the transaction. (1205) (SQLExecDirectW)')
[ERROR] 2026-06-15 10:10:35,161 directory 2202040 140317326047040 directory_save error: ('40001', '[40001] [Microsoft][ODBC Driver 18 for SQL Server][SQL Server]Transaction (Process ID 51) was deadlocked on lock | communication buffer resources with another process and has been chosen as the deadlock victim. Rerun the transaction. (1205) (SQLExecDirectW)')
[ERROR] 2026-06-15 10:10:35,774 directory 2033872 140317326047040 directory_save error: ('40001', '[40001] [Microsoft][ODBC Driver 18 for SQL Server][SQL Server]Transaction (Process ID 53) was deadlocked on lock | communication buffer resources with another process and has been chosen as the deadlock victim. Rerun the transaction. (1205) (SQLExecDirectW)')
[ERROR] 2026-06-15 10:21:17,547 directory 2202037 140317326047040 directory_save error: ('40001', '[40001] [Microsoft][ODBC Driver 18 for SQL Server][SQL Server]Transaction (Process ID 58) was deadlocked on lock | communication buffer resources with another process and has been chosen as the deadlock victim. Rerun the transaction. (1205) (SQLExecDirectW)')
[ERROR] 2026-06-15 10:21:22,667 directory 2033870 140317326047040 directory_save error: ('40001', '[40001] [Microsoft][ODBC Driver 18 for SQL Server][SQL Server]Transaction (Process ID 61) was deadlocked on lock | communication buffer resources with another process and has been chosen as the deadlock victim. Rerun the transaction. (1205) (SQLExecDirectW)')
[ERROR] 2026-06-15 10:21:25,284 directory 2033869 140317326047040 directory_save error: ('40001', '[40001] [Microsoft][ODBC Driver 18 for SQL Server][SQL Server]Transaction (Process ID 55) was deadlocked on lock | communication buffer resources with another process and has been chosen as the deadlock victim. Rerun the transaction. (1205) (SQLExecDirectW)')
[ERROR] 2026-06-15 10:29:31,238 directory 2033869 140317326047040 directory_save error: ('40001', '[40001] [Microsoft][ODBC Driver 18 for SQL Server][SQL Server]Transaction (Process ID 53) was deadlocked on lock | communication buffer resources with another process and has been chosen as the deadlock victim. Rerun the transaction. (1205) (SQLExecDirectW)')
[ERROR] 2026-06-15 10:58:24,161 directory 2033872 140317326047040 directory_save error: ('40001', '[40001] [Microsoft][ODBC Driver 18 for SQL Server][SQL Server]Transaction (Process ID 54) was deadlocked on lock | communication buffer resources with another process and has been chosen as the deadlock victim. Rerun the transaction. (1205) (SQLExecDirectW)')
[ERROR] 2026-06-15 10:59:01,895 directory 2202037 140317326047040 directory_save error: ('40001', '[40001] [Microsoft][ODBC Driver 18 for SQL Server][SQL Server]Transaction (Process ID 58) was deadlocked on lock | communication buffer resources with another process and has been chosen as the deadlock victim. Rerun the transaction. (1205) (SQLExecDirectW)')
[ERROR] 2026-06-15 10:59:04,558 directory 2033867 140317326047040 directory_save error: ('40001', '[40001] [Microsoft][ODBC Driver 18 for SQL Server][SQL Server]Transaction (Process ID 57) was deadlocked on lock | communication buffer resources with another process and has been chosen as the deadlock victim. Rerun the transaction. (1205) (SQLExecDirectW)')
[ERROR] 2026-06-15 10:59:07,444 directory 2033866 140317326047040 directory_save error: ('40001', '[40001] [Microsoft][ODBC Driver 18 for SQL Server][SQL Server]Transaction (Process ID 60) was deadlocked on lock | communication buffer resources with another process and has been chosen as the deadlock victim. Rerun the transaction. (1205) (SQLExecDirectW)')
[ERROR] 2026-06-15 10:59:07,656 directory 2202037 140317326047040 directory_save error: ('40001', '[40001] [Microsoft][ODBC Driver 18 for SQL Server][SQL Server]Transaction (Process ID 58) was deadlocked on lock | communication buffer resources with another process and has been chosen as the deadlock victim. Rerun the transaction. (1205) (SQLExecDirectW)')
[ERROR] 2026-06-15 10:59:07,854 directory 2033870 140317326047040 directory_save error: ('40001', '[40001] [Microsoft][ODBC Driver 18 for SQL Server][SQL Server]Transaction (Process ID 71) was deadlocked on lock | communication buffer resources with another process and has been chosen as the deadlock victim. Rerun the transaction. (1205) (SQLExecDirectW)')
[ERROR] 2026-06-15 10:59:08,267 directory 2033869 140317326047040 directory_save error: ('40001', '[40001] [Microsoft][ODBC Driver 18 for SQL Server][SQL Server]Transaction (Process ID 79) was deadlocked on lock | communication buffer resources with another process and has been chosen as the deadlock victim. Rerun the transaction. (1205) (SQLExecDirectW)')
[ERROR] 2026-06-15 10:59:08,661 directory 2033871 140317326047040 directory_save error: ('40001', '[40001] [Microsoft][ODBC Driver 18 for SQL Server][SQL Server]Transaction (Process ID 61) was deadlocked on lock | communication buffer resources with another process and has been chosen as the deadlock victim. Rerun the transaction. (1205) (SQLExecDirectW)')
[ERROR] 2026-06-15 10:59:08,901 directory 2033866 140317326047040 directory_save error: ('40001', '[40001] [Microsoft][ODBC Driver 18 for SQL Server][SQL Server]Transaction (Process ID 60) was deadlocked on lock | communication buffer resources with another process and has been chosen as the deadlock victim. Rerun the transaction. (1205) (SQLExecDirectW)')
[ERROR] 2026-06-15 10:59:09,221 directory 2202037 140317326047040 directory_save error: ('40001', '[40001] [Microsoft][ODBC Driver 18 for SQL Server][SQL Server]Transaction (Process ID 58) was deadlocked on lock | communication buffer resources with another process and has been chosen as the deadlock victim. Rerun the transaction. (1205) (SQLExecDirectW)')
[ERROR] 2026-06-15 10:59:09,464 directory 2033870 140317326047040 directory_save error: ('40001', '[40001] [Microsoft][ODBC Driver 18 for SQL Server][SQL Server]Transaction (Process ID 71) was deadlocked on lock | communication buffer resources with another process and has been chosen as the deadlock victim. Rerun the transaction. (1205) (SQLExecDirectW)')
[ERROR] 2026-06-15 10:59:09,648 directory 2033867 140317326047040 directory_save error: ('40001', '[40001] [Microsoft][ODBC Driver 18 for SQL Server][SQL Server]Transaction (Process ID 57) was deadlocked on lock | communication buffer resources with another process and has been chosen as the deadlock victim. Rerun the transaction. (1205) (SQLExecDirectW)')
[ERROR] 2026-06-15 10:59:10,074 directory 2033869 140317326047040 directory_save error: ('40001', '[40001] [Microsoft][ODBC Driver 18 for SQL Server][SQL Server]Transaction (Process ID 79) was deadlocked on lock | communication buffer resources with another process and has been chosen as the deadlock victim. Rerun the transaction. (1205) (SQLExecDirectW)')
[ERROR] 2026-06-15 10:59:10,396 directory 2033871 140317326047040 directory_save error: ('40001', '[40001] [Microsoft][ODBC Driver 18 for SQL Server][SQL Server]Transaction (Process ID 61) was deadlocked on lock | communication buffer resources with another process and has been chosen as the deadlock victim. Rerun the transaction. (1205) (SQLExecDirectW)')
[ERROR] 2026-06-15 10:59:10,821 directory 2033866 140317326047040 directory_save error: ('40001', '[40001] [Microsoft][ODBC Driver 18 for SQL Server][SQL Server]Transaction (Process ID 60) was deadlocked on lock | communication buffer resources with another process and has been chosen as the deadlock victim. Rerun the transaction. (1205) (SQLExecDirectW)')
[ERROR] 2026-06-15 10:59:11,187 directory 2033870 140317326047040 directory_save error: ('40001', '[40001] [Microsoft][ODBC Driver 18 for SQL Server][SQL Server]Transaction (Process ID 71) was deadlocked on lock | communication buffer resources with another process and has been chosen as the deadlock victim. Rerun the transaction. (1205) (SQLExecDirectW)')
[ERROR] 2026-06-15 10:59:11,443 directory 2033867 140317326047040 directory_save error: ('40001', '[40001] [Microsoft][ODBC Driver 18 for SQL Server][SQL Server]Transaction (Process ID 57) was deadlocked on lock | communication buffer resources with another process and has been chosen as the deadlock victim. Rerun the transaction. (1205) (SQLExecDirectW)')
[ERROR] 2026-06-15 10:59:11,686 directory 2202037 140317326047040 directory_save error: ('40001', '[40001] [Microsoft][ODBC Driver 18 for SQL Server][SQL Server]Transaction (Process ID 58) was deadlocked on lock | communication buffer resources with another process and has been chosen as the deadlock victim. Rerun the transaction. (1205) (SQLExecDirectW)')
[ERROR] 2026-06-15 10:59:28,247 directory 2202037 140317326047040 directory_save error: ('40001', '[40001] [Microsoft][ODBC Driver 18 for SQL Server][SQL Server]Transaction (Process ID 58) was deadlocked on lock | communication buffer resources with another process and has been chosen as the deadlock victim. Rerun the transaction. (1205) (SQLExecDirectW)')
[ERROR] 2026-06-15 11:11:08,740 directory 2033870 140317326047040 directory_save error: ('40001', '[40001] [Microsoft][ODBC Driver 18 for SQL Server][SQL Server]Transaction (Process ID 62) was deadlocked on lock | communication buffer resources with another process and has been chosen as the deadlock victim. Rerun the transaction. (1205) (SQLExecDirectW)')
[ERROR] 2026-06-15 11:24:42,095 directory 2033872 140317326047040 directory_save error: ('40001', '[40001] [Microsoft][ODBC Driver 18 for SQL Server][SQL Server]Transaction (Process ID 58) was deadlocked on lock | communication buffer resources with another process and has been chosen as the deadlock victim. Rerun the transaction. (1205) (SQLExecDirectW)')
[ERROR] 2026-06-15 13:27:04,365 directory 2226362 139919063037760 directory_save error: ('40001', '[40001] [Microsoft][ODBC Driver 18 for SQL Server][SQL Server]Transaction (Process ID 57) was deadlocked on lock | communication buffer resources with another process and has been chosen as the deadlock victim. Rerun the transaction. (1205) (SQLExecDirectW)')
[ERROR] 2026-06-15 13:29:57,023 directory 2226361 139919063037760 directory_save error: ('40001', '[40001] [Microsoft][ODBC Driver 18 for SQL Server][SQL Server]Transaction (Process ID 58) was deadlocked on lock | communication buffer resources with another process and has been chosen as the deadlock victim. Rerun the transaction. (1205) (SQLExecDirectW)')
[ERROR] 2026-06-15 13:59:39,844 directory 2226361 139919063037760 directory_save error: ('40001', '[40001] [Microsoft][ODBC Driver 18 for SQL Server][SQL Server]Transaction (Process ID 57) was deadlocked on lock | communication buffer resources with another process and has been chosen as the deadlock victim. Rerun the transaction. (1205) (SQLExecDirectW)')
[ERROR] 2026-06-16 08:50:58,587 log 2034170 139799253874368 Invalid HTTP_HOST header: 'oast.pro'. You may need to add 'oast.pro' to ALLOWED_HOSTS.
Traceback (most recent call last):
  File "/home/hsy/miniconda3/envs/django_env/lib/python3.11/site-packages/django/core/handlers/exception.py", line 55, in inner
    response = get_response(request)
               ^^^^^^^^^^^^^^^^^^^^^
  File "/home/hsy/miniconda3/envs/django_env/lib/python3.11/site-packages/django/utils/deprecation.py", line 119, in __call__
    response = self.process_request(request)
               ^^^^^^^^^^^^^^^^^^^^^^^^^^^^^
  File "/home/hsy/miniconda3/envs/django_env/lib/python3.11/site-packages/django/middleware/common.py", line 48, in process_request
    host = request.get_host()
           ^^^^^^^^^^^^^^^^^^
  File "/home/hsy/miniconda3/envs/django_env/lib/python3.11/site-packages/django/http/request.py", line 202, in get_host
    raise DisallowedHost(msg)
django.core.exceptions.DisallowedHost: Invalid HTTP_HOST header: 'oast.pro'. You may need to add 'oast.pro' to ALLOWED_HOSTS.
[ERROR] 2026-06-16 08:50:58,891 log 2034170 139799253874368 Invalid HTTP_HOST header: 'oast.pro'. You may need to add 'oast.pro' to ALLOWED_HOSTS.
Traceback (most recent call last):
  File "/home/hsy/miniconda3/envs/django_env/lib/python3.11/site-packages/django/core/handlers/exception.py", line 55, in inner
    response = get_response(request)
               ^^^^^^^^^^^^^^^^^^^^^
  File "/home/hsy/miniconda3/envs/django_env/lib/python3.11/site-packages/django/utils/deprecation.py", line 119, in __call__
    response = self.process_request(request)
               ^^^^^^^^^^^^^^^^^^^^^^^^^^^^^
  File "/home/hsy/miniconda3/envs/django_env/lib/python3.11/site-packages/django/middleware/common.py", line 48, in process_request
    host = request.get_host()
           ^^^^^^^^^^^^^^^^^^
  File "/home/hsy/miniconda3/envs/django_env/lib/python3.11/site-packages/django/http/request.py", line 202, in get_host
    raise DisallowedHost(msg)
django.core.exceptions.DisallowedHost: Invalid HTTP_HOST header: 'oast.pro'. You may need to add 'oast.pro' to ALLOWED_HOSTS.
[ERROR] 2026-06-16 08:51:09,492 log 2034170 139799253874368 Invalid HTTP_HOST header: 'oast.pro'. You may need to add 'oast.pro' to ALLOWED_HOSTS.
Traceback (most recent call last):
  File "/home/hsy/miniconda3/envs/django_env/lib/python3.11/site-packages/django/core/handlers/exception.py", line 55, in inner
    response = get_response(request)
               ^^^^^^^^^^^^^^^^^^^^^
  File "/home/hsy/miniconda3/envs/django_env/lib/python3.11/site-packages/django/utils/deprecation.py", line 119, in __call__
    response = self.process_request(request)
               ^^^^^^^^^^^^^^^^^^^^^^^^^^^^^
  File "/home/hsy/miniconda3/envs/django_env/lib/python3.11/site-packages/django/middleware/common.py", line 48, in process_request
    host = request.get_host()
           ^^^^^^^^^^^^^^^^^^
  File "/home/hsy/miniconda3/envs/django_env/lib/python3.11/site-packages/django/http/request.py", line 202, in get_host
    raise DisallowedHost(msg)
django.core.exceptions.DisallowedHost: Invalid HTTP_HOST header: 'oast.pro'. You may need to add 'oast.pro' to ALLOWED_HOSTS.
[ERROR] 2026-06-16 09:17:06,009 directory 2226361 139919063037760 directory_save error: ('40001', '[40001] [Microsoft][ODBC Driver 18 for SQL Server][SQL Server]Transaction (Process ID 55) was deadlocked on lock | communication buffer resources with another process and has been chosen as the deadlock victim. Rerun the transaction. (1205) (SQLExecDirectW)')
[ERROR] 2026-06-16 09:17:11,104 directory 2226360 139919063037760 directory_save error: ('40001', '[40001] [Microsoft][ODBC Driver 18 for SQL Server][SQL Server]Transaction (Process ID 53) was deadlocked on lock | communication buffer resources with another process and has been chosen as the deadlock victim. Rerun the transaction. (1205) (SQLExecDirectW)')
[ERROR] 2026-06-16 10:22:48,436 directory 2226359 139919063037760 directory_save error: ('40001', '[40001] [Microsoft][ODBC Driver 18 for SQL Server][SQL Server]Transaction (Process ID 53) was deadlocked on lock resources with another process and has been chosen as the deadlock victim. Rerun the transaction. (1205) (SQLExecDirectW)')
[ERROR] 2026-06-16 15:07:48,946 auth 2226361 139919063037760 保存用户信息失败: {'id_card': ['请输入有效的身份证号']}
[ERROR] 2026-06-16 15:12:06,731 directory 2226364 139919063037760 directory_save error: ('40001', '[40001] [Microsoft][ODBC Driver 18 for SQL Server][SQL Server]Transaction (Process ID 53) was deadlocked on lock | communication buffer resources with another process and has been chosen as the deadlock victim. Rerun the transaction. (1205) (SQLExecDirectW)')
[ERROR] 2026-06-16 15:43:59,753 directory 2226365 139919063037760 directory_save error: ('40001', '[40001] [Microsoft][ODBC Driver 18 for SQL Server][SQL Server]Transaction (Process ID 53) was deadlocked on lock resources with another process and has been chosen as the deadlock victim. Rerun the transaction. (1205) (SQLExecDirectW)')
[ERROR] 2026-06-16 15:44:12,334 directory 2226364 139919063037760 directory_save error: ('40001', '[40001] [Microsoft][ODBC Driver 18 for SQL Server][SQL Server]Transaction (Process ID 56) was deadlocked on lock | communication buffer resources with another process and has been chosen as the deadlock victim. Rerun the transaction. (1205) (SQLExecDirectW)')
[ERROR] 2026-06-16 15:44:39,850 directory 2226359 139919063037760 directory_save error: ('40001', '[40001] [Microsoft][ODBC Driver 18 for SQL Server][SQL Server]Transaction (Process ID 57) was deadlocked on lock | communication buffer resources with another process and has been chosen as the deadlock victim. Rerun the transaction. (1205) (SQLExecDirectW)')
[ERROR] 2026-06-16 15:45:17,480 directory 2226366 139919063037760 directory_save error: ('40001', '[40001] [Microsoft][ODBC Driver 18 for SQL Server][SQL Server]Transaction (Process ID 60) was deadlocked on lock | communication buffer resources with another process and has been chosen as the deadlock victim. Rerun the transaction. (1205) (SQLExecDirectW)')
[ERROR] 2026-06-16 15:45:22,620 directory 2226364 139919063037760 directory_save error: ('40001', '[40001] [Microsoft][ODBC Driver 18 for SQL Server][SQL Server]Transaction (Process ID 56) was deadlocked on lock | communication buffer resources with another process and has been chosen as the deadlock victim. Rerun the transaction. (1205) (SQLExecDirectW)')
[ERROR] 2026-06-16 15:45:25,211 directory 2226363 139919063037760 directory_save error: ('40001', '[40001] [Microsoft][ODBC Driver 18 for SQL Server][SQL Server]Transaction (Process ID 58) was deadlocked on lock | communication buffer resources with another process and has been chosen as the deadlock victim. Rerun the transaction. (1205) (SQLExecDirectW)')
[ERROR] 2026-06-16 16:16:11,244 directory 2226359 139919063037760 directory_save error: ('40001', '[40001] [Microsoft][ODBC Driver 18 for SQL Server][SQL Server]Transaction (Process ID 57) was deadlocked on lock | communication buffer resources with another process and has been chosen as the deadlock victim. Rerun the transaction. (1205) (SQLExecDirectW)')
[ERROR] 2026-06-16 16:18:53,857 directory 2226360 139919063037760 directory_save error: ('40001', '[40001] [Microsoft][ODBC Driver 18 for SQL Server][SQL Server]Transaction (Process ID 53) was deadlocked on lock | communication buffer resources with another process and has been chosen as the deadlock victim. Rerun the transaction. (1205) (SQLExecDirectW)')
[ERROR] 2026-06-16 16:24:41,631 directory 2226362 139919063037760 directory_save error: ('40001', '[40001] [Microsoft][ODBC Driver 18 for SQL Server][SQL Server]Transaction (Process ID 55) was deadlocked on lock | communication buffer resources with another process and has been chosen as the deadlock victim. Rerun the transaction. (1205) (SQLExecDirectW)')
[ERROR] 2026-06-17 08:51:53,532 log 2034170 139799028557504 Internal Server Error: /tools/api/media/list/
Traceback (most recent call last):
  File "/home/hsy/miniconda3/envs/django_env/lib/python3.11/site-packages/django/db/backends/utils.py", line 105, in _execute
    return self.cursor.execute(sql, params)
           ^^^^^^^^^^^^^^^^^^^^^^^^^^^^^^^^
  File "/home/hsy/miniconda3/envs/django_env/lib/python3.11/site-packages/django/db/backends/mysql/base.py", line 76, in execute
    return self.cursor.execute(query, args)
           ^^^^^^^^^^^^^^^^^^^^^^^^^^^^^^^^
  File "/home/hsy/miniconda3/envs/django_env/lib/python3.11/site-packages/MySQLdb/cursors.py", line 179, in execute
    res = self._query(mogrified_query)
          ^^^^^^^^^^^^^^^^^^^^^^^^^^^^
  File "/home/hsy/miniconda3/envs/django_env/lib/python3.11/site-packages/MySQLdb/cursors.py", line 330, in _query
    db.query(q)
  File "/home/hsy/miniconda3/envs/django_env/lib/python3.11/site-packages/MySQLdb/connections.py", line 286, in query
    _mysql.connection.query(self, query)
MySQLdb.OperationalError: (1054, "Unknown column 'Director' in 'where clause'")

The above exception was the direct cause of the following exception:

Traceback (most recent call last):
  File "/home/hsy/miniconda3/envs/django_env/lib/python3.11/site-packages/django/core/handlers/exception.py", line 55, in inner
    response = get_response(request)
               ^^^^^^^^^^^^^^^^^^^^^
  File "/home/hsy/miniconda3/envs/django_env/lib/python3.11/site-packages/django/core/handlers/base.py", line 197, in _get_response
    response = wrapped_callback(request, *callback_args, **callback_kwargs)
               ^^^^^^^^^^^^^^^^^^^^^^^^^^^^^^^^^^^^^^^^^^^^^^^^^^^^^^^^^^^^
  File "/home/hsy/myedu/main/views/tools/mediaplayer.py", line 91, in list_api
    cursor.execute(f"SELECT COUNT(*) FROM {table} {where}", params)
  File "/home/hsy/miniconda3/envs/django_env/lib/python3.11/site-packages/django/db/backends/utils.py", line 122, in execute
    return super().execute(sql, params)
           ^^^^^^^^^^^^^^^^^^^^^^^^^^^^
  File "/home/hsy/miniconda3/envs/django_env/lib/python3.11/site-packages/django/db/backends/utils.py", line 79, in execute
    return self._execute_with_wrappers(
           ^^^^^^^^^^^^^^^^^^^^^^^^^^^^
  File "/home/hsy/miniconda3/envs/django_env/lib/python3.11/site-packages/django/db/backends/utils.py", line 92, in _execute_with_wrappers
    return executor(sql, params, many, context)
           ^^^^^^^^^^^^^^^^^^^^^^^^^^^^^^^^^^^^
  File "/home/hsy/miniconda3/envs/django_env/lib/python3.11/site-packages/django/db/backends/utils.py", line 100, in _execute
    with self.db.wrap_database_errors:
  File "/home/hsy/miniconda3/envs/django_env/lib/python3.11/site-packages/django/db/utils.py", line 91, in __exit__
    raise dj_exc_value.with_traceback(traceback) from exc_value
  File "/home/hsy/miniconda3/envs/django_env/lib/python3.11/site-packages/django/db/backends/utils.py", line 105, in _execute
    return self.cursor.execute(sql, params)
           ^^^^^^^^^^^^^^^^^^^^^^^^^^^^^^^^
  File "/home/hsy/miniconda3/envs/django_env/lib/python3.11/site-packages/django/db/backends/mysql/base.py", line 76, in execute
    return self.cursor.execute(query, args)
           ^^^^^^^^^^^^^^^^^^^^^^^^^^^^^^^^
  File "/home/hsy/miniconda3/envs/django_env/lib/python3.11/site-packages/MySQLdb/cursors.py", line 179, in execute
    res = self._query(mogrified_query)
          ^^^^^^^^^^^^^^^^^^^^^^^^^^^^
  File "/home/hsy/miniconda3/envs/django_env/lib/python3.11/site-packages/MySQLdb/cursors.py", line 330, in _query
    db.query(q)
  File "/home/hsy/miniconda3/envs/django_env/lib/python3.11/site-packages/MySQLdb/connections.py", line 286, in query
    _mysql.connection.query(self, query)
django.db.utils.OperationalError: (1054, "Unknown column 'Director' in 'where clause'")
[ERROR] 2026-06-17 10:15:11,817 directory 2331844 140604010125120 directory_save error: ('40001', '[40001] [Microsoft][ODBC Driver 18 for SQL Server][SQL Server]Transaction (Process ID 53) was deadlocked on lock | communication buffer resources with another process and has been chosen as the deadlock victim. Rerun the transaction. (1205) (SQLExecDirectW)')
[ERROR] 2026-06-17 14:08:12,761 directory 2331842 140604010125120 directory_save error: ('40001', '[40001] [Microsoft][ODBC Driver 18 for SQL Server][SQL Server]Transaction (Process ID 58) was deadlocked on lock | communication buffer resources with another process and has been chosen as the deadlock victim. Rerun the transaction. (1205) (SQLExecDirectW)')
[ERROR] 2026-06-17 14:08:15,392 directory 2331843 140604010125120 directory_save error: ('40001', '[40001] [Microsoft][ODBC Driver 18 for SQL Server][SQL Server]Transaction (Process ID 55) was deadlocked on lock | communication buffer resources with another process and has been chosen as the deadlock victim. Rerun the transaction. (1205) (SQLExecDirectW)')
[ERROR] 2026-06-17 14:08:18,166 directory 2331846 140604010125120 directory_save error: ('40001', '[40001] [Microsoft][ODBC Driver 18 for SQL Server][SQL Server]Transaction (Process ID 60) was deadlocked on lock | communication buffer resources with another process and has been chosen as the deadlock victim. Rerun the transaction. (1205) (SQLExecDirectW)')
[ERROR] 2026-06-17 14:08:18,346 directory 2331844 140604010125120 directory_save error: ('40001', '[40001] [Microsoft][ODBC Driver 18 for SQL Server][SQL Server]Transaction (Process ID 54) was deadlocked on lock | communication buffer resources with another process and has been chosen as the deadlock victim. Rerun the transaction. (1205) (SQLExecDirectW)')
[ERROR] 2026-06-17 14:08:29,916 directory 2331842 140604010125120 directory_save error: ('40001', '[40001] [Microsoft][ODBC Driver 18 for SQL Server][SQL Server]Transaction (Process ID 53) was deadlocked on lock resources with another process and has been chosen as the deadlock victim. Rerun the transaction. (1205) (SQLExecDirectW)')
[ERROR] 2026-06-17 14:08:42,482 directory 2331841 140604010125120 directory_save error: ('40001', '[40001] [Microsoft][ODBC Driver 18 for SQL Server][SQL Server]Transaction (Process ID 52) was deadlocked on lock | communication buffer resources with another process and has been chosen as the deadlock victim. Rerun the transaction. (1205) (SQLExecDirectW)')
[ERROR] 2026-06-17 14:08:47,649 directory 2331846 140604010125120 directory_save error: ('40001', '[40001] [Microsoft][ODBC Driver 18 for SQL Server][SQL Server]Transaction (Process ID 60) was deadlocked on lock | communication buffer resources with another process and has been chosen as the deadlock victim. Rerun the transaction. (1205) (SQLExecDirectW)')
[ERROR] 2026-06-17 14:08:50,273 directory 2331845 140604010125120 directory_save error: ('40001', '[40001] [Microsoft][ODBC Driver 18 for SQL Server][SQL Server]Transaction (Process ID 57) was deadlocked on lock | communication buffer resources with another process and has been chosen as the deadlock victim. Rerun the transaction. (1205) (SQLExecDirectW)')
[ERROR] 2026-06-17 14:08:52,213 directory 2331845 140604010125120 directory_save error: ('40001', '[40001] [Microsoft][ODBC Driver 18 for SQL Server][SQL Server]Transaction (Process ID 57) was deadlocked on lock | communication buffer resources with another process and has been chosen as the deadlock victim. Rerun the transaction. (1205) (SQLExecDirectW)')
[ERROR] 2026-06-17 14:39:53,131 directory 2331841 140604010125120 directory_save error: ('40001', '[40001] [Microsoft][ODBC Driver 18 for SQL Server][SQL Server]Transaction (Process ID 52) was deadlocked on lock resources with another process and has been chosen as the deadlock victim. Rerun the transaction. (1205) (SQLExecDirectW)')
[ERROR] 2026-06-17 14:41:10,710 directory 2331842 140604010125120 directory_save error: ('40001', '[40001] [Microsoft][ODBC Driver 18 for SQL Server][SQL Server]Transaction (Process ID 53) was deadlocked on lock | communication buffer resources with another process and has been chosen as the deadlock victim. Rerun the transaction. (1205) (SQLExecDirectW)')
[ERROR] 2026-06-17 14:45:33,346 directory 2331844 140604010125120 directory_save error: ('40001', '[40001] [Microsoft][ODBC Driver 18 for SQL Server][SQL Server]Transaction (Process ID 54) was deadlocked on lock | communication buffer resources with another process and has been chosen as the deadlock victim. Rerun the transaction. (1205) (SQLExecDirectW)')
[ERROR] 2026-06-17 15:53:01,525 directory 2331845 140604010125120 directory_save error: ('40001', '[40001] [Microsoft][ODBC Driver 18 for SQL Server][SQL Server]Transaction (Process ID 58) was deadlocked on lock | communication buffer resources with another process and has been chosen as the deadlock victim. Rerun the transaction. (1205) (SQLExecDirectW)')
[ERROR] 2026-06-18 17:43:29,181 archive_tree 2441879 139694423357248 archive_tree error: ('HYT00', '[HYT00] [Microsoft][ODBC Driver 18 for SQL Server]Query timeout expired (0) (SQLExecDirectW)')
[ERROR] 2026-06-18 17:43:31,225 archive_tree 2441883 139694423357248 archive_tree error: ('HYT00', '[HYT00] [Microsoft][ODBC Driver 18 for SQL Server]Query timeout expired (0) (SQLExecDirectW)')
[ERROR] 2026-06-18 17:43:31,777 archive_tree 2441884 139694423357248 archive_tree error: ('HYT00', '[HYT00] [Microsoft][ODBC Driver 18 for SQL Server]Query timeout expired (0) (SQLExecDirectW)')
[ERROR] 2026-06-18 17:43:32,301 archive_tree 2441882 139694423357248 archive_tree error: ('HYT00', '[HYT00] [Microsoft][ODBC Driver 18 for SQL Server]Query timeout expired (0) (SQLExecDirectW)')
[ERROR] 2026-06-18 17:43:32,853 archive_tree 2441878 139694423357248 archive_tree error: ('HYT00', '[HYT00] [Microsoft][ODBC Driver 18 for SQL Server]Query timeout expired (0) (SQLExecDirectW)')
[ERROR] 2026-06-18 17:43:33,426 archive_tree 2441881 139694423357248 archive_tree error: ('HYT00', '[HYT00] [Microsoft][ODBC Driver 18 for SQL Server]Query timeout expired (0) (SQLExecDirectW)')
[ERROR] 2026-06-18 17:43:34,741 archive_tree 2441885 139694423357248 archive_tree error: ('HYT00', '[HYT00] [Microsoft][ODBC Driver 18 for SQL Server]Query timeout expired (0) (SQLExecDirectW)')
[ERROR] 2026-06-18 17:44:34,897 archive_tree 2441879 139694423357248 archive_tree error: ('HYT00', '[HYT00] [Microsoft][ODBC Driver 18 for SQL Server]Query timeout expired (0) (SQLExecDirectW)')
[ERROR] 2026-06-18 17:44:35,649 archive_tree 2441881 139694423357248 archive_tree error: ('HYT00', '[HYT00] [Microsoft][ODBC Driver 18 for SQL Server]Query timeout expired (0) (SQLExecDirectW)')
[ERROR] 2026-06-18 17:46:02,738 archive_tree 2441878 139694423357248 archive_tree error: ('HYT00', '[HYT00] [Microsoft][ODBC Driver 18 for SQL Server]Query timeout expired (0) (SQLExecDirectW)')
[ERROR] 2026-06-18 17:46:04,032 archive_tree 2441880 139694423357248 archive_tree error: ('HYT00', '[HYT00] [Microsoft][ODBC Driver 18 for SQL Server]Query timeout expired (0) (SQLExecDirectW)')
[ERROR] 2026-06-18 17:49:06,637 archive_tree 2441883 139694423357248 archive_tree error: ('HYT00', '[HYT00] [Microsoft][ODBC Driver 18 for SQL Server]Query timeout expired (0) (SQLExecDirectW)')
[ERROR] 2026-06-18 17:49:07,669 archive_tree 2441881 139694423357248 archive_tree error: ('HYT00', '[HYT00] [Microsoft][ODBC Driver 18 for SQL Server]Query timeout expired (0) (SQLExecDirectW)')
[ERROR] 2026-06-18 17:49:08,389 archive_tree 2441879 139694423357248 archive_tree error: ('HYT00', '[HYT00] [Microsoft][ODBC Driver 18 for SQL Server]Query timeout expired (0) (SQLExecDirectW)')
[ERROR] 2026-06-18 17:49:09,021 archive_tree 2441880 139694423357248 archive_tree error: ('HYT00', '[HYT00] [Microsoft][ODBC Driver 18 for SQL Server]Query timeout expired (0) (SQLExecDirectW)')
[ERROR] 2026-06-18 17:49:09,841 archive_tree 2463168 139694423357248 archive_tree error: ('HYT00', '[HYT00] [Microsoft][ODBC Driver 18 for SQL Server]Query timeout expired (0) (SQLExecDirectW)')
[ERROR] 2026-06-18 17:49:23,833 archive_tree 2441885 139694423357248 archive_tree error: ('HYT00', '[HYT00] [Microsoft][ODBC Driver 18 for SQL Server]Query timeout expired (0) (SQLExecDirectW)')
[ERROR] 2026-06-18 17:49:24,593 archive_tree 2463008 139694423357248 archive_tree error: ('HYT00', '[HYT00] [Microsoft][ODBC Driver 18 for SQL Server]Query timeout expired (0) (SQLExecDirectW)')
[ERROR] 2026-06-18 18:18:31,409 log 2463820 140323585644352 Internal Server Error: /api/login/
Traceback (most recent call last):
  File "/home/hsy/miniconda3/envs/django_env/lib/python3.11/site-packages/django/core/handlers/exception.py", line 55, in inner
    response = get_response(request)
               ^^^^^^^^^^^^^^^^^^^^^
  File "/home/hsy/miniconda3/envs/django_env/lib/python3.11/site-packages/django/core/handlers/base.py", line 197, in _get_response
    response = wrapped_callback(request, *callback_args, **callback_kwargs)
               ^^^^^^^^^^^^^^^^^^^^^^^^^^^^^^^^^^^^^^^^^^^^^^^^^^^^^^^^^^^^
  File "/home/hsy/miniconda3/envs/django_env/lib/python3.11/site-packages/django/views/decorators/csrf.py", line 65, in _view_wrapper
    return view_func(request, *args, **kwargs)
           ^^^^^^^^^^^^^^^^^^^^^^^^^^^^^^^^^^^
  File "/home/hsy/myedu/main/system_admin/auth.py", line 507, in login_api
    data = json.loads(request.body)
           ^^^^^^^^^^^^^^^^^^^^^^^^
  File "/home/hsy/miniconda3/envs/django_env/lib/python3.11/json/__init__.py", line 346, in loads
    return _default_decoder.decode(s)
           ^^^^^^^^^^^^^^^^^^^^^^^^^^
  File "/home/hsy/miniconda3/envs/django_env/lib/python3.11/json/decoder.py", line 337, in decode
    obj, end = self.raw_decode(s, idx=_w(s, 0).end())
               ^^^^^^^^^^^^^^^^^^^^^^^^^^^^^^^^^^^^^^
  File "/home/hsy/miniconda3/envs/django_env/lib/python3.11/json/decoder.py", line 355, in raw_decode
    raise JSONDecodeError("Expecting value", s, err.value) from None
json.decoder.JSONDecodeError: Expecting value: line 1 column 1 (char 0)
[ERROR] 2026-06-21 13:33:49,012 scan_upload 2643280 139861310531392 上传扫描件失败: name '_AES_KEY' is not defined
[ERROR] 2026-06-21 13:33:49,016 scan_upload 2643283 139861310531392 上传扫描件失败: name '_AES_KEY' is not defined
[ERROR] 2026-06-21 13:33:49,083 scan_upload 2643280 139861310531392 上传扫描件失败: name '_AES_KEY' is not defined
[ERROR] 2026-06-21 13:33:49,231 scan_upload 2643285 139861310531392 上传扫描件失败: name '_AES_KEY' is not defined
[ERROR] 2026-06-22 20:23:49,423 scan_upload 2710837 140422725723968 上传扫描件失败: name 'settings' is not defined
[ERROR] 2026-06-22 20:50:46,489 scan_upload 2712231 140348124231488 上传扫描件失败: name 'settings' is not defined
[ERROR] 2026-06-22 20:51:01,406 scan_upload 2712229 140348124231488 上传扫描件失败: name 'settings' is not defined
[ERROR] 2026-06-22 20:51:43,829 scan_upload 2712232 140348124231488 上传扫描件失败: name 'settings' is not defined
[ERROR] 2026-06-23 08:30:46,224 directory 2713315 139853404632896 directory_save error: ('40001', '[40001] [Microsoft][ODBC Driver 18 for SQL Server][SQL Server]Transaction (Process ID 55) was deadlocked on lock | communication buffer resources with another process and has been chosen as the deadlock victim. Rerun the transaction. (1205) (SQLExecDirectW)')
[ERROR] 2026-06-23 08:30:51,430 directory 2713316 139853404632896 directory_save error: ('40001', '[40001] [Microsoft][ODBC Driver 18 for SQL Server][SQL Server]Transaction (Process ID 53) was deadlocked on lock resources with another process and has been chosen as the deadlock victim. Rerun the transaction. (1205) (SQLExecDirectW)')
[ERROR] 2026-06-23 08:30:54,249 directory 2713318 139853404632896 directory_save error: ('40001', '[40001] [Microsoft][ODBC Driver 18 for SQL Server][SQL Server]Transaction (Process ID 56) was deadlocked on lock | communication buffer resources with another process and has been chosen as the deadlock victim. Rerun the transaction. (1205) (SQLExecDirectW)')
[ERROR] 2026-06-23 08:30:55,574 directory 2713322 139853404632896 directory_save error: ('40001', '[40001] [Microsoft][ODBC Driver 18 for SQL Server][SQL Server]Transaction (Process ID 58) was deadlocked on lock | communication buffer resources with another process and has been chosen as the deadlock victim. Rerun the transaction. (1205) (SQLExecDirectW)')
[ERROR] 2026-06-23 09:51:11,816 directory 2713318 139853404632896 directory_save error: ('40001', '[40001] [Microsoft][ODBC Driver 18 for SQL Server][SQL Server]Transaction (Process ID 63) was deadlocked on lock resources with another process and has been chosen as the deadlock victim. Rerun the transaction. (1205) (SQLExecDirectW)')
[ERROR] 2026-06-23 10:02:54,840 directory 2713316 139853404632896 directory_save error: ('40001', '[40001] [Microsoft][ODBC Driver 18 for SQL Server][SQL Server]Transaction (Process ID 53) was deadlocked on lock resources with another process and has been chosen as the deadlock victim. Rerun the transaction. (1205) (SQLExecDirectW)')
[ERROR] 2026-06-23 10:10:47,576 directory 2713319 139853404632896 directory_save error: ('40001', '[40001] [Microsoft][ODBC Driver 18 for SQL Server][SQL Server]Transaction (Process ID 54) was deadlocked on lock | communication buffer resources with another process and has been chosen as the deadlock victim. Rerun the transaction. (1205) (SQLExecDirectW)')
[ERROR] 2026-06-23 10:28:05,226 salary 2713322 139853404632896 保存失败: ('40001', '[40001] [Microsoft][ODBC Driver 18 for SQL Server][SQL Server]Transaction (Process ID 60) was deadlocked on lock resources with another process and has been chosen as the deadlock victim. Rerun the transaction. (1205) (SQLExecDirectW)')
[ERROR] 2026-06-23 11:05:53,316 directory 2713316 139853404632896 directory_save error: ('40001', '[40001] [Microsoft][ODBC Driver 18 for SQL Server][SQL Server]Transaction (Process ID 53) was deadlocked on lock | communication buffer resources with another process and has been chosen as the deadlock victim. Rerun the transaction. (1205) (SQLExecDirectW)')
[ERROR] 2026-06-23 11:07:11,030 directory 2713320 139853404632896 directory_save error: ('40001', '[40001] [Microsoft][ODBC Driver 18 for SQL Server][SQL Server]Transaction (Process ID 51) was deadlocked on lock | communication buffer resources with another process and has been chosen as the deadlock victim. Rerun the transaction. (1205) (SQLExecDirectW)')
[ERROR] 2026-06-23 11:08:49,100 salary 2713315 139853404632896 工资查询失败: ('40001', '[40001] [Microsoft][ODBC Driver 18 for SQL Server][SQL Server]Transaction (Process ID 52) was deadlocked on lock | communication buffer resources with another process and has been chosen as the deadlock victim. Rerun the transaction. (1205) (SQLExecDirectW)')
[ERROR] 2026-06-23 11:08:52,986 directory 2713321 139853404632896 directory_save error: ('40001', '[40001] [Microsoft][ODBC Driver 18 for SQL Server][SQL Server]Transaction (Process ID 60) was deadlocked on lock | communication buffer resources with another process and has been chosen as the deadlock victim. Rerun the transaction. (1205) (SQLExecDirectW)')
[ERROR] 2026-06-23 11:09:08,679 directory 2713320 139853404632896 directory_save error: ('40001', '[40001] [Microsoft][ODBC Driver 18 for SQL Server][SQL Server]Transaction (Process ID 58) was deadlocked on lock | communication buffer resources with another process and has been chosen as the deadlock victim. Rerun the transaction. (1205) (SQLExecDirectW)')
[ERROR] 2026-06-23 11:09:51,277 directory 2713321 139853404632896 directory_save error: ('40001', '[40001] [Microsoft][ODBC Driver 18 for SQL Server][SQL Server]Transaction (Process ID 54) was deadlocked on lock | communication buffer resources with another process and has been chosen as the deadlock victim. Rerun the transaction. (1205) (SQLExecDirectW)')
[ERROR] 2026-06-23 11:17:13,954 directory 2713321 139853404632896 directory_save error: ('40001', '[40001] [Microsoft][ODBC Driver 18 for SQL Server][SQL Server]Transaction (Process ID 56) was deadlocked on lock resources with another process and has been chosen as the deadlock victim. Rerun the transaction. (1205) (SQLExecDirectW)')
[ERROR] 2026-06-23 11:29:56,596 directory 2713316 139853404632896 directory_save error: ('40001', '[40001] [Microsoft][ODBC Driver 18 for SQL Server][SQL Server]Transaction (Process ID 55) was deadlocked on lock | communication buffer resources with another process and has been chosen as the deadlock victim. Rerun the transaction. (1205) (SQLExecDirectW)')
[ERROR] 2026-06-23 11:30:04,482 directory 2713320 139853404632896 directory_save error: ('40001', '[40001] [Microsoft][ODBC Driver 18 for SQL Server][SQL Server]Transaction (Process ID 58) was deadlocked on lock | communication buffer resources with another process and has been chosen as the deadlock victim. Rerun the transaction. (1205) (SQLExecDirectW)')
[ERROR] 2026-06-23 11:30:06,008 directory 2713317 139853404632896 directory_save error: ('40001', '[40001] [Microsoft][ODBC Driver 18 for SQL Server][SQL Server]Transaction (Process ID 54) was deadlocked on lock | communication buffer resources with another process and has been chosen as the deadlock victim. Rerun the transaction. (1205) (SQLExecDirectW)')
[ERROR] 2026-06-23 11:30:07,428 directory 2713318 139853404632896 directory_save error: ('40001', '[40001] [Microsoft][ODBC Driver 18 for SQL Server][SQL Server]Transaction (Process ID 51) was deadlocked on lock | communication buffer resources with another process and has been chosen as the deadlock victim. Rerun the transaction. (1205) (SQLExecDirectW)')
[ERROR] 2026-06-23 11:30:08,414 directory 2713319 139853404632896 directory_save error: ('40001', '[40001] [Microsoft][ODBC Driver 18 for SQL Server][SQL Server]Transaction (Process ID 57) was deadlocked on lock | communication buffer resources with another process and has been chosen as the deadlock victim. Rerun the transaction. (1205) (SQLExecDirectW)')
[ERROR] 2026-06-23 11:32:39,979 directory 2713316 139853404632896 directory_save error: ('40001', '[40001] [Microsoft][ODBC Driver 18 for SQL Server][SQL Server]Transaction (Process ID 51) was deadlocked on lock resources with another process and has been chosen as the deadlock victim. Rerun the transaction. (1205) (SQLExecDirectW)')
[ERROR] 2026-06-23 11:32:45,114 directory 2713320 139853404632896 directory_save error: ('40001', '[40001] [Microsoft][ODBC Driver 18 for SQL Server][SQL Server]Transaction (Process ID 58) was deadlocked on lock | communication buffer resources with another process and has been chosen as the deadlock victim. Rerun the transaction. (1205) (SQLExecDirectW)')
[ERROR] 2026-06-23 11:32:47,688 directory 2713319 139853404632896 directory_save error: ('40001', '[40001] [Microsoft][ODBC Driver 18 for SQL Server][SQL Server]Transaction (Process ID 57) was deadlocked on lock | communication buffer resources with another process and has been chosen as the deadlock victim. Rerun the transaction. (1205) (SQLExecDirectW)')
[ERROR] 2026-06-23 11:33:08,388 directory 2713315 139853404632896 directory_save error: ('40001', '[40001] [Microsoft][ODBC Driver 18 for SQL Server][SQL Server]Transaction (Process ID 56) was deadlocked on lock | communication buffer resources with another process and has been chosen as the deadlock victim. Rerun the transaction. (1205) (SQLExecDirectW)')
[ERROR] 2026-06-23 11:35:26,074 directory 2713315 139853404632896 directory_save error: ('40001', '[40001] [Microsoft][ODBC Driver 18 for SQL Server][SQL Server]Transaction (Process ID 56) was deadlocked on lock | communication buffer resources with another process and has been chosen as the deadlock victim. Rerun the transaction. (1205) (SQLExecDirectW)')
[ERROR] 2026-06-23 11:58:48,952 directory 2713319 139853404632896 directory_save error: ('40001', '[40001] [Microsoft][ODBC Driver 18 for SQL Server][SQL Server]Transaction (Process ID 58) was deadlocked on lock | communication buffer resources with another process and has been chosen as the deadlock victim. Rerun the transaction. (1205) (SQLExecDirectW)')
[ERROR] 2026-06-23 14:20:42,877 directory 2713317 139853404632896 directory_save error: ('40001', '[40001] [Microsoft][ODBC Driver 18 for SQL Server][SQL Server]Transaction (Process ID 51) was deadlocked on lock resources with another process and has been chosen as the deadlock victim. Rerun the transaction. (1205) (SQLExecDirectW)')
[ERROR] 2026-06-23 14:22:15,471 directory 2713320 139853404632896 directory_save error: ('40001', '[40001] [Microsoft][ODBC Driver 18 for SQL Server][SQL Server]Transaction (Process ID 58) was deadlocked on lock | communication buffer resources with another process and has been chosen as the deadlock victim. Rerun the transaction. (1205) (SQLExecDirectW)')
[ERROR] 2026-06-23 14:22:20,565 directory 2713316 139853404632896 directory_save error: ('40001', '[40001] [Microsoft][ODBC Driver 18 for SQL Server][SQL Server]Transaction (Process ID 55) was deadlocked on lock | communication buffer resources with another process and has been chosen as the deadlock victim. Rerun the transaction. (1205) (SQLExecDirectW)')
[ERROR] 2026-06-23 14:23:01,845 directory 2713321 139853404632896 directory_save error: ('40001', '[40001] [Microsoft][ODBC Driver 18 for SQL Server][SQL Server]Transaction (Process ID 57) was deadlocked on lock resources with another process and has been chosen as the deadlock victim. Rerun the transaction. (1205) (SQLExecDirectW)')
[ERROR] 2026-06-23 14:23:06,948 directory 2713320 139853404632896 directory_save error: ('40001', '[40001] [Microsoft][ODBC Driver 18 for SQL Server][SQL Server]Transaction (Process ID 52) was deadlocked on lock resources with another process and has been chosen as the deadlock victim. Rerun the transaction. (1205) (SQLExecDirectW)')
[ERROR] 2026-06-23 14:23:38,280 directory 2713316 139853404632896 directory_save error: ('40001', '[40001] [Microsoft][ODBC Driver 18 for SQL Server][SQL Server]Transaction (Process ID 55) was deadlocked on lock resources with another process and has been chosen as the deadlock victim. Rerun the transaction. (1205) (SQLExecDirectW)')
[ERROR] 2026-06-23 14:24:35,839 directory 2713320 139853404632896 directory_save error: ('40001', '[40001] [Microsoft][ODBC Driver 18 for SQL Server][SQL Server]Transaction (Process ID 51) was deadlocked on lock | communication buffer resources with another process and has been chosen as the deadlock victim. Rerun the transaction. (1205) (SQLExecDirectW)')
[ERROR] 2026-06-23 14:58:53,911 directory 2713319 139853404632896 directory_save error: ('40001', '[40001] [Microsoft][ODBC Driver 18 for SQL Server][SQL Server]Transaction (Process ID 60) was deadlocked on lock | communication buffer resources with another process and has been chosen as the deadlock victim. Rerun the transaction. (1205) (SQLExecDirectW)')
[ERROR] 2026-06-23 14:58:59,008 directory 2713321 139853404632896 directory_save error: ('40001', '[40001] [Microsoft][ODBC Driver 18 for SQL Server][SQL Server]Transaction (Process ID 52) was deadlocked on lock | communication buffer resources with another process and has been chosen as the deadlock victim. Rerun the transaction. (1205) (SQLExecDirectW)')
[ERROR] 2026-06-23 14:59:01,639 directory 2713315 139853404632896 directory_save error: ('40001', '[40001] [Microsoft][ODBC Driver 18 for SQL Server][SQL Server]Transaction (Process ID 54) was deadlocked on lock | communication buffer resources with another process and has been chosen as the deadlock victim. Rerun the transaction. (1205) (SQLExecDirectW)')
[ERROR] 2026-06-23 14:59:02,938 directory 2713317 139853404632896 directory_save error: ('40001', '[40001] [Microsoft][ODBC Driver 18 for SQL Server][SQL Server]Transaction (Process ID 56) was deadlocked on lock | communication buffer resources with another process and has been chosen as the deadlock victim. Rerun the transaction. (1205) (SQLExecDirectW)')
[ERROR] 2026-06-23 14:59:03,673 directory 2713320 139853404632896 directory_save error: ('40001', '[40001] [Microsoft][ODBC Driver 18 for SQL Server][SQL Server]Transaction (Process ID 51) was deadlocked on lock | communication buffer resources with another process and has been chosen as the deadlock victim. Rerun the transaction. (1205) (SQLExecDirectW)')
[ERROR] 2026-06-23 14:59:04,201 directory 2713316 139853404632896 directory_save error: ('40001', '[40001] [Microsoft][ODBC Driver 18 for SQL Server][SQL Server]Transaction (Process ID 55) was deadlocked on lock | communication buffer resources with another process and has been chosen as the deadlock victim. Rerun the transaction. (1205) (SQLExecDirectW)')
[ERROR] 2026-06-23 14:59:04,533 directory 2713319 139853404632896 directory_save error: ('40001', '[40001] [Microsoft][ODBC Driver 18 for SQL Server][SQL Server]Transaction (Process ID 60) was deadlocked on lock | communication buffer resources with another process and has been chosen as the deadlock victim. Rerun the transaction. (1205) (SQLExecDirectW)')
[ERROR] 2026-06-23 14:59:04,768 directory 2713318 139853404632896 directory_save error: ('40001', '[40001] [Microsoft][ODBC Driver 18 for SQL Server][SQL Server]Transaction (Process ID 58) was deadlocked on lock | communication buffer resources with another process and has been chosen as the deadlock victim. Rerun the transaction. (1205) (SQLExecDirectW)')
[ERROR] 2026-06-23 14:59:05,080 directory 2713315 139853404632896 directory_save error: ('40001', '[40001] [Microsoft][ODBC Driver 18 for SQL Server][SQL Server]Transaction (Process ID 54) was deadlocked on lock | communication buffer resources with another process and has been chosen as the deadlock victim. Rerun the transaction. (1205) (SQLExecDirectW)')
[ERROR] 2026-06-23 14:59:05,287 directory 2713317 139853404632896 directory_save error: ('40001', '[40001] [Microsoft][ODBC Driver 18 for SQL Server][SQL Server]Transaction (Process ID 56) was deadlocked on lock | communication buffer resources with another process and has been chosen as the deadlock victim. Rerun the transaction. (1205) (SQLExecDirectW)')
[ERROR] 2026-06-23 14:59:05,489 directory 2713320 139853404632896 directory_save error: ('40001', '[40001] [Microsoft][ODBC Driver 18 for SQL Server][SQL Server]Transaction (Process ID 51) was deadlocked on lock | communication buffer resources with another process and has been chosen as the deadlock victim. Rerun the transaction. (1205) (SQLExecDirectW)')
[ERROR] 2026-06-23 14:59:05,742 directory 2713316 139853404632896 directory_save error: ('40001', '[40001] [Microsoft][ODBC Driver 18 for SQL Server][SQL Server]Transaction (Process ID 55) was deadlocked on lock | communication buffer resources with another process and has been chosen as the deadlock victim. Rerun the transaction. (1205) (SQLExecDirectW)')
[ERROR] 2026-06-23 14:59:05,949 directory 2713319 139853404632896 directory_save error: ('40001', '[40001] [Microsoft][ODBC Driver 18 for SQL Server][SQL Server]Transaction (Process ID 60) was deadlocked on lock | communication buffer resources with another process and has been chosen as the deadlock victim. Rerun the transaction. (1205) (SQLExecDirectW)')
[ERROR] 2026-06-23 14:59:06,146 directory 2713318 139853404632896 directory_save error: ('40001', '[40001] [Microsoft][ODBC Driver 18 for SQL Server][SQL Server]Transaction (Process ID 58) was deadlocked on lock | communication buffer resources with another process and has been chosen as the deadlock victim. Rerun the transaction. (1205) (SQLExecDirectW)')
[ERROR] 2026-06-23 14:59:06,354 directory 2713321 139853404632896 directory_save error: ('40001', '[40001] [Microsoft][ODBC Driver 18 for SQL Server][SQL Server]Transaction (Process ID 52) was deadlocked on lock | communication buffer resources with another process and has been chosen as the deadlock victim. Rerun the transaction. (1205) (SQLExecDirectW)')
[ERROR] 2026-06-23 14:59:06,727 directory 2713317 139853404632896 directory_save error: ('40001', '[40001] [Microsoft][ODBC Driver 18 for SQL Server][SQL Server]Transaction (Process ID 56) was deadlocked on lock | communication buffer resources with another process and has been chosen as the deadlock victim. Rerun the transaction. (1205) (SQLExecDirectW)')
[ERROR] 2026-06-23 14:59:07,055 directory 2713316 139853404632896 directory_save error: ('40001', '[40001] [Microsoft][ODBC Driver 18 for SQL Server][SQL Server]Transaction (Process ID 55) was deadlocked on lock | communication buffer resources with another process and has been chosen as the deadlock victim. Rerun the transaction. (1205) (SQLExecDirectW)')
[ERROR] 2026-06-23 14:59:07,284 directory 2713319 139853404632896 directory_save error: ('40001', '[40001] [Microsoft][ODBC Driver 18 for SQL Server][SQL Server]Transaction (Process ID 60) was deadlocked on lock | communication buffer resources with another process and has been chosen as the deadlock victim. Rerun the transaction. (1205) (SQLExecDirectW)')
[ERROR] 2026-06-23 14:59:07,523 directory 2713318 139853404632896 directory_save error: ('40001', '[40001] [Microsoft][ODBC Driver 18 for SQL Server][SQL Server]Transaction (Process ID 58) was deadlocked on lock | communication buffer resources with another process and has been chosen as the deadlock victim. Rerun the transaction. (1205) (SQLExecDirectW)')
[ERROR] 2026-06-23 14:59:07,823 directory 2713321 139853404632896 directory_save error: ('40001', '[40001] [Microsoft][ODBC Driver 18 for SQL Server][SQL Server]Transaction (Process ID 52) was deadlocked on lock | communication buffer resources with another process and has been chosen as the deadlock victim. Rerun the transaction. (1205) (SQLExecDirectW)')
[ERROR] 2026-06-23 14:59:08,052 directory 2713315 139853404632896 directory_save error: ('40001', '[40001] [Microsoft][ODBC Driver 18 for SQL Server][SQL Server]Transaction (Process ID 54) was deadlocked on lock | communication buffer resources with another process and has been chosen as the deadlock victim. Rerun the transaction. (1205) (SQLExecDirectW)')
[ERROR] 2026-06-23 14:59:08,358 directory 2713316 139853404632896 directory_save error: ('40001', '[40001] [Microsoft][ODBC Driver 18 for SQL Server][SQL Server]Transaction (Process ID 55) was deadlocked on lock | communication buffer resources with another process and has been chosen as the deadlock victim. Rerun the transaction. (1205) (SQLExecDirectW)')
[ERROR] 2026-06-23 14:59:08,675 directory 2713319 139853404632896 directory_save error: ('40001', '[40001] [Microsoft][ODBC Driver 18 for SQL Server][SQL Server]Transaction (Process ID 60) was deadlocked on lock | communication buffer resources with another process and has been chosen as the deadlock victim. Rerun the transaction. (1205) (SQLExecDirectW)')
[ERROR] 2026-06-23 14:59:08,891 directory 2713318 139853404632896 directory_save error: ('40001', '[40001] [Microsoft][ODBC Driver 18 for SQL Server][SQL Server]Transaction (Process ID 58) was deadlocked on lock | communication buffer resources with another process and has been chosen as the deadlock victim. Rerun the transaction. (1205) (SQLExecDirectW)')
[ERROR] 2026-06-23 14:59:09,118 directory 2713321 139853404632896 directory_save error: ('40001', '[40001] [Microsoft][ODBC Driver 18 for SQL Server][SQL Server]Transaction (Process ID 52) was deadlocked on lock | communication buffer resources with another process and has been chosen as the deadlock victim. Rerun the transaction. (1205) (SQLExecDirectW)')
[ERROR] 2026-06-23 14:59:09,342 directory 2713315 139853404632896 directory_save error: ('40001', '[40001] [Microsoft][ODBC Driver 18 for SQL Server][SQL Server]Transaction (Process ID 54) was deadlocked on lock | communication buffer resources with another process and has been chosen as the deadlock victim. Rerun the transaction. (1205) (SQLExecDirectW)')
[ERROR] 2026-06-23 14:59:09,768 directory 2713317 139853404632896 directory_save error: ('40001', '[40001] [Microsoft][ODBC Driver 18 for SQL Server][SQL Server]Transaction (Process ID 56) was deadlocked on lock | communication buffer resources with another process and has been chosen as the deadlock victim. Rerun the transaction. (1205) (SQLExecDirectW)')
[ERROR] 2026-06-23 14:59:10,121 directory 2713318 139853404632896 directory_save error: ('40001', '[40001] [Microsoft][ODBC Driver 18 for SQL Server][SQL Server]Transaction (Process ID 58) was deadlocked on lock | communication buffer resources with another process and has been chosen as the deadlock victim. Rerun the transaction. (1205) (SQLExecDirectW)')
[ERROR] 2026-06-23 14:59:10,418 directory 2713321 139853404632896 directory_save error: ('40001', '[40001] [Microsoft][ODBC Driver 18 for SQL Server][SQL Server]Transaction (Process ID 52) was deadlocked on lock | communication buffer resources with another process and has been chosen as the deadlock victim. Rerun the transaction. (1205) (SQLExecDirectW)')
[ERROR] 2026-06-23 14:59:10,621 directory 2713315 139853404632896 directory_save error: ('40001', '[40001] [Microsoft][ODBC Driver 18 for SQL Server][SQL Server]Transaction (Process ID 54) was deadlocked on lock | communication buffer resources with another process and has been chosen as the deadlock victim. Rerun the transaction. (1205) (SQLExecDirectW)')
[ERROR] 2026-06-23 14:59:10,813 directory 2713320 139853404632896 directory_save error: ('40001', '[40001] [Microsoft][ODBC Driver 18 for SQL Server][SQL Server]Transaction (Process ID 51) was deadlocked on lock | communication buffer resources with another process and has been chosen as the deadlock victim. Rerun the transaction. (1205) (SQLExecDirectW)')
[ERROR] 2026-06-23 14:59:11,017 directory 2713317 139853404632896 directory_save error: ('40001', '[40001] [Microsoft][ODBC Driver 18 for SQL Server][SQL Server]Transaction (Process ID 56) was deadlocked on lock | communication buffer resources with another process and has been chosen as the deadlock victim. Rerun the transaction. (1205) (SQLExecDirectW)')
[ERROR] 2026-06-23 14:59:11,225 directory 2767924 139853404632896 directory_save error: ('40001', '[40001] [Microsoft][ODBC Driver 18 for SQL Server][SQL Server]Transaction (Process ID 57) was deadlocked on lock | communication buffer resources with another process and has been chosen as the deadlock victim. Rerun the transaction. (1205) (SQLExecDirectW)')
[ERROR] 2026-06-23 14:59:11,428 directory 2713319 139853404632896 directory_save error: ('40001', '[40001] [Microsoft][ODBC Driver 18 for SQL Server][SQL Server]Transaction (Process ID 60) was deadlocked on lock | communication buffer resources with another process and has been chosen as the deadlock victim. Rerun the transaction. (1205) (SQLExecDirectW)')
[ERROR] 2026-06-23 14:59:11,804 directory 2713318 139853404632896 directory_save error: ('40001', '[40001] [Microsoft][ODBC Driver 18 for SQL Server][SQL Server]Transaction (Process ID 58) was deadlocked on lock | communication buffer resources with another process and has been chosen as the deadlock victim. Rerun the transaction. (1205) (SQLExecDirectW)')
[ERROR] 2026-06-23 14:59:12,089 directory 2713321 139853404632896 directory_save error: ('40001', '[40001] [Microsoft][ODBC Driver 18 for SQL Server][SQL Server]Transaction (Process ID 52) was deadlocked on lock | communication buffer resources with another process and has been chosen as the deadlock victim. Rerun the transaction. (1205) (SQLExecDirectW)')
[ERROR] 2026-06-23 14:59:12,480 directory 2713315 139853404632896 directory_save error: ('40001', '[40001] [Microsoft][ODBC Driver 18 for SQL Server][SQL Server]Transaction (Process ID 54) was deadlocked on lock | communication buffer resources with another process and has been chosen as the deadlock victim. Rerun the transaction. (1205) (SQLExecDirectW)')
[ERROR] 2026-06-23 14:59:12,712 directory 2713320 139853404632896 directory_save error: ('40001', '[40001] [Microsoft][ODBC Driver 18 for SQL Server][SQL Server]Transaction (Process ID 51) was deadlocked on lock | communication buffer resources with another process and has been chosen as the deadlock victim. Rerun the transaction. (1205) (SQLExecDirectW)')
[ERROR] 2026-06-23 14:59:13,008 directory 2767924 139853404632896 directory_save error: ('40001', '[40001] [Microsoft][ODBC Driver 18 for SQL Server][SQL Server]Transaction (Process ID 57) was deadlocked on lock | communication buffer resources with another process and has been chosen as the deadlock victim. Rerun the transaction. (1205) (SQLExecDirectW)')
[ERROR] 2026-06-23 14:59:13,216 directory 2713319 139853404632896 directory_save error: ('40001', '[40001] [Microsoft][ODBC Driver 18 for SQL Server][SQL Server]Transaction (Process ID 60) was deadlocked on lock | communication buffer resources with another process and has been chosen as the deadlock victim. Rerun the transaction. (1205) (SQLExecDirectW)')
[ERROR] 2026-06-23 14:59:13,422 directory 2713317 139853404632896 directory_save error: ('40001', '[40001] [Microsoft][ODBC Driver 18 for SQL Server][SQL Server]Transaction (Process ID 56) was deadlocked on lock | communication buffer resources with another process and has been chosen as the deadlock victim. Rerun the transaction. (1205) (SQLExecDirectW)')
[ERROR] 2026-06-23 14:59:13,787 directory 2713321 139853404632896 directory_save error: ('40001', '[40001] [Microsoft][ODBC Driver 18 for SQL Server][SQL Server]Transaction (Process ID 52) was deadlocked on lock | communication buffer resources with another process and has been chosen as the deadlock victim. Rerun the transaction. (1205) (SQLExecDirectW)')
[ERROR] 2026-06-23 14:59:14,097 directory 2713315 139853404632896 directory_save error: ('40001', '[40001] [Microsoft][ODBC Driver 18 for SQL Server][SQL Server]Transaction (Process ID 54) was deadlocked on lock | communication buffer resources with another process and has been chosen as the deadlock victim. Rerun the transaction. (1205) (SQLExecDirectW)')
[ERROR] 2026-06-23 14:59:14,302 directory 2713320 139853404632896 directory_save error: ('40001', '[40001] [Microsoft][ODBC Driver 18 for SQL Server][SQL Server]Transaction (Process ID 51) was deadlocked on lock | communication buffer resources with another process and has been chosen as the deadlock victim. Rerun the transaction. (1205) (SQLExecDirectW)')
[ERROR] 2026-06-23 14:59:14,510 directory 2767924 139853404632896 directory_save error: ('40001', '[40001] [Microsoft][ODBC Driver 18 for SQL Server][SQL Server]Transaction (Process ID 57) was deadlocked on lock | communication buffer resources with another process and has been chosen as the deadlock victim. Rerun the transaction. (1205) (SQLExecDirectW)')
[ERROR] 2026-06-23 14:59:14,713 directory 2713319 139853404632896 directory_save error: ('40001', '[40001] [Microsoft][ODBC Driver 18 for SQL Server][SQL Server]Transaction (Process ID 60) was deadlocked on lock | communication buffer resources with another process and has been chosen as the deadlock victim. Rerun the transaction. (1205) (SQLExecDirectW)')
[ERROR] 2026-06-23 14:59:14,908 directory 2713317 139853404632896 directory_save error: ('40001', '[40001] [Microsoft][ODBC Driver 18 for SQL Server][SQL Server]Transaction (Process ID 56) was deadlocked on lock | communication buffer resources with another process and has been chosen as the deadlock victim. Rerun the transaction. (1205) (SQLExecDirectW)')
[ERROR] 2026-06-23 14:59:15,113 directory 2713318 139853404632896 directory_save error: ('40001', '[40001] [Microsoft][ODBC Driver 18 for SQL Server][SQL Server]Transaction (Process ID 58) was deadlocked on lock | communication buffer resources with another process and has been chosen as the deadlock victim. Rerun the transaction. (1205) (SQLExecDirectW)')
[ERROR] 2026-06-23 14:59:15,571 directory 2713321 139853404632896 directory_save error: ('40001', '[40001] [Microsoft][ODBC Driver 18 for SQL Server][SQL Server]Transaction (Process ID 52) was deadlocked on lock | communication buffer resources with another process and has been chosen as the deadlock victim. Rerun the transaction. (1205) (SQLExecDirectW)')
[ERROR] 2026-06-23 14:59:15,833 directory 2713320 139853404632896 directory_save error: ('40001', '[40001] [Microsoft][ODBC Driver 18 for SQL Server][SQL Server]Transaction (Process ID 51) was deadlocked on lock | communication buffer resources with another process and has been chosen as the deadlock victim. Rerun the transaction. (1205) (SQLExecDirectW)')
[ERROR] 2026-06-23 14:59:16,035 directory 2767924 139853404632896 directory_save error: ('40001', '[40001] [Microsoft][ODBC Driver 18 for SQL Server][SQL Server]Transaction (Process ID 57) was deadlocked on lock | communication buffer resources with another process and has been chosen as the deadlock victim. Rerun the transaction. (1205) (SQLExecDirectW)')
[ERROR] 2026-06-23 14:59:16,239 directory 2713319 139853404632896 directory_save error: ('40001', '[40001] [Microsoft][ODBC Driver 18 for SQL Server][SQL Server]Transaction (Process ID 60) was deadlocked on lock | communication buffer resources with another process and has been chosen as the deadlock victim. Rerun the transaction. (1205) (SQLExecDirectW)')
[ERROR] 2026-06-23 14:59:16,480 directory 2713317 139853404632896 directory_save error: ('40001', '[40001] [Microsoft][ODBC Driver 18 for SQL Server][SQL Server]Transaction (Process ID 56) was deadlocked on lock | communication buffer resources with another process and has been chosen as the deadlock victim. Rerun the transaction. (1205) (SQLExecDirectW)')
[ERROR] 2026-06-23 14:59:16,672 directory 2713318 139853404632896 directory_save error: ('40001', '[40001] [Microsoft][ODBC Driver 18 for SQL Server][SQL Server]Transaction (Process ID 58) was deadlocked on lock | communication buffer resources with another process and has been chosen as the deadlock victim. Rerun the transaction. (1205) (SQLExecDirectW)')
[ERROR] 2026-06-23 14:59:16,884 directory 2713315 139853404632896 directory_save error: ('40001', '[40001] [Microsoft][ODBC Driver 18 for SQL Server][SQL Server]Transaction (Process ID 54) was deadlocked on lock | communication buffer resources with another process and has been chosen as the deadlock victim. Rerun the transaction. (1205) (SQLExecDirectW)')
[ERROR] 2026-06-23 14:59:17,264 directory 2713321 139853404632896 directory_save error: ('40001', '[40001] [Microsoft][ODBC Driver 18 for SQL Server][SQL Server]Transaction (Process ID 52) was deadlocked on lock | communication buffer resources with another process and has been chosen as the deadlock victim. Rerun the transaction. (1205) (SQLExecDirectW)')
[ERROR] 2026-06-23 14:59:17,574 directory 2713320 139853404632896 directory_save error: ('40001', '[40001] [Microsoft][ODBC Driver 18 for SQL Server][SQL Server]Transaction (Process ID 51) was deadlocked on lock | communication buffer resources with another process and has been chosen as the deadlock victim. Rerun the transaction. (1205) (SQLExecDirectW)')
[ERROR] 2026-06-23 14:59:17,769 directory 2713319 139853404632896 directory_save error: ('40001', '[40001] [Microsoft][ODBC Driver 18 for SQL Server][SQL Server]Transaction (Process ID 60) was deadlocked on lock | communication buffer resources with another process and has been chosen as the deadlock victim. Rerun the transaction. (1205) (SQLExecDirectW)')
[ERROR] 2026-06-23 14:59:17,983 directory 2713317 139853404632896 directory_save error: ('40001', '[40001] [Microsoft][ODBC Driver 18 for SQL Server][SQL Server]Transaction (Process ID 56) was deadlocked on lock | communication buffer resources with another process and has been chosen as the deadlock victim. Rerun the transaction. (1205) (SQLExecDirectW)')
[ERROR] 2026-06-23 14:59:18,207 directory 2713318 139853404632896 directory_save error: ('40001', '[40001] [Microsoft][ODBC Driver 18 for SQL Server][SQL Server]Transaction (Process ID 58) was deadlocked on lock | communication buffer resources with another process and has been chosen as the deadlock victim. Rerun the transaction. (1205) (SQLExecDirectW)')
[ERROR] 2026-06-23 14:59:18,415 directory 2713315 139853404632896 directory_save error: ('40001', '[40001] [Microsoft][ODBC Driver 18 for SQL Server][SQL Server]Transaction (Process ID 54) was deadlocked on lock | communication buffer resources with another process and has been chosen as the deadlock victim. Rerun the transaction. (1205) (SQLExecDirectW)')
[ERROR] 2026-06-23 14:59:18,634 directory 2767924 139853404632896 directory_save error: ('40001', '[40001] [Microsoft][ODBC Driver 18 for SQL Server][SQL Server]Transaction (Process ID 57) was deadlocked on lock | communication buffer resources with another process and has been chosen as the deadlock victim. Rerun the transaction. (1205) (SQLExecDirectW)')
[ERROR] 2026-06-23 14:59:18,973 directory 2713319 139853404632896 directory_save error: ('40001', '[40001] [Microsoft][ODBC Driver 18 for SQL Server][SQL Server]Transaction (Process ID 60) was deadlocked on lock | communication buffer resources with another process and has been chosen as the deadlock victim. Rerun the transaction. (1205) (SQLExecDirectW)')
[ERROR] 2026-06-23 14:59:19,269 directory 2713317 139853404632896 directory_save error: ('40001', '[40001] [Microsoft][ODBC Driver 18 for SQL Server][SQL Server]Transaction (Process ID 56) was deadlocked on lock | communication buffer resources with another process and has been chosen as the deadlock victim. Rerun the transaction. (1205) (SQLExecDirectW)')
[ERROR] 2026-06-23 14:59:19,473 directory 2713318 139853404632896 directory_save error: ('40001', '[40001] [Microsoft][ODBC Driver 18 for SQL Server][SQL Server]Transaction (Process ID 58) was deadlocked on lock | communication buffer resources with another process and has been chosen as the deadlock victim. Rerun the transaction. (1205) (SQLExecDirectW)')
[ERROR] 2026-06-23 14:59:19,676 directory 2713315 139853404632896 directory_save error: ('40001', '[40001] [Microsoft][ODBC Driver 18 for SQL Server][SQL Server]Transaction (Process ID 54) was deadlocked on lock | communication buffer resources with another process and has been chosen as the deadlock victim. Rerun the transaction. (1205) (SQLExecDirectW)')
[ERROR] 2026-06-23 14:59:19,920 directory 2767924 139853404632896 directory_save error: ('40001', '[40001] [Microsoft][ODBC Driver 18 for SQL Server][SQL Server]Transaction (Process ID 57) was deadlocked on lock | communication buffer resources with another process and has been chosen as the deadlock victim. Rerun the transaction. (1205) (SQLExecDirectW)')
[ERROR] 2026-06-23 14:59:20,109 directory 2713316 139853404632896 directory_save error: ('40001', '[40001] [Microsoft][ODBC Driver 18 for SQL Server][SQL Server]Transaction (Process ID 55) was deadlocked on lock | communication buffer resources with another process and has been chosen as the deadlock victim. Rerun the transaction. (1205) (SQLExecDirectW)')
[ERROR] 2026-06-23 14:59:20,308 directory 2713320 139853404632896 directory_save error: ('40001', '[40001] [Microsoft][ODBC Driver 18 for SQL Server][SQL Server]Transaction (Process ID 51) was deadlocked on lock | communication buffer resources with another process and has been chosen as the deadlock victim. Rerun the transaction. (1205) (SQLExecDirectW)')
[ERROR] 2026-06-23 14:59:20,688 directory 2713319 139853404632896 directory_save error: ('40001', '[40001] [Microsoft][ODBC Driver 18 for SQL Server][SQL Server]Transaction (Process ID 60) was deadlocked on lock | communication buffer resources with another process and has been chosen as the deadlock victim. Rerun the transaction. (1205) (SQLExecDirectW)')
[ERROR] 2026-06-23 14:59:21,069 directory 2713318 139853404632896 directory_save error: ('40001', '[40001] [Microsoft][ODBC Driver 18 for SQL Server][SQL Server]Transaction (Process ID 58) was deadlocked on lock | communication buffer resources with another process and has been chosen as the deadlock victim. Rerun the transaction. (1205) (SQLExecDirectW)')
[ERROR] 2026-06-23 14:59:21,245 directory 2713315 139853404632896 directory_save error: ('40001', '[40001] [Microsoft][ODBC Driver 18 for SQL Server][SQL Server]Transaction (Process ID 54) was deadlocked on lock | communication buffer resources with another process and has been chosen as the deadlock victim. Rerun the transaction. (1205) (SQLExecDirectW)')
[ERROR] 2026-06-23 14:59:21,450 directory 2767924 139853404632896 directory_save error: ('40001', '[40001] [Microsoft][ODBC Driver 18 for SQL Server][SQL Server]Transaction (Process ID 57) was deadlocked on lock | communication buffer resources with another process and has been chosen as the deadlock victim. Rerun the transaction. (1205) (SQLExecDirectW)')
[ERROR] 2026-06-23 14:59:21,663 directory 2713316 139853404632896 directory_save error: ('40001', '[40001] [Microsoft][ODBC Driver 18 for SQL Server][SQL Server]Transaction (Process ID 55) was deadlocked on lock | communication buffer resources with another process and has been chosen as the deadlock victim. Rerun the transaction. (1205) (SQLExecDirectW)')
[ERROR] 2026-06-23 14:59:21,867 directory 2713320 139853404632896 directory_save error: ('40001', '[40001] [Microsoft][ODBC Driver 18 for SQL Server][SQL Server]Transaction (Process ID 51) was deadlocked on lock | communication buffer resources with another process and has been chosen as the deadlock victim. Rerun the transaction. (1205) (SQLExecDirectW)')
[ERROR] 2026-06-23 14:59:22,076 directory 2713317 139853404632896 directory_save error: ('40001', '[40001] [Microsoft][ODBC Driver 18 for SQL Server][SQL Server]Transaction (Process ID 56) was deadlocked on lock | communication buffer resources with another process and has been chosen as the deadlock victim. Rerun the transaction. (1205) (SQLExecDirectW)')
[ERROR] 2026-06-23 14:59:22,747 directory 2713319 139853404632896 directory_save error: ('40001', '[40001] [Microsoft][ODBC Driver 18 for SQL Server][SQL Server]Transaction (Process ID 60) was deadlocked on lock | communication buffer resources with another process and has been chosen as the deadlock victim. Rerun the transaction. (1205) (SQLExecDirectW)')
[ERROR] 2026-06-23 14:59:22,930 directory 2713315 139853404632896 directory_save error: ('40001', '[40001] [Microsoft][ODBC Driver 18 for SQL Server][SQL Server]Transaction (Process ID 54) was deadlocked on lock | communication buffer resources with another process and has been chosen as the deadlock victim. Rerun the transaction. (1205) (SQLExecDirectW)')
[ERROR] 2026-06-23 14:59:23,148 directory 2767924 139853404632896 directory_save error: ('40001', '[40001] [Microsoft][ODBC Driver 18 for SQL Server][SQL Server]Transaction (Process ID 57) was deadlocked on lock | communication buffer resources with another process and has been chosen as the deadlock victim. Rerun the transaction. (1205) (SQLExecDirectW)')
[ERROR] 2026-06-23 14:59:23,338 directory 2713316 139853404632896 directory_save error: ('40001', '[40001] [Microsoft][ODBC Driver 18 for SQL Server][SQL Server]Transaction (Process ID 55) was deadlocked on lock | communication buffer resources with another process and has been chosen as the deadlock victim. Rerun the transaction. (1205) (SQLExecDirectW)')
[ERROR] 2026-06-23 14:59:23,546 directory 2713320 139853404632896 directory_save error: ('40001', '[40001] [Microsoft][ODBC Driver 18 for SQL Server][SQL Server]Transaction (Process ID 51) was deadlocked on lock | communication buffer resources with another process and has been chosen as the deadlock victim. Rerun the transaction. (1205) (SQLExecDirectW)')
[ERROR] 2026-06-23 14:59:23,750 directory 2713317 139853404632896 directory_save error: ('40001', '[40001] [Microsoft][ODBC Driver 18 for SQL Server][SQL Server]Transaction (Process ID 56) was deadlocked on lock | communication buffer resources with another process and has been chosen as the deadlock victim. Rerun the transaction. (1205) (SQLExecDirectW)')
[ERROR] 2026-06-23 14:59:23,974 directory 2713318 139853404632896 directory_save error: ('40001', '[40001] [Microsoft][ODBC Driver 18 for SQL Server][SQL Server]Transaction (Process ID 58) was deadlocked on lock | communication buffer resources with another process and has been chosen as the deadlock victim. Rerun the transaction. (1205) (SQLExecDirectW)')
[ERROR] 2026-06-23 14:59:24,369 directory 2713319 139853404632896 directory_save error: ('40001', '[40001] [Microsoft][ODBC Driver 18 for SQL Server][SQL Server]Transaction (Process ID 60) was deadlocked on lock | communication buffer resources with another process and has been chosen as the deadlock victim. Rerun the transaction. (1205) (SQLExecDirectW)')
[ERROR] 2026-06-23 14:59:24,680 directory 2767924 139853404632896 directory_save error: ('40001', '[40001] [Microsoft][ODBC Driver 18 for SQL Server][SQL Server]Transaction (Process ID 57) was deadlocked on lock | communication buffer resources with another process and has been chosen as the deadlock victim. Rerun the transaction. (1205) (SQLExecDirectW)')
[ERROR] 2026-06-23 14:59:24,899 directory 2713316 139853404632896 directory_save error: ('40001', '[40001] [Microsoft][ODBC Driver 18 for SQL Server][SQL Server]Transaction (Process ID 55) was deadlocked on lock | communication buffer resources with another process and has been chosen as the deadlock victim. Rerun the transaction. (1205) (SQLExecDirectW)')
[ERROR] 2026-06-23 14:59:25,129 directory 2713320 139853404632896 directory_save error: ('40001', '[40001] [Microsoft][ODBC Driver 18 for SQL Server][SQL Server]Transaction (Process ID 51) was deadlocked on lock | communication buffer resources with another process and has been chosen as the deadlock victim. Rerun the transaction. (1205) (SQLExecDirectW)')
[ERROR] 2026-06-23 14:59:25,356 directory 2713317 139853404632896 directory_save error: ('40001', '[40001] [Microsoft][ODBC Driver 18 for SQL Server][SQL Server]Transaction (Process ID 56) was deadlocked on lock | communication buffer resources with another process and has been chosen as the deadlock victim. Rerun the transaction. (1205) (SQLExecDirectW)')
[ERROR] 2026-06-23 14:59:25,577 directory 2713318 139853404632896 directory_save error: ('40001', '[40001] [Microsoft][ODBC Driver 18 for SQL Server][SQL Server]Transaction (Process ID 58) was deadlocked on lock | communication buffer resources with another process and has been chosen as the deadlock victim. Rerun the transaction. (1205) (SQLExecDirectW)')
[ERROR] 2026-06-23 14:59:25,769 directory 2713315 139853404632896 directory_save error: ('40001', '[40001] [Microsoft][ODBC Driver 18 for SQL Server][SQL Server]Transaction (Process ID 54) was deadlocked on lock | communication buffer resources with another process and has been chosen as the deadlock victim. Rerun the transaction. (1205) (SQLExecDirectW)')
[ERROR] 2026-06-23 14:59:26,148 directory 2767924 139853404632896 directory_save error: ('40001', '[40001] [Microsoft][ODBC Driver 18 for SQL Server][SQL Server]Transaction (Process ID 57) was deadlocked on lock | communication buffer resources with another process and has been chosen as the deadlock victim. Rerun the transaction. (1205) (SQLExecDirectW)')
[ERROR] 2026-06-23 14:59:26,464 directory 2713316 139853404632896 directory_save error: ('40001', '[40001] [Microsoft][ODBC Driver 18 for SQL Server][SQL Server]Transaction (Process ID 55) was deadlocked on lock | communication buffer resources with another process and has been chosen as the deadlock victim. Rerun the transaction. (1205) (SQLExecDirectW)')
[ERROR] 2026-06-23 14:59:26,659 directory 2713320 139853404632896 directory_save error: ('40001', '[40001] [Microsoft][ODBC Driver 18 for SQL Server][SQL Server]Transaction (Process ID 51) was deadlocked on lock | communication buffer resources with another process and has been chosen as the deadlock victim. Rerun the transaction. (1205) (SQLExecDirectW)')
[ERROR] 2026-06-23 14:59:26,879 directory 2713317 139853404632896 directory_save error: ('40001', '[40001] [Microsoft][ODBC Driver 18 for SQL Server][SQL Server]Transaction (Process ID 56) was deadlocked on lock | communication buffer resources with another process and has been chosen as the deadlock victim. Rerun the transaction. (1205) (SQLExecDirectW)')
[ERROR] 2026-06-23 14:59:27,117 directory 2713318 139853404632896 directory_save error: ('40001', '[40001] [Microsoft][ODBC Driver 18 for SQL Server][SQL Server]Transaction (Process ID 58) was deadlocked on lock | communication buffer resources with another process and has been chosen as the deadlock victim. Rerun the transaction. (1205) (SQLExecDirectW)')
[ERROR] 2026-06-23 14:59:27,336 directory 2713315 139853404632896 directory_save error: ('40001', '[40001] [Microsoft][ODBC Driver 18 for SQL Server][SQL Server]Transaction (Process ID 54) was deadlocked on lock | communication buffer resources with another process and has been chosen as the deadlock victim. Rerun the transaction. (1205) (SQLExecDirectW)')
[ERROR] 2026-06-23 14:59:27,545 directory 2713319 139853404632896 directory_save error: ('40001', '[40001] [Microsoft][ODBC Driver 18 for SQL Server][SQL Server]Transaction (Process ID 60) was deadlocked on lock | communication buffer resources with another process and has been chosen as the deadlock victim. Rerun the transaction. (1205) (SQLExecDirectW)')
[ERROR] 2026-06-23 14:59:27,879 directory 2713320 139853404632896 directory_save error: ('40001', '[40001] [Microsoft][ODBC Driver 18 for SQL Server][SQL Server]Transaction (Process ID 51) was deadlocked on lock | communication buffer resources with another process and has been chosen as the deadlock victim. Rerun the transaction. (1205) (SQLExecDirectW)')
[ERROR] 2026-06-23 14:59:28,187 directory 2713317 139853404632896 directory_save error: ('40001', '[40001] [Microsoft][ODBC Driver 18 for SQL Server][SQL Server]Transaction (Process ID 56) was deadlocked on lock | communication buffer resources with another process and has been chosen as the deadlock victim. Rerun the transaction. (1205) (SQLExecDirectW)')
[ERROR] 2026-06-23 14:59:28,396 directory 2713318 139853404632896 directory_save error: ('40001', '[40001] [Microsoft][ODBC Driver 18 for SQL Server][SQL Server]Transaction (Process ID 58) was deadlocked on lock | communication buffer resources with another process and has been chosen as the deadlock victim. Rerun the transaction. (1205) (SQLExecDirectW)')
[ERROR] 2026-06-23 14:59:28,613 directory 2713316 139853404632896 directory_save error: ('40001', '[40001] [Microsoft][ODBC Driver 18 for SQL Server][SQL Server]Transaction (Process ID 55) was deadlocked on lock | communication buffer resources with another process and has been chosen as the deadlock victim. Rerun the transaction. (1205) (SQLExecDirectW)')
[ERROR] 2026-06-23 14:59:28,791 directory 2713319 139853404632896 directory_save error: ('40001', '[40001] [Microsoft][ODBC Driver 18 for SQL Server][SQL Server]Transaction (Process ID 60) was deadlocked on lock | communication buffer resources with another process and has been chosen as the deadlock victim. Rerun the transaction. (1205) (SQLExecDirectW)')
[ERROR] 2026-06-23 14:59:28,997 directory 2713321 139853404632896 directory_save error: ('40001', '[40001] [Microsoft][ODBC Driver 18 for SQL Server][SQL Server]Transaction (Process ID 52) was deadlocked on lock | communication buffer resources with another process and has been chosen as the deadlock victim. Rerun the transaction. (1205) (SQLExecDirectW)')
[ERROR] 2026-06-23 14:59:29,197 directory 2713315 139853404632896 directory_save error: ('40001', '[40001] [Microsoft][ODBC Driver 18 for SQL Server][SQL Server]Transaction (Process ID 54) was deadlocked on lock | communication buffer resources with another process and has been chosen as the deadlock victim. Rerun the transaction. (1205) (SQLExecDirectW)')
[ERROR] 2026-06-23 14:59:29,540 directory 2713317 139853404632896 directory_save error: ('40001', '[40001] [Microsoft][ODBC Driver 18 for SQL Server][SQL Server]Transaction (Process ID 56) was deadlocked on lock | communication buffer resources with another process and has been chosen as the deadlock victim. Rerun the transaction. (1205) (SQLExecDirectW)')
[ERROR] 2026-06-23 14:59:29,844 directory 2713318 139853404632896 directory_save error: ('40001', '[40001] [Microsoft][ODBC Driver 18 for SQL Server][SQL Server]Transaction (Process ID 58) was deadlocked on lock | communication buffer resources with another process and has been chosen as the deadlock victim. Rerun the transaction. (1205) (SQLExecDirectW)')
[ERROR] 2026-06-23 14:59:30,053 directory 2713316 139853404632896 directory_save error: ('40001', '[40001] [Microsoft][ODBC Driver 18 for SQL Server][SQL Server]Transaction (Process ID 55) was deadlocked on lock | communication buffer resources with another process and has been chosen as the deadlock victim. Rerun the transaction. (1205) (SQLExecDirectW)')
[ERROR] 2026-06-23 14:59:30,282 directory 2713319 139853404632896 directory_save error: ('40001', '[40001] [Microsoft][ODBC Driver 18 for SQL Server][SQL Server]Transaction (Process ID 60) was deadlocked on lock | communication buffer resources with another process and has been chosen as the deadlock victim. Rerun the transaction. (1205) (SQLExecDirectW)')
[ERROR] 2026-06-23 14:59:30,460 directory 2713321 139853404632896 directory_save error: ('40001', '[40001] [Microsoft][ODBC Driver 18 for SQL Server][SQL Server]Transaction (Process ID 52) was deadlocked on lock | communication buffer resources with another process and has been chosen as the deadlock victim. Rerun the transaction. (1205) (SQLExecDirectW)')
[ERROR] 2026-06-23 14:59:30,660 directory 2713315 139853404632896 directory_save error: ('40001', '[40001] [Microsoft][ODBC Driver 18 for SQL Server][SQL Server]Transaction (Process ID 54) was deadlocked on lock | communication buffer resources with another process and has been chosen as the deadlock victim. Rerun the transaction. (1205) (SQLExecDirectW)')
[ERROR] 2026-06-23 14:59:30,865 directory 2713320 139853404632896 directory_save error: ('40001', '[40001] [Microsoft][ODBC Driver 18 for SQL Server][SQL Server]Transaction (Process ID 51) was deadlocked on lock | communication buffer resources with another process and has been chosen as the deadlock victim. Rerun the transaction. (1205) (SQLExecDirectW)')
[ERROR] 2026-06-23 14:59:31,203 directory 2713318 139853404632896 directory_save error: ('40001', '[40001] [Microsoft][ODBC Driver 18 for SQL Server][SQL Server]Transaction (Process ID 58) was deadlocked on lock | communication buffer resources with another process and has been chosen as the deadlock victim. Rerun the transaction. (1205) (SQLExecDirectW)')
[ERROR] 2026-06-23 14:59:31,510 directory 2713316 139853404632896 directory_save error: ('40001', '[40001] [Microsoft][ODBC Driver 18 for SQL Server][SQL Server]Transaction (Process ID 55) was deadlocked on lock | communication buffer resources with another process and has been chosen as the deadlock victim. Rerun the transaction. (1205) (SQLExecDirectW)')
[ERROR] 2026-06-23 14:59:31,719 directory 2713319 139853404632896 directory_save error: ('40001', '[40001] [Microsoft][ODBC Driver 18 for SQL Server][SQL Server]Transaction (Process ID 60) was deadlocked on lock | communication buffer resources with another process and has been chosen as the deadlock victim. Rerun the transaction. (1205) (SQLExecDirectW)')
[ERROR] 2026-06-23 14:59:31,920 directory 2713321 139853404632896 directory_save error: ('40001', '[40001] [Microsoft][ODBC Driver 18 for SQL Server][SQL Server]Transaction (Process ID 52) was deadlocked on lock | communication buffer resources with another process and has been chosen as the deadlock victim. Rerun the transaction. (1205) (SQLExecDirectW)')
[ERROR] 2026-06-23 14:59:32,126 directory 2713315 139853404632896 directory_save error: ('40001', '[40001] [Microsoft][ODBC Driver 18 for SQL Server][SQL Server]Transaction (Process ID 54) was deadlocked on lock | communication buffer resources with another process and has been chosen as the deadlock victim. Rerun the transaction. (1205) (SQLExecDirectW)')
[ERROR] 2026-06-23 14:59:32,334 directory 2713320 139853404632896 directory_save error: ('40001', '[40001] [Microsoft][ODBC Driver 18 for SQL Server][SQL Server]Transaction (Process ID 51) was deadlocked on lock | communication buffer resources with another process and has been chosen as the deadlock victim. Rerun the transaction. (1205) (SQLExecDirectW)')
[ERROR] 2026-06-23 14:59:32,541 directory 2713317 139853404632896 directory_save error: ('40001', '[40001] [Microsoft][ODBC Driver 18 for SQL Server][SQL Server]Transaction (Process ID 56) was deadlocked on lock | communication buffer resources with another process and has been chosen as the deadlock victim. Rerun the transaction. (1205) (SQLExecDirectW)')
[ERROR] 2026-06-23 14:59:32,934 directory 2713316 139853404632896 directory_save error: ('40001', '[40001] [Microsoft][ODBC Driver 18 for SQL Server][SQL Server]Transaction (Process ID 55) was deadlocked on lock | communication buffer resources with another process and has been chosen as the deadlock victim. Rerun the transaction. (1205) (SQLExecDirectW)')
[ERROR] 2026-06-23 14:59:33,260 directory 2713319 139853404632896 directory_save error: ('40001', '[40001] [Microsoft][ODBC Driver 18 for SQL Server][SQL Server]Transaction (Process ID 60) was deadlocked on lock | communication buffer resources with another process and has been chosen as the deadlock victim. Rerun the transaction. (1205) (SQLExecDirectW)')
[ERROR] 2026-06-23 14:59:33,724 directory 2713321 139853404632896 directory_save error: ('40001', '[40001] [Microsoft][ODBC Driver 18 for SQL Server][SQL Server]Transaction (Process ID 52) was deadlocked on lock | communication buffer resources with another process and has been chosen as the deadlock victim. Rerun the transaction. (1205) (SQLExecDirectW)')
[ERROR] 2026-06-23 14:59:33,960 directory 2713315 139853404632896 directory_save error: ('40001', '[40001] [Microsoft][ODBC Driver 18 for SQL Server][SQL Server]Transaction (Process ID 54) was deadlocked on lock | communication buffer resources with another process and has been chosen as the deadlock victim. Rerun the transaction. (1205) (SQLExecDirectW)')
[ERROR] 2026-06-23 14:59:34,176 directory 2713320 139853404632896 directory_save error: ('40001', '[40001] [Microsoft][ODBC Driver 18 for SQL Server][SQL Server]Transaction (Process ID 51) was deadlocked on lock | communication buffer resources with another process and has been chosen as the deadlock victim. Rerun the transaction. (1205) (SQLExecDirectW)')
[ERROR] 2026-06-23 14:59:34,397 directory 2713317 139853404632896 directory_save error: ('40001', '[40001] [Microsoft][ODBC Driver 18 for SQL Server][SQL Server]Transaction (Process ID 56) was deadlocked on lock | communication buffer resources with another process and has been chosen as the deadlock victim. Rerun the transaction. (1205) (SQLExecDirectW)')
[ERROR] 2026-06-23 14:59:34,630 directory 2713318 139853404632896 directory_save error: ('40001', '[40001] [Microsoft][ODBC Driver 18 for SQL Server][SQL Server]Transaction (Process ID 58) was deadlocked on lock | communication buffer resources with another process and has been chosen as the deadlock victim. Rerun the transaction. (1205) (SQLExecDirectW)')
[ERROR] 2026-06-23 14:59:34,994 directory 2713319 139853404632896 directory_save error: ('40001', '[40001] [Microsoft][ODBC Driver 18 for SQL Server][SQL Server]Transaction (Process ID 60) was deadlocked on lock | communication buffer resources with another process and has been chosen as the deadlock victim. Rerun the transaction. (1205) (SQLExecDirectW)')
[ERROR] 2026-06-23 14:59:35,316 directory 2713321 139853404632896 directory_save error: ('40001', '[40001] [Microsoft][ODBC Driver 18 for SQL Server][SQL Server]Transaction (Process ID 52) was deadlocked on lock | communication buffer resources with another process and has been chosen as the deadlock victim. Rerun the transaction. (1205) (SQLExecDirectW)')
[ERROR] 2026-06-23 14:59:35,538 directory 2713315 139853404632896 directory_save error: ('40001', '[40001] [Microsoft][ODBC Driver 18 for SQL Server][SQL Server]Transaction (Process ID 54) was deadlocked on lock | communication buffer resources with another process and has been chosen as the deadlock victim. Rerun the transaction. (1205) (SQLExecDirectW)')
[ERROR] 2026-06-23 14:59:35,758 directory 2713320 139853404632896 directory_save error: ('40001', '[40001] [Microsoft][ODBC Driver 18 for SQL Server][SQL Server]Transaction (Process ID 51) was deadlocked on lock | communication buffer resources with another process and has been chosen as the deadlock victim. Rerun the transaction. (1205) (SQLExecDirectW)')
[ERROR] 2026-06-23 14:59:35,960 directory 2713317 139853404632896 directory_save error: ('40001', '[40001] [Microsoft][ODBC Driver 18 for SQL Server][SQL Server]Transaction (Process ID 56) was deadlocked on lock | communication buffer resources with another process and has been chosen as the deadlock victim. Rerun the transaction. (1205) (SQLExecDirectW)')
[ERROR] 2026-06-23 14:59:36,187 directory 2713318 139853404632896 directory_save error: ('40001', '[40001] [Microsoft][ODBC Driver 18 for SQL Server][SQL Server]Transaction (Process ID 58) was deadlocked on lock | communication buffer resources with another process and has been chosen as the deadlock victim. Rerun the transaction. (1205) (SQLExecDirectW)')
[ERROR] 2026-06-23 14:59:36,414 directory 2713316 139853404632896 directory_save error: ('40001', '[40001] [Microsoft][ODBC Driver 18 for SQL Server][SQL Server]Transaction (Process ID 55) was deadlocked on lock | communication buffer resources with another process and has been chosen as the deadlock victim. Rerun the transaction. (1205) (SQLExecDirectW)')
[ERROR] 2026-06-23 14:59:36,724 directory 2713315 139853404632896 directory_save error: ('40001', '[40001] [Microsoft][ODBC Driver 18 for SQL Server][SQL Server]Transaction (Process ID 54) was deadlocked on lock | communication buffer resources with another process and has been chosen as the deadlock victim. Rerun the transaction. (1205) (SQLExecDirectW)')
[ERROR] 2026-06-23 14:59:37,007 directory 2713320 139853404632896 directory_save error: ('40001', '[40001] [Microsoft][ODBC Driver 18 for SQL Server][SQL Server]Transaction (Process ID 51) was deadlocked on lock | communication buffer resources with another process and has been chosen as the deadlock victim. Rerun the transaction. (1205) (SQLExecDirectW)')
[ERROR] 2026-06-23 14:59:37,215 directory 2713317 139853404632896 directory_save error: ('40001', '[40001] [Microsoft][ODBC Driver 18 for SQL Server][SQL Server]Transaction (Process ID 56) was deadlocked on lock | communication buffer resources with another process and has been chosen as the deadlock victim. Rerun the transaction. (1205) (SQLExecDirectW)')
[ERROR] 2026-06-23 14:59:37,431 directory 2713318 139853404632896 directory_save error: ('40001', '[40001] [Microsoft][ODBC Driver 18 for SQL Server][SQL Server]Transaction (Process ID 58) was deadlocked on lock | communication buffer resources with another process and has been chosen as the deadlock victim. Rerun the transaction. (1205) (SQLExecDirectW)')
[ERROR] 2026-06-23 14:59:37,644 directory 2713316 139853404632896 directory_save error: ('40001', '[40001] [Microsoft][ODBC Driver 18 for SQL Server][SQL Server]Transaction (Process ID 55) was deadlocked on lock | communication buffer resources with another process and has been chosen as the deadlock victim. Rerun the transaction. (1205) (SQLExecDirectW)')
[ERROR] 2026-06-23 14:59:37,854 directory 2767924 139853404632896 directory_save error: ('40001', '[40001] [Microsoft][ODBC Driver 18 for SQL Server][SQL Server]Transaction (Process ID 57) was deadlocked on lock | communication buffer resources with another process and has been chosen as the deadlock victim. Rerun the transaction. (1205) (SQLExecDirectW)')
[ERROR] 2026-06-23 14:59:38,066 directory 2713321 139853404632896 directory_save error: ('40001', '[40001] [Microsoft][ODBC Driver 18 for SQL Server][SQL Server]Transaction (Process ID 52) was deadlocked on lock | communication buffer resources with another process and has been chosen as the deadlock victim. Rerun the transaction. (1205) (SQLExecDirectW)')
[ERROR] 2026-06-23 14:59:38,722 directory 2713320 139853404632896 directory_save error: ('40001', '[40001] [Microsoft][ODBC Driver 18 for SQL Server][SQL Server]Transaction (Process ID 51) was deadlocked on lock | communication buffer resources with another process and has been chosen as the deadlock victim. Rerun the transaction. (1205) (SQLExecDirectW)')
[ERROR] 2026-06-23 14:59:38,909 directory 2713317 139853404632896 directory_save error: ('40001', '[40001] [Microsoft][ODBC Driver 18 for SQL Server][SQL Server]Transaction (Process ID 56) was deadlocked on lock | communication buffer resources with another process and has been chosen as the deadlock victim. Rerun the transaction. (1205) (SQLExecDirectW)')
[ERROR] 2026-06-23 14:59:39,113 directory 2713318 139853404632896 directory_save error: ('40001', '[40001] [Microsoft][ODBC Driver 18 for SQL Server][SQL Server]Transaction (Process ID 58) was deadlocked on lock | communication buffer resources with another process and has been chosen as the deadlock victim. Rerun the transaction. (1205) (SQLExecDirectW)')
[ERROR] 2026-06-23 14:59:39,332 directory 2713315 139853404632896 directory_save error: ('40001', '[40001] [Microsoft][ODBC Driver 18 for SQL Server][SQL Server]Transaction (Process ID 54) was deadlocked on lock | communication buffer resources with another process and has been chosen as the deadlock victim. Rerun the transaction. (1205) (SQLExecDirectW)')
[ERROR] 2026-06-23 14:59:39,523 directory 2767924 139853404632896 directory_save error: ('40001', '[40001] [Microsoft][ODBC Driver 18 for SQL Server][SQL Server]Transaction (Process ID 57) was deadlocked on lock | communication buffer resources with another process and has been chosen as the deadlock victim. Rerun the transaction. (1205) (SQLExecDirectW)')
[ERROR] 2026-06-23 14:59:39,725 directory 2713321 139853404632896 directory_save error: ('40001', '[40001] [Microsoft][ODBC Driver 18 for SQL Server][SQL Server]Transaction (Process ID 52) was deadlocked on lock | communication buffer resources with another process and has been chosen as the deadlock victim. Rerun the transaction. (1205) (SQLExecDirectW)')
[ERROR] 2026-06-23 14:59:39,926 directory 2713316 139853404632896 directory_save error: ('40001', '[40001] [Microsoft][ODBC Driver 18 for SQL Server][SQL Server]Transaction (Process ID 55) was deadlocked on lock | communication buffer resources with another process and has been chosen as the deadlock victim. Rerun the transaction. (1205) (SQLExecDirectW)')
[ERROR] 2026-06-23 14:59:40,266 directory 2713317 139853404632896 directory_save error: ('40001', '[40001] [Microsoft][ODBC Driver 18 for SQL Server][SQL Server]Transaction (Process ID 56) was deadlocked on lock | communication buffer resources with another process and has been chosen as the deadlock victim. Rerun the transaction. (1205) (SQLExecDirectW)')
[ERROR] 2026-06-23 14:59:40,570 directory 2713318 139853404632896 directory_save error: ('40001', '[40001] [Microsoft][ODBC Driver 18 for SQL Server][SQL Server]Transaction (Process ID 58) was deadlocked on lock | communication buffer resources with another process and has been chosen as the deadlock victim. Rerun the transaction. (1205) (SQLExecDirectW)')
[ERROR] 2026-06-23 14:59:40,768 directory 2713315 139853404632896 directory_save error: ('40001', '[40001] [Microsoft][ODBC Driver 18 for SQL Server][SQL Server]Transaction (Process ID 54) was deadlocked on lock | communication buffer resources with another process and has been chosen as the deadlock victim. Rerun the transaction. (1205) (SQLExecDirectW)')
[ERROR] 2026-06-23 14:59:40,971 directory 2767924 139853404632896 directory_save error: ('40001', '[40001] [Microsoft][ODBC Driver 18 for SQL Server][SQL Server]Transaction (Process ID 57) was deadlocked on lock | communication buffer resources with another process and has been chosen as the deadlock victim. Rerun the transaction. (1205) (SQLExecDirectW)')
[ERROR] 2026-06-23 14:59:41,171 directory 2713321 139853404632896 directory_save error: ('40001', '[40001] [Microsoft][ODBC Driver 18 for SQL Server][SQL Server]Transaction (Process ID 52) was deadlocked on lock | communication buffer resources with another process and has been chosen as the deadlock victim. Rerun the transaction. (1205) (SQLExecDirectW)')
[ERROR] 2026-06-23 14:59:41,372 directory 2713316 139853404632896 directory_save error: ('40001', '[40001] [Microsoft][ODBC Driver 18 for SQL Server][SQL Server]Transaction (Process ID 55) was deadlocked on lock | communication buffer resources with another process and has been chosen as the deadlock victim. Rerun the transaction. (1205) (SQLExecDirectW)')
[ERROR] 2026-06-23 14:59:41,571 directory 2713320 139853404632896 directory_save error: ('40001', '[40001] [Microsoft][ODBC Driver 18 for SQL Server][SQL Server]Transaction (Process ID 51) was deadlocked on lock | communication buffer resources with another process and has been chosen as the deadlock victim. Rerun the transaction. (1205) (SQLExecDirectW)')
[ERROR] 2026-06-23 14:59:42,014 directory 2713317 139853404632896 directory_save error: ('40001', '[40001] [Microsoft][ODBC Driver 18 for SQL Server][SQL Server]Transaction (Process ID 56) was deadlocked on lock | communication buffer resources with another process and has been chosen as the deadlock victim. Rerun the transaction. (1205) (SQLExecDirectW)')
[ERROR] 2026-06-23 14:59:42,312 directory 2713318 139853404632896 directory_save error: ('40001', '[40001] [Microsoft][ODBC Driver 18 for SQL Server][SQL Server]Transaction (Process ID 58) was deadlocked on lock | communication buffer resources with another process and has been chosen as the deadlock victim. Rerun the transaction. (1205) (SQLExecDirectW)')
[ERROR] 2026-06-23 14:59:42,516 directory 2767924 139853404632896 directory_save error: ('40001', '[40001] [Microsoft][ODBC Driver 18 for SQL Server][SQL Server]Transaction (Process ID 57) was deadlocked on lock | communication buffer resources with another process and has been chosen as the deadlock victim. Rerun the transaction. (1205) (SQLExecDirectW)')
[ERROR] 2026-06-23 14:59:42,722 directory 2713321 139853404632896 directory_save error: ('40001', '[40001] [Microsoft][ODBC Driver 18 for SQL Server][SQL Server]Transaction (Process ID 52) was deadlocked on lock | communication buffer resources with another process and has been chosen as the deadlock victim. Rerun the transaction. (1205) (SQLExecDirectW)')
[ERROR] 2026-06-23 14:59:42,948 directory 2713316 139853404632896 directory_save error: ('40001', '[40001] [Microsoft][ODBC Driver 18 for SQL Server][SQL Server]Transaction (Process ID 55) was deadlocked on lock | communication buffer resources with another process and has been chosen as the deadlock victim. Rerun the transaction. (1205) (SQLExecDirectW)')
[ERROR] 2026-06-23 14:59:43,168 directory 2713320 139853404632896 directory_save error: ('40001', '[40001] [Microsoft][ODBC Driver 18 for SQL Server][SQL Server]Transaction (Process ID 51) was deadlocked on lock | communication buffer resources with another process and has been chosen as the deadlock victim. Rerun the transaction. (1205) (SQLExecDirectW)')
[ERROR] 2026-06-23 14:59:43,387 directory 2713315 139853404632896 directory_save error: ('40001', '[40001] [Microsoft][ODBC Driver 18 for SQL Server][SQL Server]Transaction (Process ID 54) was deadlocked on lock | communication buffer resources with another process and has been chosen as the deadlock victim. Rerun the transaction. (1205) (SQLExecDirectW)')
[ERROR] 2026-06-23 14:59:43,769 directory 2713318 139853404632896 directory_save error: ('40001', '[40001] [Microsoft][ODBC Driver 18 for SQL Server][SQL Server]Transaction (Process ID 58) was deadlocked on lock | communication buffer resources with another process and has been chosen as the deadlock victim. Rerun the transaction. (1205) (SQLExecDirectW)')
[ERROR] 2026-06-23 14:59:44,073 directory 2767924 139853404632896 directory_save error: ('40001', '[40001] [Microsoft][ODBC Driver 18 for SQL Server][SQL Server]Transaction (Process ID 57) was deadlocked on lock | communication buffer resources with another process and has been chosen as the deadlock victim. Rerun the transaction. (1205) (SQLExecDirectW)')
[ERROR] 2026-06-23 14:59:44,303 directory 2713321 139853404632896 directory_save error: ('40001', '[40001] [Microsoft][ODBC Driver 18 for SQL Server][SQL Server]Transaction (Process ID 52) was deadlocked on lock | communication buffer resources with another process and has been chosen as the deadlock victim. Rerun the transaction. (1205) (SQLExecDirectW)')
[ERROR] 2026-06-23 14:59:44,513 directory 2713316 139853404632896 directory_save error: ('40001', '[40001] [Microsoft][ODBC Driver 18 for SQL Server][SQL Server]Transaction (Process ID 55) was deadlocked on lock | communication buffer resources with another process and has been chosen as the deadlock victim. Rerun the transaction. (1205) (SQLExecDirectW)')
[ERROR] 2026-06-23 14:59:44,749 directory 2713320 139853404632896 directory_save error: ('40001', '[40001] [Microsoft][ODBC Driver 18 for SQL Server][SQL Server]Transaction (Process ID 51) was deadlocked on lock | communication buffer resources with another process and has been chosen as the deadlock victim. Rerun the transaction. (1205) (SQLExecDirectW)')
[ERROR] 2026-06-23 14:59:44,964 directory 2713315 139853404632896 directory_save error: ('40001', '[40001] [Microsoft][ODBC Driver 18 for SQL Server][SQL Server]Transaction (Process ID 54) was deadlocked on lock | communication buffer resources with another process and has been chosen as the deadlock victim. Rerun the transaction. (1205) (SQLExecDirectW)')
[ERROR] 2026-06-23 14:59:45,220 directory 2713317 139853404632896 directory_save error: ('40001', '[40001] [Microsoft][ODBC Driver 18 for SQL Server][SQL Server]Transaction (Process ID 56) was deadlocked on lock | communication buffer resources with another process and has been chosen as the deadlock victim. Rerun the transaction. (1205) (SQLExecDirectW)')
[ERROR] 2026-06-23 14:59:45,811 directory 2713321 139853404632896 directory_save error: ('40001', '[40001] [Microsoft][ODBC Driver 18 for SQL Server][SQL Server]Transaction (Process ID 52) was deadlocked on lock | communication buffer resources with another process and has been chosen as the deadlock victim. Rerun the transaction. (1205) (SQLExecDirectW)')
[ERROR] 2026-06-23 14:59:46,348 directory 2713316 139853404632896 directory_save error: ('40001', '[40001] [Microsoft][ODBC Driver 18 for SQL Server][SQL Server]Transaction (Process ID 55) was deadlocked on lock | communication buffer resources with another process and has been chosen as the deadlock victim. Rerun the transaction. (1205) (SQLExecDirectW)')
[ERROR] 2026-06-23 14:59:46,650 directory 2713320 139853404632896 directory_save error: ('40001', '[40001] [Microsoft][ODBC Driver 18 for SQL Server][SQL Server]Transaction (Process ID 51) was deadlocked on lock | communication buffer resources with another process and has been chosen as the deadlock victim. Rerun the transaction. (1205) (SQLExecDirectW)')
[ERROR] 2026-06-23 14:59:46,867 directory 2713315 139853404632896 directory_save error: ('40001', '[40001] [Microsoft][ODBC Driver 18 for SQL Server][SQL Server]Transaction (Process ID 54) was deadlocked on lock | communication buffer resources with another process and has been chosen as the deadlock victim. Rerun the transaction. (1205) (SQLExecDirectW)')
[ERROR] 2026-06-23 14:59:47,088 directory 2713317 139853404632896 directory_save error: ('40001', '[40001] [Microsoft][ODBC Driver 18 for SQL Server][SQL Server]Transaction (Process ID 56) was deadlocked on lock | communication buffer resources with another process and has been chosen as the deadlock victim. Rerun the transaction. (1205) (SQLExecDirectW)')
[ERROR] 2026-06-23 14:59:47,329 directory 2713319 139853404632896 directory_save error: ('40001', '[40001] [Microsoft][ODBC Driver 18 for SQL Server][SQL Server]Transaction (Process ID 60) was deadlocked on lock | communication buffer resources with another process and has been chosen as the deadlock victim. Rerun the transaction. (1205) (SQLExecDirectW)')
[ERROR] 2026-06-23 14:59:47,534 directory 2767924 139853404632896 directory_save error: ('40001', '[40001] [Microsoft][ODBC Driver 18 for SQL Server][SQL Server]Transaction (Process ID 57) was deadlocked on lock | communication buffer resources with another process and has been chosen as the deadlock victim. Rerun the transaction. (1205) (SQLExecDirectW)')
[ERROR] 2026-06-23 14:59:48,228 directory 2713321 139853404632896 directory_save error: ('40001', '[40001] [Microsoft][ODBC Driver 18 for SQL Server][SQL Server]Transaction (Process ID 52) was deadlocked on lock | communication buffer resources with another process and has been chosen as the deadlock victim. Rerun the transaction. (1205) (SQLExecDirectW)')
[ERROR] 2026-06-23 14:59:48,426 directory 2713320 139853404632896 directory_save error: ('40001', '[40001] [Microsoft][ODBC Driver 18 for SQL Server][SQL Server]Transaction (Process ID 51) was deadlocked on lock | communication buffer resources with another process and has been chosen as the deadlock victim. Rerun the transaction. (1205) (SQLExecDirectW)')
[ERROR] 2026-06-23 14:59:48,641 directory 2713315 139853404632896 directory_save error: ('40001', '[40001] [Microsoft][ODBC Driver 18 for SQL Server][SQL Server]Transaction (Process ID 54) was deadlocked on lock | communication buffer resources with another process and has been chosen as the deadlock victim. Rerun the transaction. (1205) (SQLExecDirectW)')
[ERROR] 2026-06-23 14:59:48,850 directory 2713317 139853404632896 directory_save error: ('40001', '[40001] [Microsoft][ODBC Driver 18 for SQL Server][SQL Server]Transaction (Process ID 56) was deadlocked on lock | communication buffer resources with another process and has been chosen as the deadlock victim. Rerun the transaction. (1205) (SQLExecDirectW)')
[ERROR] 2026-06-23 14:59:49,048 directory 2713319 139853404632896 directory_save error: ('40001', '[40001] [Microsoft][ODBC Driver 18 for SQL Server][SQL Server]Transaction (Process ID 60) was deadlocked on lock | communication buffer resources with another process and has been chosen as the deadlock victim. Rerun the transaction. (1205) (SQLExecDirectW)')
[ERROR] 2026-06-23 14:59:49,254 directory 2767924 139853404632896 directory_save error: ('40001', '[40001] [Microsoft][ODBC Driver 18 for SQL Server][SQL Server]Transaction (Process ID 57) was deadlocked on lock | communication buffer resources with another process and has been chosen as the deadlock victim. Rerun the transaction. (1205) (SQLExecDirectW)')
[ERROR] 2026-06-23 14:59:49,469 directory 2713316 139853404632896 directory_save error: ('40001', '[40001] [Microsoft][ODBC Driver 18 for SQL Server][SQL Server]Transaction (Process ID 55) was deadlocked on lock | communication buffer resources with another process and has been chosen as the deadlock victim. Rerun the transaction. (1205) (SQLExecDirectW)')
[ERROR] 2026-06-23 14:59:50,138 directory 2713320 139853404632896 directory_save error: ('40001', '[40001] [Microsoft][ODBC Driver 18 for SQL Server][SQL Server]Transaction (Process ID 51) was deadlocked on lock | communication buffer resources with another process and has been chosen as the deadlock victim. Rerun the transaction. (1205) (SQLExecDirectW)')
[ERROR] 2026-06-23 14:59:50,355 directory 2713315 139853404632896 directory_save error: ('40001', '[40001] [Microsoft][ODBC Driver 18 for SQL Server][SQL Server]Transaction (Process ID 54) was deadlocked on lock | communication buffer resources with another process and has been chosen as the deadlock victim. Rerun the transaction. (1205) (SQLExecDirectW)')
[ERROR] 2026-06-23 14:59:50,565 directory 2713317 139853404632896 directory_save error: ('40001', '[40001] [Microsoft][ODBC Driver 18 for SQL Server][SQL Server]Transaction (Process ID 56) was deadlocked on lock | communication buffer resources with another process and has been chosen as the deadlock victim. Rerun the transaction. (1205) (SQLExecDirectW)')
[ERROR] 2026-06-23 14:59:50,775 directory 2713319 139853404632896 directory_save error: ('40001', '[40001] [Microsoft][ODBC Driver 18 for SQL Server][SQL Server]Transaction (Process ID 60) was deadlocked on lock | communication buffer resources with another process and has been chosen as the deadlock victim. Rerun the transaction. (1205) (SQLExecDirectW)')
[ERROR] 2026-06-23 14:59:50,987 directory 2767924 139853404632896 directory_save error: ('40001', '[40001] [Microsoft][ODBC Driver 18 for SQL Server][SQL Server]Transaction (Process ID 57) was deadlocked on lock | communication buffer resources with another process and has been chosen as the deadlock victim. Rerun the transaction. (1205) (SQLExecDirectW)')
[ERROR] 2026-06-23 14:59:51,211 directory 2713316 139853404632896 directory_save error: ('40001', '[40001] [Microsoft][ODBC Driver 18 for SQL Server][SQL Server]Transaction (Process ID 55) was deadlocked on lock | communication buffer resources with another process and has been chosen as the deadlock victim. Rerun the transaction. (1205) (SQLExecDirectW)')
[ERROR] 2026-06-23 14:59:51,423 directory 2713321 139853404632896 directory_save error: ('40001', '[40001] [Microsoft][ODBC Driver 18 for SQL Server][SQL Server]Transaction (Process ID 52) was deadlocked on lock | communication buffer resources with another process and has been chosen as the deadlock victim. Rerun the transaction. (1205) (SQLExecDirectW)')
[ERROR] 2026-06-23 14:59:51,788 directory 2713320 139853404632896 directory_save error: ('40001', '[40001] [Microsoft][ODBC Driver 18 for SQL Server][SQL Server]Transaction (Process ID 51) was deadlocked on lock | communication buffer resources with another process and has been chosen as the deadlock victim. Rerun the transaction. (1205) (SQLExecDirectW)')
[ERROR] 2026-06-23 14:59:52,074 directory 2713317 139853404632896 directory_save error: ('40001', '[40001] [Microsoft][ODBC Driver 18 for SQL Server][SQL Server]Transaction (Process ID 56) was deadlocked on lock | communication buffer resources with another process and has been chosen as the deadlock victim. Rerun the transaction. (1205) (SQLExecDirectW)')
[ERROR] 2026-06-23 14:59:52,289 directory 2713319 139853404632896 directory_save error: ('40001', '[40001] [Microsoft][ODBC Driver 18 for SQL Server][SQL Server]Transaction (Process ID 60) was deadlocked on lock | communication buffer resources with another process and has been chosen as the deadlock victim. Rerun the transaction. (1205) (SQLExecDirectW)')
[ERROR] 2026-06-23 14:59:52,488 directory 2767924 139853404632896 directory_save error: ('40001', '[40001] [Microsoft][ODBC Driver 18 for SQL Server][SQL Server]Transaction (Process ID 57) was deadlocked on lock | communication buffer resources with another process and has been chosen as the deadlock victim. Rerun the transaction. (1205) (SQLExecDirectW)')
[ERROR] 2026-06-23 14:59:52,713 directory 2713316 139853404632896 directory_save error: ('40001', '[40001] [Microsoft][ODBC Driver 18 for SQL Server][SQL Server]Transaction (Process ID 55) was deadlocked on lock | communication buffer resources with another process and has been chosen as the deadlock victim. Rerun the transaction. (1205) (SQLExecDirectW)')
[ERROR] 2026-06-23 14:59:52,911 directory 2713321 139853404632896 directory_save error: ('40001', '[40001] [Microsoft][ODBC Driver 18 for SQL Server][SQL Server]Transaction (Process ID 52) was deadlocked on lock | communication buffer resources with another process and has been chosen as the deadlock victim. Rerun the transaction. (1205) (SQLExecDirectW)')
[ERROR] 2026-06-23 14:59:53,114 directory 2713315 139853404632896 directory_save error: ('40001', '[40001] [Microsoft][ODBC Driver 18 for SQL Server][SQL Server]Transaction (Process ID 54) was deadlocked on lock | communication buffer resources with another process and has been chosen as the deadlock victim. Rerun the transaction. (1205) (SQLExecDirectW)')
[ERROR] 2026-06-23 15:16:09,753 directory 2713315 139853404632896 directory_save error: ('40001', '[40001] [Microsoft][ODBC Driver 18 for SQL Server][SQL Server]Transaction (Process ID 55) was deadlocked on lock resources with another process and has been chosen as the deadlock victim. Rerun the transaction. (1205) (SQLExecDirectW)')
[ERROR] 2026-06-23 16:17:57,986 directory 2713315 139853404632896 directory_save error: ('40001', '[40001] [Microsoft][ODBC Driver 18 for SQL Server][SQL Server]Transaction (Process ID 55) was deadlocked on lock | communication buffer resources with another process and has been chosen as the deadlock victim. Rerun the transaction. (1205) (SQLExecDirectW)')
[ERROR] 2026-06-23 16:20:30,544 directory 2713321 139853404632896 directory_save error: ('40001', '[40001] [Microsoft][ODBC Driver 18 for SQL Server][SQL Server]Transaction (Process ID 58) was deadlocked on lock | communication buffer resources with another process and has been chosen as the deadlock victim. Rerun the transaction. (1205) (SQLExecDirectW)')
[ERROR] 2026-06-23 16:24:58,340 directory 2713318 139853404632896 directory_save error: ('40001', '[40001] [Microsoft][ODBC Driver 18 for SQL Server][SQL Server]Transaction (Process ID 54) was deadlocked on lock resources with another process and has been chosen as the deadlock victim. Rerun the transaction. (1205) (SQLExecDirectW)')
[ERROR] 2026-06-23 16:25:05,933 directory 2713319 139853404632896 directory_save error: ('40001', '[40001] [Microsoft][ODBC Driver 18 for SQL Server][SQL Server]Transaction (Process ID 52) was deadlocked on lock | communication buffer resources with another process and has been chosen as the deadlock victim. Rerun the transaction. (1205) (SQLExecDirectW)')
[ERROR] 2026-06-23 16:25:58,495 directory 2713315 139853404632896 directory_save error: ('40001', '[40001] [Microsoft][ODBC Driver 18 for SQL Server][SQL Server]Transaction (Process ID 51) was deadlocked on lock | communication buffer resources with another process and has been chosen as the deadlock victim. Rerun the transaction. (1205) (SQLExecDirectW)')
[ERROR] 2026-06-24 01:57:05,311 db_utils 25459 139934574876480 [线程139934574876480] ARCHIVES_DB 连接失败: ('01000', "[01000] [unixODBC][Driver Manager]Can't open lib 'ODBC Driver 18 for SQL Server' : file not found (0) (SQLDriverConnect)")
[ERROR] 2026-06-24 01:57:05,312 backends 25459 139934574876480 档案用户认证失败: ('01000', "[01000] [unixODBC][Driver Manager]Can't open lib 'ODBC Driver 18 for SQL Server' : file not found (0) (SQLDriverConnect)")
[ERROR] 2026-06-24 01:57:10,405 db_utils 25453 139934574876480 [线程139934574876480] ARCHIVES_DB 连接失败: ('01000', "[01000] [unixODBC][Driver Manager]Can't open lib 'ODBC Driver 18 for SQL Server' : file not found (0) (SQLDriverConnect)")
[ERROR] 2026-06-24 01:57:10,534 db_utils 25453 139934574876480 [线程139934574876480] ARCHIVES_DB 连接失败: ('01000', "[01000] [unixODBC][Driver Manager]Can't open lib 'ODBC Driver 18 for SQL Server' : file not found (0) (SQLDriverConnect)")
[ERROR] 2026-06-24 01:57:16,808 db_utils 25453 139934574876480 [线程139934574876480] ARCHIVES_DB 连接失败: ('01000', "[01000] [unixODBC][Driver Manager]Can't open lib 'ODBC Driver 18 for SQL Server' : file not found (0) (SQLDriverConnect)")
[ERROR] 2026-06-24 01:57:38,061 db_utils 25458 139934574876480 [线程139934574876480] ARCHIVES_DB 连接失败: ('01000', "[01000] [unixODBC][Driver Manager]Can't open lib 'ODBC Driver 18 for SQL Server' : file not found (0) (SQLDriverConnect)")
[ERROR] 2026-06-24 01:58:22,540 db_utils 25456 139934574876480 [线程139934574876480] ARCHIVES_DB 连接失败: ('01000', "[01000] [unixODBC][Driver Manager]Can't open lib 'ODBC Driver 18 for SQL Server' : file not found (0) (SQLDriverConnect)")
[ERROR] 2026-06-24 01:58:22,540 person_search 25456 139934574876480 搜索失败: ('01000', "[01000] [unixODBC][Driver Manager]Can't open lib 'ODBC Driver 18 for SQL Server' : file not found (0) (SQLDriverConnect)")
[ERROR] 2026-06-24 02:03:45,755 db_utils 25458 139934574876480 [线程139934574876480] ARCHIVES_DB 连接失败: ('01000', "[01000] [unixODBC][Driver Manager]Can't open lib 'ODBC Driver 18 for SQL Server' : file not found (0) (SQLDriverConnect)")
[ERROR] 2026-06-24 02:03:45,906 db_utils 25456 139934574876480 [线程139934574876480] ARCHIVES_DB 连接失败: ('01000', "[01000] [unixODBC][Driver Manager]Can't open lib 'ODBC Driver 18 for SQL Server' : file not found (0) (SQLDriverConnect)")
[ERROR] 2026-06-24 02:03:56,077 db_utils 25453 139934574876480 [线程139934574876480] ARCHIVES_DB 连接失败: ('01000', "[01000] [unixODBC][Driver Manager]Can't open lib 'ODBC Driver 18 for SQL Server' : file not found (0) (SQLDriverConnect)")
[ERROR] 2026-06-24 07:00:53,697 log 83181 140709670254400 Internal Server Error: /archives/image/api/scan-generate-pdf/
Traceback (most recent call last):
  File "/home/hsy/miniconda3/envs/django_env/lib/python3.11/site-packages/django/core/handlers/exception.py", line 55, in inner
    response = get_response(request)
               ^^^^^^^^^^^^^^^^^^^^^
  File "/home/hsy/miniconda3/envs/django_env/lib/python3.11/site-packages/django/core/handlers/base.py", line 197, in _get_response
    response = wrapped_callback(request, *callback_args, **callback_kwargs)
               ^^^^^^^^^^^^^^^^^^^^^^^^^^^^^^^^^^^^^^^^^^^^^^^^^^^^^^^^^^^^
  File "/home/hsy/miniconda3/envs/django_env/lib/python3.11/site-packages/django/contrib/auth/decorators.py", line 59, in _view_wrapper
    return view_func(request, *args, **kwargs)
           ^^^^^^^^^^^^^^^^^^^^^^^^^^^^^^^^^^^
  File "/home/hsy/myedu/main/views/archives/image/scan_viewer.py", line 61, in api_generate_pdf
    success, result = get_or_generate_pdf(
                      ^^^^^^^^^^^^^^^^^^^^
  File "/home/hsy/myedu/main/views/archives/image/scan_service.py", line 308, in get_or_generate_pdf
    success, result = images_to_pdf(
                      ^^^^^^^^^^^^^^
  File "/home/hsy/myedu/main/views/archives/image/scan_service.py", line 223, in images_to_pdf
    os.makedirs(os.path.dirname(output_pdf_path), exist_ok=True)
  File "<frozen os>", line 215, in makedirs
  File "<frozen os>", line 215, in makedirs
  File "<frozen os>", line 215, in makedirs
  [Previous line repeated 1 more time]
  File "<frozen os>", line 225, in makedirs
PermissionError: [Errno 13] Permission denied: '/mnt/raid10/das_pdf'
[ERROR] 2026-06-24 07:01:05,141 log 83186 140709670254400 Internal Server Error: /archives/image/api/scan-generate-pdf/
Traceback (most recent call last):
  File "/home/hsy/miniconda3/envs/django_env/lib/python3.11/site-packages/django/core/handlers/exception.py", line 55, in inner
    response = get_response(request)
               ^^^^^^^^^^^^^^^^^^^^^
  File "/home/hsy/miniconda3/envs/django_env/lib/python3.11/site-packages/django/core/handlers/base.py", line 197, in _get_response
    response = wrapped_callback(request, *callback_args, **callback_kwargs)
               ^^^^^^^^^^^^^^^^^^^^^^^^^^^^^^^^^^^^^^^^^^^^^^^^^^^^^^^^^^^^
  File "/home/hsy/miniconda3/envs/django_env/lib/python3.11/site-packages/django/contrib/auth/decorators.py", line 59, in _view_wrapper
    return view_func(request, *args, **kwargs)
           ^^^^^^^^^^^^^^^^^^^^^^^^^^^^^^^^^^^
  File "/home/hsy/myedu/main/views/archives/image/scan_viewer.py", line 61, in api_generate_pdf
    success, result = get_or_generate_pdf(
                      ^^^^^^^^^^^^^^^^^^^^
  File "/home/hsy/myedu/main/views/archives/image/scan_service.py", line 308, in get_or_generate_pdf
    success, result = images_to_pdf(
                      ^^^^^^^^^^^^^^
  File "/home/hsy/myedu/main/views/archives/image/scan_service.py", line 223, in images_to_pdf
    os.makedirs(os.path.dirname(output_pdf_path), exist_ok=True)
  File "<frozen os>", line 215, in makedirs
  File "<frozen os>", line 215, in makedirs
  File "<frozen os>", line 215, in makedirs
  [Previous line repeated 1 more time]
  File "<frozen os>", line 225, in makedirs
PermissionError: [Errno 13] Permission denied: '/mnt/raid10/das_pdf'
[ERROR] 2026-06-24 09:07:01,534 directory 84079 140126073288384 directory_save error: ('40001', '[40001] [Microsoft][ODBC Driver 18 for SQL Server][SQL Server]Transaction (Process ID 73) was deadlocked on lock | communication buffer resources with another process and has been chosen as the deadlock victim. Rerun the transaction. (1205) (SQLExecDirectW)')
[ERROR] 2026-06-24 09:07:14,196 directory 84079 140126086526656 directory_save error: ('40001', '[40001] [Microsoft][ODBC Driver 18 for SQL Server][SQL Server]Transaction (Process ID 64) was deadlocked on lock | communication buffer resources with another process and has been chosen as the deadlock victim. Rerun the transaction. (1205) (SQLExecDirectW)')
[ERROR] 2026-06-24 09:20:47,221 directory 84079 140125992384192 directory_save error: ('40001', '[40001] [Microsoft][ODBC Driver 18 for SQL Server][SQL Server]Transaction (Process ID 64) was deadlocked on lock | communication buffer resources with another process and has been chosen as the deadlock victim. Rerun the transaction. (1205) (SQLExecDirectW)')
[ERROR] 2026-06-24 09:23:04,955 directory 84079 140125992384192 directory_save error: ('40001', '[40001] [Microsoft][ODBC Driver 18 for SQL Server][SQL Server]Transaction (Process ID 64) was deadlocked on lock | communication buffer resources with another process and has been chosen as the deadlock victim. Rerun the transaction. (1205) (SQLExecDirectW)')
[ERROR] 2026-06-24 09:26:42,657 directory 84183 140489504839488 directory_save error: ('40001', '[40001] [Microsoft][ODBC Driver 18 for SQL Server][SQL Server]Transaction (Process ID 54) was deadlocked on lock | communication buffer resources with another process and has been chosen as the deadlock victim. Rerun the transaction. (1205) (SQLExecDirectW)')
[ERROR] 2026-06-24 09:27:40,360 directory 84187 140489504839488 directory_save error: ('40001', '[40001] [Microsoft][ODBC Driver 18 for SQL Server][SQL Server]Transaction (Process ID 68) was deadlocked on lock | communication buffer resources with another process and has been chosen as the deadlock victim. Rerun the transaction. (1205) (SQLExecDirectW)')
[ERROR] 2026-06-24 09:27:45,566 directory 84184 140489504839488 directory_save error: ('40001', '[40001] [Microsoft][ODBC Driver 18 for SQL Server][SQL Server]Transaction (Process ID 69) was deadlocked on lock | communication buffer resources with another process and has been chosen as the deadlock victim. Rerun the transaction. (1205) (SQLExecDirectW)')
[ERROR] 2026-06-24 09:27:48,242 directory 84187 140489504839488 directory_save error: ('40001', '[40001] [Microsoft][ODBC Driver 18 for SQL Server][SQL Server]Transaction (Process ID 61) was deadlocked on lock | communication buffer resources with another process and has been chosen as the deadlock victim. Rerun the transaction. (1205) (SQLExecDirectW)')
[ERROR] 2026-06-24 09:28:19,045 directory 84187 140489504839488 directory_save error: ('40001', '[40001] [Microsoft][ODBC Driver 18 for SQL Server][SQL Server]Transaction (Process ID 61) was deadlocked on lock | communication buffer resources with another process and has been chosen as the deadlock victim. Rerun the transaction. (1205) (SQLExecDirectW)')
[ERROR] 2026-06-24 09:29:51,833 directory 84187 140489504839488 directory_save error: ('40001', '[40001] [Microsoft][ODBC Driver 18 for SQL Server][SQL Server]Transaction (Process ID 61) was deadlocked on lock | communication buffer resources with another process and has been chosen as the deadlock victim. Rerun the transaction. (1205) (SQLExecDirectW)')
[ERROR] 2026-06-24 09:32:24,539 directory 84183 140489504839488 directory_save error: ('40001', '[40001] [Microsoft][ODBC Driver 18 for SQL Server][SQL Server]Transaction (Process ID 54) was deadlocked on lock | communication buffer resources with another process and has been chosen as the deadlock victim. Rerun the transaction. (1205) (SQLExecDirectW)')
[ERROR] 2026-06-24 09:53:02,633 directory 84189 140489504839488 directory_save error: ('40001', '[40001] [Microsoft][ODBC Driver 18 for SQL Server][SQL Server]Transaction (Process ID 63) was deadlocked on lock resources with another process and has been chosen as the deadlock victim. Rerun the transaction. (1205) (SQLExecDirectW)')
[ERROR] 2026-06-24 09:54:10,228 directory 84183 140489504839488 directory_save error: ('40001', '[40001] [Microsoft][ODBC Driver 18 for SQL Server][SQL Server]Transaction (Process ID 54) was deadlocked on lock | communication buffer resources with another process and has been chosen as the deadlock victim. Rerun the transaction. (1205) (SQLExecDirectW)')
[ERROR] 2026-06-24 09:54:22,897 directory 84186 140489504839488 directory_save error: ('40001', '[40001] [Microsoft][ODBC Driver 18 for SQL Server][SQL Server]Transaction (Process ID 54) was deadlocked on lock | communication buffer resources with another process and has been chosen as the deadlock victim. Rerun the transaction. (1205) (SQLExecDirectW)')
[ERROR] 2026-06-24 09:57:00,594 directory 84186 140489504839488 directory_save error: ('40001', '[40001] [Microsoft][ODBC Driver 18 for SQL Server][SQL Server]Transaction (Process ID 71) was deadlocked on lock | communication buffer resources with another process and has been chosen as the deadlock victim. Rerun the transaction. (1205) (SQLExecDirectW)')
[ERROR] 2026-06-24 09:57:18,249 directory 84186 140489504839488 directory_save error: ('40001', '[40001] [Microsoft][ODBC Driver 18 for SQL Server][SQL Server]Transaction (Process ID 67) was deadlocked on lock | communication buffer resources with another process and has been chosen as the deadlock victim. Rerun the transaction. (1205) (SQLExecDirectW)')
[ERROR] 2026-06-24 10:06:31,027 directory 84183 140489504839488 directory_save error: ('40001', '[40001] [Microsoft][ODBC Driver 18 for SQL Server][SQL Server]Transaction (Process ID 54) was deadlocked on lock | communication buffer resources with another process and has been chosen as the deadlock victim. Rerun the transaction. (1205) (SQLExecDirectW)')
[ERROR] 2026-06-24 10:09:18,774 directory 84186 140489504839488 directory_save error: ('40001', '[40001] [Microsoft][ODBC Driver 18 for SQL Server][SQL Server]Transaction (Process ID 67) was deadlocked on lock | communication buffer resources with another process and has been chosen as the deadlock victim. Rerun the transaction. (1205) (SQLExecDirectW)')
[ERROR] 2026-06-24 10:09:24,059 directory 84183 140489504839488 directory_save error: ('40001', '[40001] [Microsoft][ODBC Driver 18 for SQL Server][SQL Server]Transaction (Process ID 54) was deadlocked on lock | communication buffer resources with another process and has been chosen as the deadlock victim. Rerun the transaction. (1205) (SQLExecDirectW)')
[ERROR] 2026-06-24 10:09:26,991 directory 84187 140489504839488 directory_save error: ('40001', '[40001] [Microsoft][ODBC Driver 18 for SQL Server][SQL Server]Transaction (Process ID 63) was deadlocked on lock | communication buffer resources with another process and has been chosen as the deadlock victim. Rerun the transaction. (1205) (SQLExecDirectW)')
[ERROR] 2026-06-24 10:09:28,619 directory 84188 140489504839488 directory_save error: ('40001', '[40001] [Microsoft][ODBC Driver 18 for SQL Server][SQL Server]Transaction (Process ID 70) was deadlocked on lock | communication buffer resources with another process and has been chosen as the deadlock victim. Rerun the transaction. (1205) (SQLExecDirectW)')
[ERROR] 2026-06-24 10:09:29,613 directory 84184 140489504839488 directory_save error: ('40001', '[40001] [Microsoft][ODBC Driver 18 for SQL Server][SQL Server]Transaction (Process ID 61) was deadlocked on lock | communication buffer resources with another process and has been chosen as the deadlock victim. Rerun the transaction. (1205) (SQLExecDirectW)')
[ERROR] 2026-06-24 10:11:08,995 log 84189 140489504839488 Invalid HTTP_HOST header: '192.168.16.100'. You may need to add '192.168.16.100' to ALLOWED_HOSTS.
Traceback (most recent call last):
  File "/home/hsy/miniconda3/envs/django_env/lib/python3.11/site-packages/django/core/handlers/exception.py", line 55, in inner
    response = get_response(request)
               ^^^^^^^^^^^^^^^^^^^^^
  File "/home/hsy/miniconda3/envs/django_env/lib/python3.11/site-packages/django/utils/deprecation.py", line 119, in __call__
    response = self.process_request(request)
               ^^^^^^^^^^^^^^^^^^^^^^^^^^^^^
  File "/home/hsy/miniconda3/envs/django_env/lib/python3.11/site-packages/django/middleware/common.py", line 48, in process_request
    host = request.get_host()
           ^^^^^^^^^^^^^^^^^^
  File "/home/hsy/miniconda3/envs/django_env/lib/python3.11/site-packages/django/http/request.py", line 203, in get_host
    raise DisallowedHost(msg)
django.core.exceptions.DisallowedHost: Invalid HTTP_HOST header: '192.168.16.100'. You may need to add '192.168.16.100' to ALLOWED_HOSTS.
[ERROR] 2026-06-24 10:11:09,274 log 84185 140489504839488 Invalid HTTP_HOST header: '192.168.16.100'. You may need to add '192.168.16.100' to ALLOWED_HOSTS.
Traceback (most recent call last):
  File "/home/hsy/miniconda3/envs/django_env/lib/python3.11/site-packages/django/core/handlers/exception.py", line 55, in inner
    response = get_response(request)
               ^^^^^^^^^^^^^^^^^^^^^
  File "/home/hsy/miniconda3/envs/django_env/lib/python3.11/site-packages/django/utils/deprecation.py", line 119, in __call__
    response = self.process_request(request)
               ^^^^^^^^^^^^^^^^^^^^^^^^^^^^^
  File "/home/hsy/miniconda3/envs/django_env/lib/python3.11/site-packages/django/middleware/common.py", line 48, in process_request
    host = request.get_host()
           ^^^^^^^^^^^^^^^^^^
  File "/home/hsy/miniconda3/envs/django_env/lib/python3.11/site-packages/django/http/request.py", line 203, in get_host
    raise DisallowedHost(msg)
django.core.exceptions.DisallowedHost: Invalid HTTP_HOST header: '192.168.16.100'. You may need to add '192.168.16.100' to ALLOWED_HOSTS.
[ERROR] 2026-06-24 10:11:31,857 log 84189 140489504839488 Invalid HTTP_HOST header: '192.168.16.100'. You may need to add '192.168.16.100' to ALLOWED_HOSTS.
Traceback (most recent call last):
  File "/home/hsy/miniconda3/envs/django_env/lib/python3.11/site-packages/django/core/handlers/exception.py", line 55, in inner
    response = get_response(request)
               ^^^^^^^^^^^^^^^^^^^^^
  File "/home/hsy/miniconda3/envs/django_env/lib/python3.11/site-packages/django/utils/deprecation.py", line 119, in __call__
    response = self.process_request(request)
               ^^^^^^^^^^^^^^^^^^^^^^^^^^^^^
  File "/home/hsy/miniconda3/envs/django_env/lib/python3.11/site-packages/django/middleware/common.py", line 48, in process_request
    host = request.get_host()
           ^^^^^^^^^^^^^^^^^^
  File "/home/hsy/miniconda3/envs/django_env/lib/python3.11/site-packages/django/http/request.py", line 203, in get_host
    raise DisallowedHost(msg)
django.core.exceptions.DisallowedHost: Invalid HTTP_HOST header: '192.168.16.100'. You may need to add '192.168.16.100' to ALLOWED_HOSTS.
[ERROR] 2026-06-24 10:11:31,939 log 84189 140489504839488 Invalid HTTP_HOST header: '192.168.16.100'. You may need to add '192.168.16.100' to ALLOWED_HOSTS.
Traceback (most recent call last):
  File "/home/hsy/miniconda3/envs/django_env/lib/python3.11/site-packages/django/core/handlers/exception.py", line 55, in inner
    response = get_response(request)
               ^^^^^^^^^^^^^^^^^^^^^
  File "/home/hsy/miniconda3/envs/django_env/lib/python3.11/site-packages/django/utils/deprecation.py", line 119, in __call__
    response = self.process_request(request)
               ^^^^^^^^^^^^^^^^^^^^^^^^^^^^^
  File "/home/hsy/miniconda3/envs/django_env/lib/python3.11/site-packages/django/middleware/common.py", line 48, in process_request
    host = request.get_host()
           ^^^^^^^^^^^^^^^^^^
  File "/home/hsy/miniconda3/envs/django_env/lib/python3.11/site-packages/django/http/request.py", line 203, in get_host
    raise DisallowedHost(msg)
django.core.exceptions.DisallowedHost: Invalid HTTP_HOST header: '192.168.16.100'. You may need to add '192.168.16.100' to ALLOWED_HOSTS.
[ERROR] 2026-06-24 10:17:50,174 directory 84188 140489504839488 directory_save error: ('40001', '[40001] [Microsoft][ODBC Driver 18 for SQL Server][SQL Server]Transaction (Process ID 67) was deadlocked on lock resources with another process and has been chosen as the deadlock victim. Rerun the transaction. (1205) (SQLExecDirectW)')
[ERROR] 2026-06-24 10:17:50,175 directory 84186 140489504839488 directory_save error: ('40001', '[40001] [Microsoft][ODBC Driver 18 for SQL Server][SQL Server]Transaction (Process ID 70) was deadlocked on lock resources with another process and has been chosen as the deadlock victim. Rerun the transaction. (1205) (SQLExecDirectW)')
[ERROR] 2026-06-24 10:17:57,817 directory 84188 140489504839488 directory_save error: ('40001', '[40001] [Microsoft][ODBC Driver 18 for SQL Server][SQL Server]Transaction (Process ID 67) was deadlocked on lock | communication buffer resources with another process and has been chosen as the deadlock victim. Rerun the transaction. (1205) (SQLExecDirectW)')
[ERROR] 2026-06-24 10:19:35,504 directory 84182 140489504839488 directory_save error: ('40001', '[40001] [Microsoft][ODBC Driver 18 for SQL Server][SQL Server]Transaction (Process ID 71) was deadlocked on lock | communication buffer resources with another process and has been chosen as the deadlock victim. Rerun the transaction. (1205) (SQLExecDirectW)')
[ERROR] 2026-06-24 10:24:53,517 directory 84189 140489504839488 directory_save error: ('40001', '[40001] [Microsoft][ODBC Driver 18 for SQL Server][SQL Server]Transaction (Process ID 61) was deadlocked on lock | communication buffer resources with another process and has been chosen as the deadlock victim. Rerun the transaction. (1205) (SQLExecDirectW)')
[ERROR] 2026-06-24 10:27:26,212 directory 84185 140489504839488 directory_save error: ('40001', '[40001] [Microsoft][ODBC Driver 18 for SQL Server][SQL Server]Transaction (Process ID 71) was deadlocked on lock | communication buffer resources with another process and has been chosen as the deadlock victim. Rerun the transaction. (1205) (SQLExecDirectW)')
[ERROR] 2026-06-24 10:27:48,871 directory 84185 140489504839488 directory_save error: ('40001', '[40001] [Microsoft][ODBC Driver 18 for SQL Server][SQL Server]Transaction (Process ID 67) was deadlocked on lock | communication buffer resources with another process and has been chosen as the deadlock victim. Rerun the transaction. (1205) (SQLExecDirectW)')
[ERROR] 2026-06-24 10:28:01,545 directory 84186 140489504839488 directory_save error: ('40001', '[40001] [Microsoft][ODBC Driver 18 for SQL Server][SQL Server]Transaction (Process ID 68) was deadlocked on lock | communication buffer resources with another process and has been chosen as the deadlock victim. Rerun the transaction. (1205) (SQLExecDirectW)')
[ERROR] 2026-06-24 10:29:34,219 directory 84182 140489504839488 directory_save error: ('40001', '[40001] [Microsoft][ODBC Driver 18 for SQL Server][SQL Server]Transaction (Process ID 70) was deadlocked on lock | communication buffer resources with another process and has been chosen as the deadlock victim. Rerun the transaction. (1205) (SQLExecDirectW)')
[ERROR] 2026-06-24 10:34:21,953 directory 84187 140489504839488 directory_save error: ('40001', '[40001] [Microsoft][ODBC Driver 18 for SQL Server][SQL Server]Transaction (Process ID 63) was deadlocked on lock | communication buffer resources with another process and has been chosen as the deadlock victim. Rerun the transaction. (1205) (SQLExecDirectW)')
[ERROR] 2026-06-24 10:34:34,650 directory 84182 140489504839488 directory_save error: ('40001', '[40001] [Microsoft][ODBC Driver 18 for SQL Server][SQL Server]Transaction (Process ID 70) was deadlocked on lock | communication buffer resources with another process and has been chosen as the deadlock victim. Rerun the transaction. (1205) (SQLExecDirectW)')
[ERROR] 2026-06-24 10:34:39,871 directory 84185 140489504839488 directory_save error: ('40001', '[40001] [Microsoft][ODBC Driver 18 for SQL Server][SQL Server]Transaction (Process ID 67) was deadlocked on lock | communication buffer resources with another process and has been chosen as the deadlock victim. Rerun the transaction. (1205) (SQLExecDirectW)')
[ERROR] 2026-06-24 10:42:21,407 directory 84185 140489504839488 directory_save error: ('40001', '[40001] [Microsoft][ODBC Driver 18 for SQL Server][SQL Server]Transaction (Process ID 67) was deadlocked on lock | communication buffer resources with another process and has been chosen as the deadlock victim. Rerun the transaction. (1205) (SQLExecDirectW)')
[ERROR] 2026-06-24 10:43:14,103 directory 84182 140489504839488 directory_save error: ('40001', '[40001] [Microsoft][ODBC Driver 18 for SQL Server][SQL Server]Transaction (Process ID 70) was deadlocked on lock | communication buffer resources with another process and has been chosen as the deadlock victim. Rerun the transaction. (1205) (SQLExecDirectW)')
[ERROR] 2026-06-24 10:49:02,022 directory 84189 140489504839488 directory_save error: ('40001', '[40001] [Microsoft][ODBC Driver 18 for SQL Server][SQL Server]Transaction (Process ID 61) was deadlocked on lock | communication buffer resources with another process and has been chosen as the deadlock victim. Rerun the transaction. (1205) (SQLExecDirectW)')
[ERROR] 2026-06-24 10:49:07,371 directory 84184 140489504839488 directory_save error: ('40001', '[40001] [Microsoft][ODBC Driver 18 for SQL Server][SQL Server]Transaction (Process ID 68) was deadlocked on lock | communication buffer resources with another process and has been chosen as the deadlock victim. Rerun the transaction. (1205) (SQLExecDirectW)')
[ERROR] 2026-06-24 10:49:10,158 directory 84186 140489504839488 directory_save error: ('40001', '[40001] [Microsoft][ODBC Driver 18 for SQL Server][SQL Server]Transaction (Process ID 67) was deadlocked on lock | communication buffer resources with another process and has been chosen as the deadlock victim. Rerun the transaction. (1205) (SQLExecDirectW)')
[ERROR] 2026-06-24 10:49:12,739 directory 84187 140489504839488 directory_save error: ('40001', '[40001] [Microsoft][ODBC Driver 18 for SQL Server][SQL Server]Transaction (Process ID 63) was deadlocked on lock | communication buffer resources with another process and has been chosen as the deadlock victim. Rerun the transaction. (1205) (SQLExecDirectW)')
[ERROR] 2026-06-24 10:49:16,151 directory 84188 140489504839488 directory_save error: ('40001', '[40001] [Microsoft][ODBC Driver 18 for SQL Server][SQL Server]Transaction (Process ID 71) was deadlocked on lock | communication buffer resources with another process and has been chosen as the deadlock victim. Rerun the transaction. (1205) (SQLExecDirectW)')
[ERROR] 2026-06-24 10:49:17,043 directory 84189 140489504839488 directory_save error: ('40001', '[40001] [Microsoft][ODBC Driver 18 for SQL Server][SQL Server]Transaction (Process ID 61) was deadlocked on lock | communication buffer resources with another process and has been chosen as the deadlock victim. Rerun the transaction. (1205) (SQLExecDirectW)')
[ERROR] 2026-06-24 10:49:54,294 directory 84187 140489504839488 directory_save error: ('40001', '[40001] [Microsoft][ODBC Driver 18 for SQL Server][SQL Server]Transaction (Process ID 63) was deadlocked on lock | communication buffer resources with another process and has been chosen as the deadlock victim. Rerun the transaction. (1205) (SQLExecDirectW)')
[ERROR] 2026-06-24 10:50:03,851 directory 84188 140489504839488 directory_save error: ('40001', '[40001] [Microsoft][ODBC Driver 18 for SQL Server][SQL Server]Transaction (Process ID 71) was deadlocked on lock | communication buffer resources with another process and has been chosen as the deadlock victim. Rerun the transaction. (1205) (SQLExecDirectW)')
[ERROR] 2026-06-24 11:06:14,581 directory 84186 140489504839488 directory_save error: ('40001', '[40001] [Microsoft][ODBC Driver 18 for SQL Server][SQL Server]Transaction (Process ID 67) was deadlocked on lock | communication buffer resources with another process and has been chosen as the deadlock victim. Rerun the transaction. (1205) (SQLExecDirectW)')
[ERROR] 2026-06-24 11:12:32,370 directory 84186 140489504839488 directory_save error: ('40001', '[40001] [Microsoft][ODBC Driver 18 for SQL Server][SQL Server]Transaction (Process ID 67) was deadlocked on lock | communication buffer resources with another process and has been chosen as the deadlock victim. Rerun the transaction. (1205) (SQLExecDirectW)')
[ERROR] 2026-06-24 11:12:37,687 directory 84188 140489504839488 directory_save error: ('40001', '[40001] [Microsoft][ODBC Driver 18 for SQL Server][SQL Server]Transaction (Process ID 70) was deadlocked on lock | communication buffer resources with another process and has been chosen as the deadlock victim. Rerun the transaction. (1205) (SQLExecDirectW)')
[ERROR] 2026-06-24 11:12:40,439 directory 84185 140489504839488 directory_save error: ('40001', '[40001] [Microsoft][ODBC Driver 18 for SQL Server][SQL Server]Transaction (Process ID 54) was deadlocked on lock | communication buffer resources with another process and has been chosen as the deadlock victim. Rerun the transaction. (1205) (SQLExecDirectW)')
[ERROR] 2026-06-24 11:13:46,304 directory 84188 140489504839488 directory_save error: ('40001', '[40001] [Microsoft][ODBC Driver 18 for SQL Server][SQL Server]Transaction (Process ID 70) was deadlocked on lock | communication buffer resources with another process and has been chosen as the deadlock victim. Rerun the transaction. (1205) (SQLExecDirectW)')
[ERROR] 2026-06-24 11:13:55,758 directory 84186 140489504839488 directory_save error: ('40001', '[40001] [Microsoft][ODBC Driver 18 for SQL Server][SQL Server]Transaction (Process ID 67) was deadlocked on lock | communication buffer resources with another process and has been chosen as the deadlock victim. Rerun the transaction. (1205) (SQLExecDirectW)')
[ERROR] 2026-06-24 11:13:59,919 directory 84182 140489504839488 directory_save error: ('40001', '[40001] [Microsoft][ODBC Driver 18 for SQL Server][SQL Server]Transaction (Process ID 71) was deadlocked on lock | communication buffer resources with another process and has been chosen as the deadlock victim. Rerun the transaction. (1205) (SQLExecDirectW)')
[ERROR] 2026-06-24 11:14:56,458 directory 84187 140489504839488 directory_save error: ('40001', '[40001] [Microsoft][ODBC Driver 18 for SQL Server][SQL Server]Transaction (Process ID 67) was deadlocked on lock | communication buffer resources with another process and has been chosen as the deadlock victim. Rerun the transaction. (1205) (SQLExecDirectW)')
[ERROR] 2026-06-24 11:15:01,741 directory 84185 140489504839488 directory_save error: ('40001', '[40001] [Microsoft][ODBC Driver 18 for SQL Server][SQL Server]Transaction (Process ID 71) was deadlocked on lock | communication buffer resources with another process and has been chosen as the deadlock victim. Rerun the transaction. (1205) (SQLExecDirectW)')
[ERROR] 2026-06-24 11:15:04,396 directory 84182 140489504839488 directory_save error: ('40001', '[40001] [Microsoft][ODBC Driver 18 for SQL Server][SQL Server]Transaction (Process ID 54) was deadlocked on lock | communication buffer resources with another process and has been chosen as the deadlock victim. Rerun the transaction. (1205) (SQLExecDirectW)')
[ERROR] 2026-06-24 11:15:05,915 directory 84188 140489504839488 directory_save error: ('40001', '[40001] [Microsoft][ODBC Driver 18 for SQL Server][SQL Server]Transaction (Process ID 70) was deadlocked on lock | communication buffer resources with another process and has been chosen as the deadlock victim. Rerun the transaction. (1205) (SQLExecDirectW)')
[ERROR] 2026-06-24 11:15:06,903 directory 84184 140489504839488 directory_save error: ('40001', '[40001] [Microsoft][ODBC Driver 18 for SQL Server][SQL Server]Transaction (Process ID 71) was deadlocked on lock | communication buffer resources with another process and has been chosen as the deadlock victim. Rerun the transaction. (1205) (SQLExecDirectW)')
[ERROR] 2026-06-24 11:15:07,538 directory 84189 140489504839488 directory_save error: ('40001', '[40001] [Microsoft][ODBC Driver 18 for SQL Server][SQL Server]Transaction (Process ID 69) was deadlocked on lock | communication buffer resources with another process and has been chosen as the deadlock victim. Rerun the transaction. (1205) (SQLExecDirectW)')
[ERROR] 2026-06-24 11:15:19,641 directory 84188 140489504839488 directory_save error: ('40001', '[40001] [Microsoft][ODBC Driver 18 for SQL Server][SQL Server]Transaction (Process ID 70) was deadlocked on lock | communication buffer resources with another process and has been chosen as the deadlock victim. Rerun the transaction. (1205) (SQLExecDirectW)')
[ERROR] 2026-06-24 11:21:52,538 directory 84183 140489504839488 directory_save error: ('40001', '[40001] [Microsoft][ODBC Driver 18 for SQL Server][SQL Server]Transaction (Process ID 61) was deadlocked on lock | communication buffer resources with another process and has been chosen as the deadlock victim. Rerun the transaction. (1205) (SQLExecDirectW)')
[ERROR] 2026-06-24 11:28:10,272 directory 84184 140489504839488 directory_save error: ('40001', '[40001] [Microsoft][ODBC Driver 18 for SQL Server][SQL Server]Transaction (Process ID 71) was deadlocked on lock | communication buffer resources with another process and has been chosen as the deadlock victim. Rerun the transaction. (1205) (SQLExecDirectW)')
[ERROR] 2026-06-24 11:50:45,360 log 84182 140489504839488 Invalid HTTP_HOST header: '192.168.16.100'. You may need to add '192.168.16.100' to ALLOWED_HOSTS.
Traceback (most recent call last):
  File "/home/hsy/miniconda3/envs/django_env/lib/python3.11/site-packages/django/core/handlers/exception.py", line 55, in inner
    response = get_response(request)
               ^^^^^^^^^^^^^^^^^^^^^
  File "/home/hsy/miniconda3/envs/django_env/lib/python3.11/site-packages/django/utils/deprecation.py", line 119, in __call__
    response = self.process_request(request)
               ^^^^^^^^^^^^^^^^^^^^^^^^^^^^^
  File "/home/hsy/miniconda3/envs/django_env/lib/python3.11/site-packages/django/middleware/common.py", line 48, in process_request
    host = request.get_host()
           ^^^^^^^^^^^^^^^^^^
  File "/home/hsy/miniconda3/envs/django_env/lib/python3.11/site-packages/django/http/request.py", line 203, in get_host
    raise DisallowedHost(msg)
django.core.exceptions.DisallowedHost: Invalid HTTP_HOST header: '192.168.16.100'. You may need to add '192.168.16.100' to ALLOWED_HOSTS.
[ERROR] 2026-06-24 11:50:48,564 log 84185 140489504839488 Invalid HTTP_HOST header: '192.168.16.100'. You may need to add '192.168.16.100' to ALLOWED_HOSTS.
Traceback (most recent call last):
  File "/home/hsy/miniconda3/envs/django_env/lib/python3.11/site-packages/django/core/handlers/exception.py", line 55, in inner
    response = get_response(request)
               ^^^^^^^^^^^^^^^^^^^^^
  File "/home/hsy/miniconda3/envs/django_env/lib/python3.11/site-packages/django/utils/deprecation.py", line 119, in __call__
    response = self.process_request(request)
               ^^^^^^^^^^^^^^^^^^^^^^^^^^^^^
  File "/home/hsy/miniconda3/envs/django_env/lib/python3.11/site-packages/django/middleware/common.py", line 48, in process_request
    host = request.get_host()
           ^^^^^^^^^^^^^^^^^^
  File "/home/hsy/miniconda3/envs/django_env/lib/python3.11/site-packages/django/http/request.py", line 203, in get_host
    raise DisallowedHost(msg)
django.core.exceptions.DisallowedHost: Invalid HTTP_HOST header: '192.168.16.100'. You may need to add '192.168.16.100' to ALLOWED_HOSTS.
[ERROR] 2026-06-24 11:50:48,658 log 84185 140489504839488 Invalid HTTP_HOST header: '192.168.16.100'. You may need to add '192.168.16.100' to ALLOWED_HOSTS.
Traceback (most recent call last):
  File "/home/hsy/miniconda3/envs/django_env/lib/python3.11/site-packages/django/core/handlers/exception.py", line 55, in inner
    response = get_response(request)
               ^^^^^^^^^^^^^^^^^^^^^
  File "/home/hsy/miniconda3/envs/django_env/lib/python3.11/site-packages/django/utils/deprecation.py", line 119, in __call__
    response = self.process_request(request)
               ^^^^^^^^^^^^^^^^^^^^^^^^^^^^^
  File "/home/hsy/miniconda3/envs/django_env/lib/python3.11/site-packages/django/middleware/common.py", line 48, in process_request
    host = request.get_host()
           ^^^^^^^^^^^^^^^^^^
  File "/home/hsy/miniconda3/envs/django_env/lib/python3.11/site-packages/django/http/request.py", line 203, in get_host
    raise DisallowedHost(msg)
django.core.exceptions.DisallowedHost: Invalid HTTP_HOST header: '192.168.16.100'. You may need to add '192.168.16.100' to ALLOWED_HOSTS.
[ERROR] 2026-06-24 11:51:04,848 log 84185 140489504839488 Invalid HTTP_HOST header: '192.168.16.100'. You may need to add '192.168.16.100' to ALLOWED_HOSTS.
Traceback (most recent call last):
  File "/home/hsy/miniconda3/envs/django_env/lib/python3.11/site-packages/django/core/handlers/exception.py", line 55, in inner
    response = get_response(request)
               ^^^^^^^^^^^^^^^^^^^^^
  File "/home/hsy/miniconda3/envs/django_env/lib/python3.11/site-packages/django/utils/deprecation.py", line 119, in __call__
    response = self.process_request(request)
               ^^^^^^^^^^^^^^^^^^^^^^^^^^^^^
  File "/home/hsy/miniconda3/envs/django_env/lib/python3.11/site-packages/django/middleware/common.py", line 48, in process_request
    host = request.get_host()
           ^^^^^^^^^^^^^^^^^^
  File "/home/hsy/miniconda3/envs/django_env/lib/python3.11/site-packages/django/http/request.py", line 203, in get_host
    raise DisallowedHost(msg)
django.core.exceptions.DisallowedHost: Invalid HTTP_HOST header: '192.168.16.100'. You may need to add '192.168.16.100' to ALLOWED_HOSTS.
[ERROR] 2026-06-24 12:07:58,628 log 2082 140435259979584 Invalid HTTP_HOST header: '192.168.16.100'. You may need to add '192.168.16.100' to ALLOWED_HOSTS.
Traceback (most recent call last):
  File "/home/hsy/miniconda3/envs/django_env/lib/python3.11/site-packages/django/core/handlers/exception.py", line 55, in inner
    response = get_response(request)
               ^^^^^^^^^^^^^^^^^^^^^
  File "/home/hsy/miniconda3/envs/django_env/lib/python3.11/site-packages/django/utils/deprecation.py", line 119, in __call__
    response = self.process_request(request)
               ^^^^^^^^^^^^^^^^^^^^^^^^^^^^^
  File "/home/hsy/miniconda3/envs/django_env/lib/python3.11/site-packages/django/middleware/common.py", line 48, in process_request
    host = request.get_host()
           ^^^^^^^^^^^^^^^^^^
  File "/home/hsy/miniconda3/envs/django_env/lib/python3.11/site-packages/django/http/request.py", line 203, in get_host
    raise DisallowedHost(msg)
django.core.exceptions.DisallowedHost: Invalid HTTP_HOST header: '192.168.16.100'. You may need to add '192.168.16.100' to ALLOWED_HOSTS.
[ERROR] 2026-06-24 12:08:00,102 log 2143 140435259979584 Invalid HTTP_HOST header: '192.168.16.100'. You may need to add '192.168.16.100' to ALLOWED_HOSTS.
Traceback (most recent call last):
  File "/home/hsy/miniconda3/envs/django_env/lib/python3.11/site-packages/django/core/handlers/exception.py", line 55, in inner
    response = get_response(request)
               ^^^^^^^^^^^^^^^^^^^^^
  File "/home/hsy/miniconda3/envs/django_env/lib/python3.11/site-packages/django/utils/deprecation.py", line 119, in __call__
    response = self.process_request(request)
               ^^^^^^^^^^^^^^^^^^^^^^^^^^^^^
  File "/home/hsy/miniconda3/envs/django_env/lib/python3.11/site-packages/django/middleware/common.py", line 48, in process_request
    host = request.get_host()
           ^^^^^^^^^^^^^^^^^^
  File "/home/hsy/miniconda3/envs/django_env/lib/python3.11/site-packages/django/http/request.py", line 203, in get_host
    raise DisallowedHost(msg)
django.core.exceptions.DisallowedHost: Invalid HTTP_HOST header: '192.168.16.100'. You may need to add '192.168.16.100' to ALLOWED_HOSTS.
[ERROR] 2026-06-24 12:18:46,580 log 2077 140435259979584 Invalid HTTP_HOST header: '192.168.16.100'. You may need to add '192.168.16.100' to ALLOWED_HOSTS.
Traceback (most recent call last):
  File "/home/hsy/miniconda3/envs/django_env/lib/python3.11/site-packages/django/core/handlers/exception.py", line 55, in inner
    response = get_response(request)
               ^^^^^^^^^^^^^^^^^^^^^
  File "/home/hsy/miniconda3/envs/django_env/lib/python3.11/site-packages/django/utils/deprecation.py", line 119, in __call__
    response = self.process_request(request)
               ^^^^^^^^^^^^^^^^^^^^^^^^^^^^^
  File "/home/hsy/miniconda3/envs/django_env/lib/python3.11/site-packages/django/middleware/common.py", line 48, in process_request
    host = request.get_host()
           ^^^^^^^^^^^^^^^^^^
  File "/home/hsy/miniconda3/envs/django_env/lib/python3.11/site-packages/django/http/request.py", line 203, in get_host
    raise DisallowedHost(msg)
django.core.exceptions.DisallowedHost: Invalid HTTP_HOST header: '192.168.16.100'. You may need to add '192.168.16.100' to ALLOWED_HOSTS.
[ERROR] 2026-06-24 12:18:46,958 log 2077 140435259979584 Invalid HTTP_HOST header: '192.168.16.100'. You may need to add '192.168.16.100' to ALLOWED_HOSTS.
Traceback (most recent call last):
  File "/home/hsy/miniconda3/envs/django_env/lib/python3.11/site-packages/django/core/handlers/exception.py", line 55, in inner
    response = get_response(request)
               ^^^^^^^^^^^^^^^^^^^^^
  File "/home/hsy/miniconda3/envs/django_env/lib/python3.11/site-packages/django/utils/deprecation.py", line 119, in __call__
    response = self.process_request(request)
               ^^^^^^^^^^^^^^^^^^^^^^^^^^^^^
  File "/home/hsy/miniconda3/envs/django_env/lib/python3.11/site-packages/django/middleware/common.py", line 48, in process_request
    host = request.get_host()
           ^^^^^^^^^^^^^^^^^^
  File "/home/hsy/miniconda3/envs/django_env/lib/python3.11/site-packages/django/http/request.py", line 203, in get_host
    raise DisallowedHost(msg)
django.core.exceptions.DisallowedHost: Invalid HTTP_HOST header: '192.168.16.100'. You may need to add '192.168.16.100' to ALLOWED_HOSTS.
[ERROR] 2026-06-24 12:48:13,264 log 2170 140435259979584 Invalid HTTP_HOST header: '192.168.16.100'. You may need to add '192.168.16.100' to ALLOWED_HOSTS.
Traceback (most recent call last):
  File "/home/hsy/miniconda3/envs/django_env/lib/python3.11/site-packages/django/core/handlers/exception.py", line 55, in inner
    response = get_response(request)
               ^^^^^^^^^^^^^^^^^^^^^
  File "/home/hsy/miniconda3/envs/django_env/lib/python3.11/site-packages/django/utils/deprecation.py", line 119, in __call__
    response = self.process_request(request)
               ^^^^^^^^^^^^^^^^^^^^^^^^^^^^^
  File "/home/hsy/miniconda3/envs/django_env/lib/python3.11/site-packages/django/middleware/common.py", line 48, in process_request
    host = request.get_host()
           ^^^^^^^^^^^^^^^^^^
  File "/home/hsy/miniconda3/envs/django_env/lib/python3.11/site-packages/django/http/request.py", line 203, in get_host
    raise DisallowedHost(msg)
django.core.exceptions.DisallowedHost: Invalid HTTP_HOST header: '192.168.16.100'. You may need to add '192.168.16.100' to ALLOWED_HOSTS.
[ERROR] 2026-06-24 12:48:13,545 log 2170 140435259979584 Invalid HTTP_HOST header: '192.168.16.100'. You may need to add '192.168.16.100' to ALLOWED_HOSTS.
Traceback (most recent call last):
  File "/home/hsy/miniconda3/envs/django_env/lib/python3.11/site-packages/django/core/handlers/exception.py", line 55, in inner
    response = get_response(request)
               ^^^^^^^^^^^^^^^^^^^^^
  File "/home/hsy/miniconda3/envs/django_env/lib/python3.11/site-packages/django/utils/deprecation.py", line 119, in __call__
    response = self.process_request(request)
               ^^^^^^^^^^^^^^^^^^^^^^^^^^^^^
  File "/home/hsy/miniconda3/envs/django_env/lib/python3.11/site-packages/django/middleware/common.py", line 48, in process_request
    host = request.get_host()
           ^^^^^^^^^^^^^^^^^^
  File "/home/hsy/miniconda3/envs/django_env/lib/python3.11/site-packages/django/http/request.py", line 203, in get_host
    raise DisallowedHost(msg)
django.core.exceptions.DisallowedHost: Invalid HTTP_HOST header: '192.168.16.100'. You may need to add '192.168.16.100' to ALLOWED_HOSTS.
[ERROR] 2026-06-24 13:02:46,190 log 2159 140435259979584 Invalid HTTP_HOST header: '192.168.16.100'. You may need to add '192.168.16.100' to ALLOWED_HOSTS.
Traceback (most recent call last):
  File "/home/hsy/miniconda3/envs/django_env/lib/python3.11/site-packages/django/core/handlers/exception.py", line 55, in inner
    response = get_response(request)
               ^^^^^^^^^^^^^^^^^^^^^
  File "/home/hsy/miniconda3/envs/django_env/lib/python3.11/site-packages/django/utils/deprecation.py", line 119, in __call__
    response = self.process_request(request)
               ^^^^^^^^^^^^^^^^^^^^^^^^^^^^^
  File "/home/hsy/miniconda3/envs/django_env/lib/python3.11/site-packages/django/middleware/common.py", line 48, in process_request
    host = request.get_host()
           ^^^^^^^^^^^^^^^^^^
  File "/home/hsy/miniconda3/envs/django_env/lib/python3.11/site-packages/django/http/request.py", line 203, in get_host
    raise DisallowedHost(msg)
django.core.exceptions.DisallowedHost: Invalid HTTP_HOST header: '192.168.16.100'. You may need to add '192.168.16.100' to ALLOWED_HOSTS.
[ERROR] 2026-06-24 13:02:46,459 log 2159 140435259979584 Invalid HTTP_HOST header: '192.168.16.100'. You may need to add '192.168.16.100' to ALLOWED_HOSTS.
Traceback (most recent call last):
  File "/home/hsy/miniconda3/envs/django_env/lib/python3.11/site-packages/django/core/handlers/exception.py", line 55, in inner
    response = get_response(request)
               ^^^^^^^^^^^^^^^^^^^^^
  File "/home/hsy/miniconda3/envs/django_env/lib/python3.11/site-packages/django/utils/deprecation.py", line 119, in __call__
    response = self.process_request(request)
               ^^^^^^^^^^^^^^^^^^^^^^^^^^^^^
  File "/home/hsy/miniconda3/envs/django_env/lib/python3.11/site-packages/django/middleware/common.py", line 48, in process_request
    host = request.get_host()
           ^^^^^^^^^^^^^^^^^^
  File "/home/hsy/miniconda3/envs/django_env/lib/python3.11/site-packages/django/http/request.py", line 203, in get_host
    raise DisallowedHost(msg)
django.core.exceptions.DisallowedHost: Invalid HTTP_HOST header: '192.168.16.100'. You may need to add '192.168.16.100' to ALLOWED_HOSTS.
[ERROR] 2026-06-24 13:56:36,761 directory 2143 140435259979584 directory_save error: ('40001', '[40001] [Microsoft][ODBC Driver 18 for SQL Server][SQL Server]Transaction (Process ID 70) was deadlocked on lock | communication buffer resources with another process and has been chosen as the deadlock victim. Rerun the transaction. (1205) (SQLExecDirectW)')
[ERROR] 2026-06-24 14:01:21,770 log 2143 140435259979584 Invalid HTTP_HOST header: '192.168.16.100'. You may need to add '192.168.16.100' to ALLOWED_HOSTS.
Traceback (most recent call last):
  File "/home/hsy/miniconda3/envs/django_env/lib/python3.11/site-packages/django/core/handlers/exception.py", line 55, in inner
    response = get_response(request)
               ^^^^^^^^^^^^^^^^^^^^^
  File "/home/hsy/miniconda3/envs/django_env/lib/python3.11/site-packages/django/utils/deprecation.py", line 119, in __call__
    response = self.process_request(request)
               ^^^^^^^^^^^^^^^^^^^^^^^^^^^^^
  File "/home/hsy/miniconda3/envs/django_env/lib/python3.11/site-packages/django/middleware/common.py", line 48, in process_request
    host = request.get_host()
           ^^^^^^^^^^^^^^^^^^
  File "/home/hsy/miniconda3/envs/django_env/lib/python3.11/site-packages/django/http/request.py", line 203, in get_host
    raise DisallowedHost(msg)
django.core.exceptions.DisallowedHost: Invalid HTTP_HOST header: '192.168.16.100'. You may need to add '192.168.16.100' to ALLOWED_HOSTS.
[ERROR] 2026-06-24 14:01:22,057 log 2143 140435259979584 Invalid HTTP_HOST header: '192.168.16.100'. You may need to add '192.168.16.100' to ALLOWED_HOSTS.
Traceback (most recent call last):
  File "/home/hsy/miniconda3/envs/django_env/lib/python3.11/site-packages/django/core/handlers/exception.py", line 55, in inner
    response = get_response(request)
               ^^^^^^^^^^^^^^^^^^^^^
  File "/home/hsy/miniconda3/envs/django_env/lib/python3.11/site-packages/django/utils/deprecation.py", line 119, in __call__
    response = self.process_request(request)
               ^^^^^^^^^^^^^^^^^^^^^^^^^^^^^
  File "/home/hsy/miniconda3/envs/django_env/lib/python3.11/site-packages/django/middleware/common.py", line 48, in process_request
    host = request.get_host()
           ^^^^^^^^^^^^^^^^^^
  File "/home/hsy/miniconda3/envs/django_env/lib/python3.11/site-packages/django/http/request.py", line 203, in get_host
    raise DisallowedHost(msg)
django.core.exceptions.DisallowedHost: Invalid HTTP_HOST header: '192.168.16.100'. You may need to add '192.168.16.100' to ALLOWED_HOSTS.
[ERROR] 2026-06-24 14:02:23,158 log 2077 140435259979584 Invalid HTTP_HOST header: '192.168.16.100'. You may need to add '192.168.16.100' to ALLOWED_HOSTS.
Traceback (most recent call last):
  File "/home/hsy/miniconda3/envs/django_env/lib/python3.11/site-packages/django/core/handlers/exception.py", line 55, in inner
    response = get_response(request)
               ^^^^^^^^^^^^^^^^^^^^^
  File "/home/hsy/miniconda3/envs/django_env/lib/python3.11/site-packages/django/utils/deprecation.py", line 119, in __call__
    response = self.process_request(request)
               ^^^^^^^^^^^^^^^^^^^^^^^^^^^^^
  File "/home/hsy/miniconda3/envs/django_env/lib/python3.11/site-packages/django/middleware/common.py", line 48, in process_request
    host = request.get_host()
           ^^^^^^^^^^^^^^^^^^
  File "/home/hsy/miniconda3/envs/django_env/lib/python3.11/site-packages/django/http/request.py", line 203, in get_host
    raise DisallowedHost(msg)
django.core.exceptions.DisallowedHost: Invalid HTTP_HOST header: '192.168.16.100'. You may need to add '192.168.16.100' to ALLOWED_HOSTS.
[ERROR] 2026-06-24 14:03:24,711 log 2082 140435259979584 Invalid HTTP_HOST header: '192.168.16.100'. You may need to add '192.168.16.100' to ALLOWED_HOSTS.
Traceback (most recent call last):
  File "/home/hsy/miniconda3/envs/django_env/lib/python3.11/site-packages/django/core/handlers/exception.py", line 55, in inner
    response = get_response(request)
               ^^^^^^^^^^^^^^^^^^^^^
  File "/home/hsy/miniconda3/envs/django_env/lib/python3.11/site-packages/django/utils/deprecation.py", line 119, in __call__
    response = self.process_request(request)
               ^^^^^^^^^^^^^^^^^^^^^^^^^^^^^
  File "/home/hsy/miniconda3/envs/django_env/lib/python3.11/site-packages/django/middleware/common.py", line 48, in process_request
    host = request.get_host()
           ^^^^^^^^^^^^^^^^^^
  File "/home/hsy/miniconda3/envs/django_env/lib/python3.11/site-packages/django/http/request.py", line 203, in get_host
    raise DisallowedHost(msg)
django.core.exceptions.DisallowedHost: Invalid HTTP_HOST header: '192.168.16.100'. You may need to add '192.168.16.100' to ALLOWED_HOSTS.
[ERROR] 2026-06-24 14:18:38,810 log 2170 140435259979584 Invalid HTTP_HOST header: '192.168.16.100'. You may need to add '192.168.16.100' to ALLOWED_HOSTS.
Traceback (most recent call last):
  File "/home/hsy/miniconda3/envs/django_env/lib/python3.11/site-packages/django/core/handlers/exception.py", line 55, in inner
    response = get_response(request)
               ^^^^^^^^^^^^^^^^^^^^^
  File "/home/hsy/miniconda3/envs/django_env/lib/python3.11/site-packages/django/utils/deprecation.py", line 119, in __call__
    response = self.process_request(request)
               ^^^^^^^^^^^^^^^^^^^^^^^^^^^^^
  File "/home/hsy/miniconda3/envs/django_env/lib/python3.11/site-packages/django/middleware/common.py", line 48, in process_request
    host = request.get_host()
           ^^^^^^^^^^^^^^^^^^
  File "/home/hsy/miniconda3/envs/django_env/lib/python3.11/site-packages/django/http/request.py", line 203, in get_host
    raise DisallowedHost(msg)
django.core.exceptions.DisallowedHost: Invalid HTTP_HOST header: '192.168.16.100'. You may need to add '192.168.16.100' to ALLOWED_HOSTS.
[ERROR] 2026-06-24 14:19:24,673 directory 2170 140435259979584 directory_save error: ('40001', '[40001] [Microsoft][ODBC Driver 18 for SQL Server][SQL Server]Transaction (Process ID 61) was deadlocked on lock | communication buffer resources with another process and has been chosen as the deadlock victim. Rerun the transaction. (1205) (SQLExecDirectW)')
[ERROR] 2026-06-24 14:22:50,876 log 2143 140435259979584 Invalid HTTP_HOST header: '192.168.16.100'. You may need to add '192.168.16.100' to ALLOWED_HOSTS.
Traceback (most recent call last):
  File "/home/hsy/miniconda3/envs/django_env/lib/python3.11/site-packages/django/core/handlers/exception.py", line 55, in inner
    response = get_response(request)
               ^^^^^^^^^^^^^^^^^^^^^
  File "/home/hsy/miniconda3/envs/django_env/lib/python3.11/site-packages/django/utils/deprecation.py", line 119, in __call__
    response = self.process_request(request)
               ^^^^^^^^^^^^^^^^^^^^^^^^^^^^^
  File "/home/hsy/miniconda3/envs/django_env/lib/python3.11/site-packages/django/middleware/common.py", line 48, in process_request
    host = request.get_host()
           ^^^^^^^^^^^^^^^^^^
  File "/home/hsy/miniconda3/envs/django_env/lib/python3.11/site-packages/django/http/request.py", line 203, in get_host
    raise DisallowedHost(msg)
django.core.exceptions.DisallowedHost: Invalid HTTP_HOST header: '192.168.16.100'. You may need to add '192.168.16.100' to ALLOWED_HOSTS.
[ERROR] 2026-06-24 14:22:51,438 log 2143 140435259979584 Invalid HTTP_HOST header: '192.168.16.100'. You may need to add '192.168.16.100' to ALLOWED_HOSTS.
Traceback (most recent call last):
  File "/home/hsy/miniconda3/envs/django_env/lib/python3.11/site-packages/django/core/handlers/exception.py", line 55, in inner
    response = get_response(request)
               ^^^^^^^^^^^^^^^^^^^^^
  File "/home/hsy/miniconda3/envs/django_env/lib/python3.11/site-packages/django/utils/deprecation.py", line 119, in __call__
    response = self.process_request(request)
               ^^^^^^^^^^^^^^^^^^^^^^^^^^^^^
  File "/home/hsy/miniconda3/envs/django_env/lib/python3.11/site-packages/django/middleware/common.py", line 48, in process_request
    host = request.get_host()
           ^^^^^^^^^^^^^^^^^^
  File "/home/hsy/miniconda3/envs/django_env/lib/python3.11/site-packages/django/http/request.py", line 203, in get_host
    raise DisallowedHost(msg)
django.core.exceptions.DisallowedHost: Invalid HTTP_HOST header: '192.168.16.100'. You may need to add '192.168.16.100' to ALLOWED_HOSTS.
[ERROR] 2026-06-24 14:23:00,383 log 2080 140435259979584 Invalid HTTP_HOST header: '192.168.16.100'. You may need to add '192.168.16.100' to ALLOWED_HOSTS.
Traceback (most recent call last):
  File "/home/hsy/miniconda3/envs/django_env/lib/python3.11/site-packages/django/core/handlers/exception.py", line 55, in inner
    response = get_response(request)
               ^^^^^^^^^^^^^^^^^^^^^
  File "/home/hsy/miniconda3/envs/django_env/lib/python3.11/site-packages/django/utils/deprecation.py", line 119, in __call__
    response = self.process_request(request)
               ^^^^^^^^^^^^^^^^^^^^^^^^^^^^^
  File "/home/hsy/miniconda3/envs/django_env/lib/python3.11/site-packages/django/middleware/common.py", line 48, in process_request
    host = request.get_host()
           ^^^^^^^^^^^^^^^^^^
  File "/home/hsy/miniconda3/envs/django_env/lib/python3.11/site-packages/django/http/request.py", line 203, in get_host
    raise DisallowedHost(msg)
django.core.exceptions.DisallowedHost: Invalid HTTP_HOST header: '192.168.16.100'. You may need to add '192.168.16.100' to ALLOWED_HOSTS.
[ERROR] 2026-06-24 14:23:00,496 log 2143 140435259979584 Invalid HTTP_HOST header: '192.168.16.100'. You may need to add '192.168.16.100' to ALLOWED_HOSTS.
Traceback (most recent call last):
  File "/home/hsy/miniconda3/envs/django_env/lib/python3.11/site-packages/django/core/handlers/exception.py", line 55, in inner
    response = get_response(request)
               ^^^^^^^^^^^^^^^^^^^^^
  File "/home/hsy/miniconda3/envs/django_env/lib/python3.11/site-packages/django/utils/deprecation.py", line 119, in __call__
    response = self.process_request(request)
               ^^^^^^^^^^^^^^^^^^^^^^^^^^^^^
  File "/home/hsy/miniconda3/envs/django_env/lib/python3.11/site-packages/django/middleware/common.py", line 48, in process_request
    host = request.get_host()
           ^^^^^^^^^^^^^^^^^^
  File "/home/hsy/miniconda3/envs/django_env/lib/python3.11/site-packages/django/http/request.py", line 203, in get_host
    raise DisallowedHost(msg)
django.core.exceptions.DisallowedHost: Invalid HTTP_HOST header: '192.168.16.100'. You may need to add '192.168.16.100' to ALLOWED_HOSTS.
[ERROR] 2026-06-24 14:25:07,414 log 2082 140435259979584 Invalid HTTP_HOST header: '192.168.16.100'. You may need to add '192.168.16.100' to ALLOWED_HOSTS.
Traceback (most recent call last):
  File "/home/hsy/miniconda3/envs/django_env/lib/python3.11/site-packages/django/core/handlers/exception.py", line 55, in inner
    response = get_response(request)
               ^^^^^^^^^^^^^^^^^^^^^
  File "/home/hsy/miniconda3/envs/django_env/lib/python3.11/site-packages/django/utils/deprecation.py", line 119, in __call__
    response = self.process_request(request)
               ^^^^^^^^^^^^^^^^^^^^^^^^^^^^^
  File "/home/hsy/miniconda3/envs/django_env/lib/python3.11/site-packages/django/middleware/common.py", line 48, in process_request
    host = request.get_host()
           ^^^^^^^^^^^^^^^^^^
  File "/home/hsy/miniconda3/envs/django_env/lib/python3.11/site-packages/django/http/request.py", line 203, in get_host
    raise DisallowedHost(msg)
django.core.exceptions.DisallowedHost: Invalid HTTP_HOST header: '192.168.16.100'. You may need to add '192.168.16.100' to ALLOWED_HOSTS.
[ERROR] 2026-06-24 14:26:27,717 log 2143 140435259979584 Invalid HTTP_HOST header: '192.168.16.100'. You may need to add '192.168.16.100' to ALLOWED_HOSTS.
Traceback (most recent call last):
  File "/home/hsy/miniconda3/envs/django_env/lib/python3.11/site-packages/django/core/handlers/exception.py", line 55, in inner
    response = get_response(request)
               ^^^^^^^^^^^^^^^^^^^^^
  File "/home/hsy/miniconda3/envs/django_env/lib/python3.11/site-packages/django/utils/deprecation.py", line 119, in __call__
    response = self.process_request(request)
               ^^^^^^^^^^^^^^^^^^^^^^^^^^^^^
  File "/home/hsy/miniconda3/envs/django_env/lib/python3.11/site-packages/django/middleware/common.py", line 48, in process_request
    host = request.get_host()
           ^^^^^^^^^^^^^^^^^^
  File "/home/hsy/miniconda3/envs/django_env/lib/python3.11/site-packages/django/http/request.py", line 203, in get_host
    raise DisallowedHost(msg)
django.core.exceptions.DisallowedHost: Invalid HTTP_HOST header: '192.168.16.100'. You may need to add '192.168.16.100' to ALLOWED_HOSTS.
[ERROR] 2026-06-24 14:26:27,953 log 2143 140435259979584 Invalid HTTP_HOST header: '192.168.16.100'. You may need to add '192.168.16.100' to ALLOWED_HOSTS.
Traceback (most recent call last):
  File "/home/hsy/miniconda3/envs/django_env/lib/python3.11/site-packages/django/core/handlers/exception.py", line 55, in inner
    response = get_response(request)
               ^^^^^^^^^^^^^^^^^^^^^
  File "/home/hsy/miniconda3/envs/django_env/lib/python3.11/site-packages/django/utils/deprecation.py", line 119, in __call__
    response = self.process_request(request)
               ^^^^^^^^^^^^^^^^^^^^^^^^^^^^^
  File "/home/hsy/miniconda3/envs/django_env/lib/python3.11/site-packages/django/middleware/common.py", line 48, in process_request
    host = request.get_host()
           ^^^^^^^^^^^^^^^^^^
  File "/home/hsy/miniconda3/envs/django_env/lib/python3.11/site-packages/django/http/request.py", line 203, in get_host
    raise DisallowedHost(msg)
django.core.exceptions.DisallowedHost: Invalid HTTP_HOST header: '192.168.16.100'. You may need to add '192.168.16.100' to ALLOWED_HOSTS.
[ERROR] 2026-06-24 14:27:52,393 directory 2077 140435259979584 directory_save error: ('40001', '[40001] [Microsoft][ODBC Driver 18 for SQL Server][SQL Server]Transaction (Process ID 67) was deadlocked on lock | communication buffer resources with another process and has been chosen as the deadlock victim. Rerun the transaction. (1205) (SQLExecDirectW)')
[ERROR] 2026-06-24 14:30:55,283 log 2093 140435259979584 Invalid HTTP_HOST header: '192.168.16.100'. You may need to add '192.168.16.100' to ALLOWED_HOSTS.
Traceback (most recent call last):
  File "/home/hsy/miniconda3/envs/django_env/lib/python3.11/site-packages/django/core/handlers/exception.py", line 55, in inner
    response = get_response(request)
               ^^^^^^^^^^^^^^^^^^^^^
  File "/home/hsy/miniconda3/envs/django_env/lib/python3.11/site-packages/django/utils/deprecation.py", line 119, in __call__
    response = self.process_request(request)
               ^^^^^^^^^^^^^^^^^^^^^^^^^^^^^
  File "/home/hsy/miniconda3/envs/django_env/lib/python3.11/site-packages/django/middleware/common.py", line 48, in process_request
    host = request.get_host()
           ^^^^^^^^^^^^^^^^^^
  File "/home/hsy/miniconda3/envs/django_env/lib/python3.11/site-packages/django/http/request.py", line 203, in get_host
    raise DisallowedHost(msg)
django.core.exceptions.DisallowedHost: Invalid HTTP_HOST header: '192.168.16.100'. You may need to add '192.168.16.100' to ALLOWED_HOSTS.
[ERROR] 2026-06-24 14:38:40,619 directory 2082 140435259979584 directory_save error: ('40001', '[40001] [Microsoft][ODBC Driver 18 for SQL Server][SQL Server]Transaction (Process ID 61) was deadlocked on lock | communication buffer resources with another process and has been chosen as the deadlock victim. Rerun the transaction. (1205) (SQLExecDirectW)')
[ERROR] 2026-06-24 14:44:38,479 log 2077 140435259979584 Invalid HTTP_HOST header: '192.168.16.100'. You may need to add '192.168.16.100' to ALLOWED_HOSTS.
Traceback (most recent call last):
  File "/home/hsy/miniconda3/envs/django_env/lib/python3.11/site-packages/django/core/handlers/exception.py", line 55, in inner
    response = get_response(request)
               ^^^^^^^^^^^^^^^^^^^^^
  File "/home/hsy/miniconda3/envs/django_env/lib/python3.11/site-packages/django/utils/deprecation.py", line 119, in __call__
    response = self.process_request(request)
               ^^^^^^^^^^^^^^^^^^^^^^^^^^^^^
  File "/home/hsy/miniconda3/envs/django_env/lib/python3.11/site-packages/django/middleware/common.py", line 48, in process_request
    host = request.get_host()
           ^^^^^^^^^^^^^^^^^^
  File "/home/hsy/miniconda3/envs/django_env/lib/python3.11/site-packages/django/http/request.py", line 203, in get_host
    raise DisallowedHost(msg)
django.core.exceptions.DisallowedHost: Invalid HTTP_HOST header: '192.168.16.100'. You may need to add '192.168.16.100' to ALLOWED_HOSTS.
[ERROR] 2026-06-24 14:45:01,258 log 2077 140435259979584 Invalid HTTP_HOST header: '192.168.16.100'. You may need to add '192.168.16.100' to ALLOWED_HOSTS.
Traceback (most recent call last):
  File "/home/hsy/miniconda3/envs/django_env/lib/python3.11/site-packages/django/core/handlers/exception.py", line 55, in inner
    response = get_response(request)
               ^^^^^^^^^^^^^^^^^^^^^
  File "/home/hsy/miniconda3/envs/django_env/lib/python3.11/site-packages/django/utils/deprecation.py", line 119, in __call__
    response = self.process_request(request)
               ^^^^^^^^^^^^^^^^^^^^^^^^^^^^^
  File "/home/hsy/miniconda3/envs/django_env/lib/python3.11/site-packages/django/middleware/common.py", line 48, in process_request
    host = request.get_host()
           ^^^^^^^^^^^^^^^^^^
  File "/home/hsy/miniconda3/envs/django_env/lib/python3.11/site-packages/django/http/request.py", line 203, in get_host
    raise DisallowedHost(msg)
django.core.exceptions.DisallowedHost: Invalid HTTP_HOST header: '192.168.16.100'. You may need to add '192.168.16.100' to ALLOWED_HOSTS.
[ERROR] 2026-06-24 14:45:21,577 log 2093 140435259979584 Invalid HTTP_HOST header: '192.168.16.100'. You may need to add '192.168.16.100' to ALLOWED_HOSTS.
Traceback (most recent call last):
  File "/home/hsy/miniconda3/envs/django_env/lib/python3.11/site-packages/django/core/handlers/exception.py", line 55, in inner
    response = get_response(request)
               ^^^^^^^^^^^^^^^^^^^^^
  File "/home/hsy/miniconda3/envs/django_env/lib/python3.11/site-packages/django/utils/deprecation.py", line 119, in __call__
    response = self.process_request(request)
               ^^^^^^^^^^^^^^^^^^^^^^^^^^^^^
  File "/home/hsy/miniconda3/envs/django_env/lib/python3.11/site-packages/django/middleware/common.py", line 48, in process_request
    host = request.get_host()
           ^^^^^^^^^^^^^^^^^^
  File "/home/hsy/miniconda3/envs/django_env/lib/python3.11/site-packages/django/http/request.py", line 203, in get_host
    raise DisallowedHost(msg)
django.core.exceptions.DisallowedHost: Invalid HTTP_HOST header: '192.168.16.100'. You may need to add '192.168.16.100' to ALLOWED_HOSTS.
[ERROR] 2026-06-24 14:56:37,560 directory 11020 140146921506624 directory_save error: ('40001', '[40001] [Microsoft][ODBC Driver 18 for SQL Server][SQL Server]Transaction (Process ID 63) was deadlocked on lock | communication buffer resources with another process and has been chosen as the deadlock victim. Rerun the transaction. (1205) (SQLExecDirectW)')
[ERROR] 2026-06-24 14:57:20,244 directory 11435 139737830446912 directory_save error: ('40001', '[40001] [Microsoft][ODBC Driver 18 for SQL Server][SQL Server]Transaction (Process ID 63) was deadlocked on lock | communication buffer resources with another process and has been chosen as the deadlock victim. Rerun the transaction. (1205) (SQLExecDirectW)')
[ERROR] 2026-06-24 15:03:19,428 log 11436 139737830446912 Invalid HTTP_HOST header: '192.168.16.100'. You may need to add '192.168.16.100' to ALLOWED_HOSTS.
Traceback (most recent call last):
  File "/home/hsy/miniconda3/envs/django_env/lib/python3.11/site-packages/django/core/handlers/exception.py", line 55, in inner
    response = get_response(request)
               ^^^^^^^^^^^^^^^^^^^^^
  File "/home/hsy/miniconda3/envs/django_env/lib/python3.11/site-packages/django/utils/deprecation.py", line 119, in __call__
    response = self.process_request(request)
               ^^^^^^^^^^^^^^^^^^^^^^^^^^^^^
  File "/home/hsy/miniconda3/envs/django_env/lib/python3.11/site-packages/django/middleware/common.py", line 48, in process_request
    host = request.get_host()
           ^^^^^^^^^^^^^^^^^^
  File "/home/hsy/miniconda3/envs/django_env/lib/python3.11/site-packages/django/http/request.py", line 203, in get_host
    raise DisallowedHost(msg)
django.core.exceptions.DisallowedHost: Invalid HTTP_HOST header: '192.168.16.100'. You may need to add '192.168.16.100' to ALLOWED_HOSTS.
[ERROR] 2026-06-24 15:04:33,006 directory 11437 139737830446912 directory_save error: ('40001', '[40001] [Microsoft][ODBC Driver 18 for SQL Server][SQL Server]Transaction (Process ID 63) was deadlocked on lock | communication buffer resources with another process and has been chosen as the deadlock victim. Rerun the transaction. (1205) (SQLExecDirectW)')
[ERROR] 2026-06-24 15:10:35,779 directory 11432 139737830446912 directory_save error: ('40001', '[40001] [Microsoft][ODBC Driver 18 for SQL Server][SQL Server]Transaction (Process ID 66) was deadlocked on lock | communication buffer resources with another process and has been chosen as the deadlock victim. Rerun the transaction. (1205) (SQLExecDirectW)')
[ERROR] 2026-06-24 15:10:41,094 directory 11436 139737830446912 directory_save error: ('40001', '[40001] [Microsoft][ODBC Driver 18 for SQL Server][SQL Server]Transaction (Process ID 70) was deadlocked on lock | communication buffer resources with another process and has been chosen as the deadlock victim. Rerun the transaction. (1205) (SQLExecDirectW)')
[ERROR] 2026-06-24 15:10:43,896 directory 9694 140448666465984 directory_save error: ('40001', '[40001] [Microsoft][ODBC Driver 18 for SQL Server][SQL Server]Transaction (Process ID 84) was deadlocked on lock | communication buffer resources with another process and has been chosen as the deadlock victim. Rerun the transaction. (1205) (SQLExecDirectW)')
[ERROR] 2026-06-24 15:10:45,299 directory 11430 139737830446912 directory_save error: ('40001', '[40001] [Microsoft][ODBC Driver 18 for SQL Server][SQL Server]Transaction (Process ID 69) was deadlocked on lock | communication buffer resources with another process and has been chosen as the deadlock victim. Rerun the transaction. (1205) (SQLExecDirectW)')
[ERROR] 2026-06-24 15:10:46,192 directory 11432 139737830446912 directory_save error: ('40001', '[40001] [Microsoft][ODBC Driver 18 for SQL Server][SQL Server]Transaction (Process ID 54) was deadlocked on lock | communication buffer resources with another process and has been chosen as the deadlock victim. Rerun the transaction. (1205) (SQLExecDirectW)')
[ERROR] 2026-06-24 15:10:46,779 directory 11433 139737830446912 directory_save error: ('40001', '[40001] [Microsoft][ODBC Driver 18 for SQL Server][SQL Server]Transaction (Process ID 66) was deadlocked on lock | communication buffer resources with another process and has been chosen as the deadlock victim. Rerun the transaction. (1205) (SQLExecDirectW)')
[ERROR] 2026-06-24 15:10:47,191 directory 9694 140448692692672 directory_save error: ('40001', '[40001] [Microsoft][ODBC Driver 18 for SQL Server][SQL Server]Transaction (Process ID 91) was deadlocked on lock | communication buffer resources with another process and has been chosen as the deadlock victim. Rerun the transaction. (1205) (SQLExecDirectW)')
[ERROR] 2026-06-24 15:10:47,551 directory 9694 140448666465984 directory_save error: ('40001', '[40001] [Microsoft][ODBC Driver 18 for SQL Server][SQL Server]Transaction (Process ID 84) was deadlocked on lock | communication buffer resources with another process and has been chosen as the deadlock victim. Rerun the transaction. (1205) (SQLExecDirectW)')
[ERROR] 2026-06-24 15:10:49,028 directory 11437 139737830446912 directory_save error: ('40001', '[40001] [Microsoft][ODBC Driver 18 for SQL Server][SQL Server]Transaction (Process ID 61) was deadlocked on lock | communication buffer resources with another process and has been chosen as the deadlock victim. Rerun the transaction. (1205) (SQLExecDirectW)')
[ERROR] 2026-06-24 15:10:49,452 directory 9694 140448701085376 directory_save error: ('40001', '[40001] [Microsoft][ODBC Driver 18 for SQL Server][SQL Server]Transaction (Process ID 90) was deadlocked on lock | communication buffer resources with another process and has been chosen as the deadlock victim. Rerun the transaction. (1205) (SQLExecDirectW)')
[ERROR] 2026-06-24 15:10:49,943 directory 9694 140448316257984 directory_save error: ('40001', '[40001] [Microsoft][ODBC Driver 18 for SQL Server][SQL Server]Transaction (Process ID 92) was deadlocked on lock | communication buffer resources with another process and has been chosen as the deadlock victim. Rerun the transaction. (1205) (SQLExecDirectW)')
[ERROR] 2026-06-24 15:10:51,394 directory 9694 140448674858688 directory_save error: ('40001', '[40001] [Microsoft][ODBC Driver 18 for SQL Server][SQL Server]Transaction (Process ID 89) was deadlocked on lock | communication buffer resources with another process and has been chosen as the deadlock victim. Rerun the transaction. (1205) (SQLExecDirectW)')
[ERROR] 2026-06-24 15:10:52,401 directory 9694 140448692692672 directory_save error: ('40001', '[40001] [Microsoft][ODBC Driver 18 for SQL Server][SQL Server]Transaction (Process ID 91) was deadlocked on lock | communication buffer resources with another process and has been chosen as the deadlock victim. Rerun the transaction. (1205) (SQLExecDirectW)')
[ERROR] 2026-06-24 15:11:09,055 directory 11430 139737830446912 directory_save error: ('40001', '[40001] [Microsoft][ODBC Driver 18 for SQL Server][SQL Server]Transaction (Process ID 69) was deadlocked on lock | communication buffer resources with another process and has been chosen as the deadlock victim. Rerun the transaction. (1205) (SQLExecDirectW)')
[ERROR] 2026-06-24 15:11:09,058 directory 11434 139737830446912 directory_save error: ('40001', '[40001] [Microsoft][ODBC Driver 18 for SQL Server][SQL Server]Transaction (Process ID 67) was deadlocked on lock | communication buffer resources with another process and has been chosen as the deadlock victim. Rerun the transaction. (1205) (SQLExecDirectW)')
[ERROR] 2026-06-24 15:11:14,324 directory 9694 140448692692672 directory_save error: ('40001', '[40001] [Microsoft][ODBC Driver 18 for SQL Server][SQL Server]Transaction (Process ID 88) was deadlocked on lock | communication buffer resources with another process and has been chosen as the deadlock victim. Rerun the transaction. (1205) (SQLExecDirectW)')
[ERROR] 2026-06-24 15:11:17,075 directory 9694 140448683251392 directory_save error: ('40001', '[40001] [Microsoft][ODBC Driver 18 for SQL Server][SQL Server]Transaction (Process ID 84) was deadlocked on lock | communication buffer resources with another process and has been chosen as the deadlock victim. Rerun the transaction. (1205) (SQLExecDirectW)')
[ERROR] 2026-06-24 15:11:19,844 directory 9694 140448316257984 directory_save error: ('40001', '[40001] [Microsoft][ODBC Driver 18 for SQL Server][SQL Server]Transaction (Process ID 89) was deadlocked on lock | communication buffer resources with another process and has been chosen as the deadlock victim. Rerun the transaction. (1205) (SQLExecDirectW)')
[ERROR] 2026-06-24 15:11:20,146 directory 9694 140448701085376 directory_save error: ('40001', '[40001] [Microsoft][ODBC Driver 18 for SQL Server][SQL Server]Transaction (Process ID 90) was deadlocked on lock | communication buffer resources with another process and has been chosen as the deadlock victim. Rerun the transaction. (1205) (SQLExecDirectW)')
[ERROR] 2026-06-24 15:11:20,399 directory 9694 140448316257984 directory_save error: ('40001', '[40001] [Microsoft][ODBC Driver 18 for SQL Server][SQL Server]Transaction (Process ID 90) was deadlocked on lock | communication buffer resources with another process and has been chosen as the deadlock victim. Rerun the transaction. (1205) (SQLExecDirectW)')
[ERROR] 2026-06-24 15:11:37,021 directory 11435 139737830446912 directory_save error: ('40001', '[40001] [Microsoft][ODBC Driver 18 for SQL Server][SQL Server]Transaction (Process ID 61) was deadlocked on lock | communication buffer resources with another process and has been chosen as the deadlock victim. Rerun the transaction. (1205) (SQLExecDirectW)')
[ERROR] 2026-06-24 15:11:46,446 directory 9694 140448674858688 directory_save error: ('40001', '[40001] [Microsoft][ODBC Driver 18 for SQL Server][SQL Server]Transaction (Process ID 89) was deadlocked on lock | communication buffer resources with another process and has been chosen as the deadlock victim. Rerun the transaction. (1205) (SQLExecDirectW)')
[ERROR] 2026-06-24 15:11:47,320 directory 11432 139737830446912 directory_save error: ('40001', '[40001] [Microsoft][ODBC Driver 18 for SQL Server][SQL Server]Transaction (Process ID 54) was deadlocked on lock | communication buffer resources with another process and has been chosen as the deadlock victim. Rerun the transaction. (1205) (SQLExecDirectW)')
[ERROR] 2026-06-24 15:11:48,119 directory 9694 140448701085376 directory_save error: ('40001', '[40001] [Microsoft][ODBC Driver 18 for SQL Server][SQL Server]Transaction (Process ID 92) was deadlocked on lock | communication buffer resources with another process and has been chosen as the deadlock victim. Rerun the transaction. (1205) (SQLExecDirectW)')
[ERROR] 2026-06-24 15:11:48,507 archive_tree 11437 139737830446912 archive_tree error: ('40001', '[40001] [Microsoft][ODBC Driver 18 for SQL Server][SQL Server]Transaction (Process ID 71) was deadlocked on lock | communication buffer resources with another process and has been chosen as the deadlock victim. Rerun the transaction. (1205) (SQLExecDirectW)')
[ERROR] 2026-06-24 15:11:49,538 archive_tree 11436 139737830446912 archive_tree error: ('40001', '[40001] [Microsoft][ODBC Driver 18 for SQL Server][SQL Server]Transaction (Process ID 70) was deadlocked on lock | communication buffer resources with another process and has been chosen as the deadlock victim. Rerun the transaction. (1205) (SQLExecDirectW)')
[ERROR] 2026-06-24 15:11:49,865 archive_tree 11434 139737830446912 archive_tree error: ('40001', '[40001] [Microsoft][ODBC Driver 18 for SQL Server][SQL Server]Transaction (Process ID 67) was deadlocked on lock | communication buffer resources with another process and has been chosen as the deadlock victim. Rerun the transaction. (1205) (SQLExecDirectW)')
[ERROR] 2026-06-24 15:11:50,471 directory 9694 140448692692672 directory_save error: ('40001', '[40001] [Microsoft][ODBC Driver 18 for SQL Server][SQL Server]Transaction (Process ID 88) was deadlocked on lock | communication buffer resources with another process and has been chosen as the deadlock victim. Rerun the transaction. (1205) (SQLExecDirectW)')
[ERROR] 2026-06-24 15:11:50,904 directory 9694 140448674858688 directory_save error: ('40001', '[40001] [Microsoft][ODBC Driver 18 for SQL Server][SQL Server]Transaction (Process ID 89) was deadlocked on lock | communication buffer resources with another process and has been chosen as the deadlock victim. Rerun the transaction. (1205) (SQLExecDirectW)')
[ERROR] 2026-06-24 15:11:51,734 archive_tree 11432 139737830446912 archive_tree error: ('40001', '[40001] [Microsoft][ODBC Driver 18 for SQL Server][SQL Server]Transaction (Process ID 54) was deadlocked on lock | communication buffer resources with another process and has been chosen as the deadlock victim. Rerun the transaction. (1205) (SQLExecDirectW)')
[ERROR] 2026-06-24 15:11:52,021 directory 9694 140448701085376 directory_save error: ('40001', '[40001] [Microsoft][ODBC Driver 18 for SQL Server][SQL Server]Transaction (Process ID 92) was deadlocked on lock | communication buffer resources with another process and has been chosen as the deadlock victim. Rerun the transaction. (1205) (SQLExecDirectW)')
[ERROR] 2026-06-24 15:21:28,880 directory 11430 139737830446912 directory_save error: ('40001', '[40001] [Microsoft][ODBC Driver 18 for SQL Server][SQL Server]Transaction (Process ID 70) was deadlocked on lock | communication buffer resources with another process and has been chosen as the deadlock victim. Rerun the transaction. (1205) (SQLExecDirectW)')
[ERROR] 2026-06-24 15:21:34,342 directory 11435 139737830446912 directory_save error: ('40001', '[40001] [Microsoft][ODBC Driver 18 for SQL Server][SQL Server]Transaction (Process ID 67) was deadlocked on lock | communication buffer resources with another process and has been chosen as the deadlock victim. Rerun the transaction. (1205) (SQLExecDirectW)')
[ERROR] 2026-06-24 15:21:37,184 directory 11433 139737830446912 directory_save error: ('40001', '[40001] [Microsoft][ODBC Driver 18 for SQL Server][SQL Server]Transaction (Process ID 61) was deadlocked on lock | communication buffer resources with another process and has been chosen as the deadlock victim. Rerun the transaction. (1205) (SQLExecDirectW)')
[ERROR] 2026-06-24 15:21:47,936 directory 11436 139737830446912 directory_save error: ('40001', '[40001] [Microsoft][ODBC Driver 18 for SQL Server][SQL Server]Transaction (Process ID 67) was deadlocked on lock resources with another process and has been chosen as the deadlock victim. Rerun the transaction. (1205) (SQLExecDirectW)')
[ERROR] 2026-06-24 15:22:45,605 directory 11436 139737830446912 directory_save error: ('40001', '[40001] [Microsoft][ODBC Driver 18 for SQL Server][SQL Server]Transaction (Process ID 63) was deadlocked on lock | communication buffer resources with another process and has been chosen as the deadlock victim. Rerun the transaction. (1205) (SQLExecDirectW)')
[ERROR] 2026-06-24 15:23:03,292 directory 11432 139737830446912 directory_save error: ('40001', '[40001] [Microsoft][ODBC Driver 18 for SQL Server][SQL Server]Transaction (Process ID 61) was deadlocked on lock | communication buffer resources with another process and has been chosen as the deadlock victim. Rerun the transaction. (1205) (SQLExecDirectW)')
[ERROR] 2026-06-24 15:27:16,393 log 11434 139737830446912 Invalid HTTP_HOST header: '192.168.16.100'. You may need to add '192.168.16.100' to ALLOWED_HOSTS.
Traceback (most recent call last):
  File "/home/hsy/miniconda3/envs/django_env/lib/python3.11/site-packages/django/core/handlers/exception.py", line 55, in inner
    response = get_response(request)
               ^^^^^^^^^^^^^^^^^^^^^
  File "/home/hsy/miniconda3/envs/django_env/lib/python3.11/site-packages/django/utils/deprecation.py", line 119, in __call__
    response = self.process_request(request)
               ^^^^^^^^^^^^^^^^^^^^^^^^^^^^^
  File "/home/hsy/miniconda3/envs/django_env/lib/python3.11/site-packages/django/middleware/common.py", line 48, in process_request
    host = request.get_host()
           ^^^^^^^^^^^^^^^^^^
  File "/home/hsy/miniconda3/envs/django_env/lib/python3.11/site-packages/django/http/request.py", line 203, in get_host
    raise DisallowedHost(msg)
django.core.exceptions.DisallowedHost: Invalid HTTP_HOST header: '192.168.16.100'. You may need to add '192.168.16.100' to ALLOWED_HOSTS.
[ERROR] 2026-06-24 15:27:17,390 log 11435 139737830446912 Invalid HTTP_HOST header: '192.168.16.100'. You may need to add '192.168.16.100' to ALLOWED_HOSTS.
Traceback (most recent call last):
  File "/home/hsy/miniconda3/envs/django_env/lib/python3.11/site-packages/django/core/handlers/exception.py", line 55, in inner
    response = get_response(request)
               ^^^^^^^^^^^^^^^^^^^^^
  File "/home/hsy/miniconda3/envs/django_env/lib/python3.11/site-packages/django/utils/deprecation.py", line 119, in __call__
    response = self.process_request(request)
               ^^^^^^^^^^^^^^^^^^^^^^^^^^^^^
  File "/home/hsy/miniconda3/envs/django_env/lib/python3.11/site-packages/django/middleware/common.py", line 48, in process_request
    host = request.get_host()
           ^^^^^^^^^^^^^^^^^^
  File "/home/hsy/miniconda3/envs/django_env/lib/python3.11/site-packages/django/http/request.py", line 203, in get_host
    raise DisallowedHost(msg)
django.core.exceptions.DisallowedHost: Invalid HTTP_HOST header: '192.168.16.100'. You may need to add '192.168.16.100' to ALLOWED_HOSTS.
[ERROR] 2026-06-24 15:30:36,060 directory 11430 139737830446912 directory_save error: ('40001', '[40001] [Microsoft][ODBC Driver 18 for SQL Server][SQL Server]Transaction (Process ID 70) was deadlocked on lock | communication buffer resources with another process and has been chosen as the deadlock victim. Rerun the transaction. (1205) (SQLExecDirectW)')
[ERROR] 2026-06-24 15:30:58,724 directory 11433 139737830446912 directory_save error: ('40001', '[40001] [Microsoft][ODBC Driver 18 for SQL Server][SQL Server]Transaction (Process ID 63) was deadlocked on lock | communication buffer resources with another process and has been chosen as the deadlock victim. Rerun the transaction. (1205) (SQLExecDirectW)')
[ERROR] 2026-06-24 15:32:57,375 log 11436 139737830446912 Invalid HTTP_HOST header: '192.168.16.100'. You may need to add '192.168.16.100' to ALLOWED_HOSTS.
Traceback (most recent call last):
  File "/home/hsy/miniconda3/envs/django_env/lib/python3.11/site-packages/django/core/handlers/exception.py", line 55, in inner
    response = get_response(request)
               ^^^^^^^^^^^^^^^^^^^^^
  File "/home/hsy/miniconda3/envs/django_env/lib/python3.11/site-packages/django/utils/deprecation.py", line 119, in __call__
    response = self.process_request(request)
               ^^^^^^^^^^^^^^^^^^^^^^^^^^^^^
  File "/home/hsy/miniconda3/envs/django_env/lib/python3.11/site-packages/django/middleware/common.py", line 48, in process_request
    host = request.get_host()
           ^^^^^^^^^^^^^^^^^^
  File "/home/hsy/miniconda3/envs/django_env/lib/python3.11/site-packages/django/http/request.py", line 203, in get_host
    raise DisallowedHost(msg)
django.core.exceptions.DisallowedHost: Invalid HTTP_HOST header: '192.168.16.100'. You may need to add '192.168.16.100' to ALLOWED_HOSTS.
[ERROR] 2026-06-24 15:32:57,655 log 11431 139737830446912 Invalid HTTP_HOST header: '192.168.16.100'. You may need to add '192.168.16.100' to ALLOWED_HOSTS.
Traceback (most recent call last):
  File "/home/hsy/miniconda3/envs/django_env/lib/python3.11/site-packages/django/core/handlers/exception.py", line 55, in inner
    response = get_response(request)
               ^^^^^^^^^^^^^^^^^^^^^
  File "/home/hsy/miniconda3/envs/django_env/lib/python3.11/site-packages/django/utils/deprecation.py", line 119, in __call__
    response = self.process_request(request)
               ^^^^^^^^^^^^^^^^^^^^^^^^^^^^^
  File "/home/hsy/miniconda3/envs/django_env/lib/python3.11/site-packages/django/middleware/common.py", line 48, in process_request
    host = request.get_host()
           ^^^^^^^^^^^^^^^^^^
  File "/home/hsy/miniconda3/envs/django_env/lib/python3.11/site-packages/django/http/request.py", line 203, in get_host
    raise DisallowedHost(msg)
django.core.exceptions.DisallowedHost: Invalid HTTP_HOST header: '192.168.16.100'. You may need to add '192.168.16.100' to ALLOWED_HOSTS.
[ERROR] 2026-06-24 15:32:58,524 log 11431 139737830446912 Invalid HTTP_HOST header: '192.168.16.100'. You may need to add '192.168.16.100' to ALLOWED_HOSTS.
Traceback (most recent call last):
  File "/home/hsy/miniconda3/envs/django_env/lib/python3.11/site-packages/django/core/handlers/exception.py", line 55, in inner
    response = get_response(request)
               ^^^^^^^^^^^^^^^^^^^^^
  File "/home/hsy/miniconda3/envs/django_env/lib/python3.11/site-packages/django/utils/deprecation.py", line 119, in __call__
    response = self.process_request(request)
               ^^^^^^^^^^^^^^^^^^^^^^^^^^^^^
  File "/home/hsy/miniconda3/envs/django_env/lib/python3.11/site-packages/django/middleware/common.py", line 48, in process_request
    host = request.get_host()
           ^^^^^^^^^^^^^^^^^^
  File "/home/hsy/miniconda3/envs/django_env/lib/python3.11/site-packages/django/http/request.py", line 203, in get_host
    raise DisallowedHost(msg)
django.core.exceptions.DisallowedHost: Invalid HTTP_HOST header: '192.168.16.100'. You may need to add '192.168.16.100' to ALLOWED_HOSTS.
[ERROR] 2026-06-24 15:36:31,503 directory 11433 139737830446912 directory_save error: ('40001', '[40001] [Microsoft][ODBC Driver 18 for SQL Server][SQL Server]Transaction (Process ID 63) was deadlocked on lock | communication buffer resources with another process and has been chosen as the deadlock victim. Rerun the transaction. (1205) (SQLExecDirectW)')
[ERROR] 2026-06-24 15:36:36,760 directory 11431 139737830446912 directory_save error: ('40001', '[40001] [Microsoft][ODBC Driver 18 for SQL Server][SQL Server]Transaction (Process ID 67) was deadlocked on lock | communication buffer resources with another process and has been chosen as the deadlock victim. Rerun the transaction. (1205) (SQLExecDirectW)')
[ERROR] 2026-06-24 15:36:40,871 directory 11430 139737830446912 directory_save error: ('40001', '[40001] [Microsoft][ODBC Driver 18 for SQL Server][SQL Server]Transaction (Process ID 70) was deadlocked on lock | communication buffer resources with another process and has been chosen as the deadlock victim. Rerun the transaction. (1205) (SQLExecDirectW)')
[ERROR] 2026-06-24 15:36:46,412 directory 11436 139737830446912 directory_save error: ('40001', '[40001] [Microsoft][ODBC Driver 18 for SQL Server][SQL Server]Transaction (Process ID 70) was deadlocked on lock resources with another process and has been chosen as the deadlock victim. Rerun the transaction. (1205) (SQLExecDirectW)')
[ERROR] 2026-06-24 15:36:46,419 directory 11430 139737830446912 directory_save error: ('40001', '[40001] [Microsoft][ODBC Driver 18 for SQL Server][SQL Server]Transaction (Process ID 54) was deadlocked on lock | communication buffer resources with another process and has been chosen as the deadlock victim. Rerun the transaction. (1205) (SQLExecDirectW)')
[ERROR] 2026-06-24 15:37:24,065 directory 11437 139737830446912 directory_save error: ('40001', '[40001] [Microsoft][ODBC Driver 18 for SQL Server][SQL Server]Transaction (Process ID 71) was deadlocked on lock | communication buffer resources with another process and has been chosen as the deadlock victim. Rerun the transaction. (1205) (SQLExecDirectW)')
[ERROR] 2026-06-24 15:44:32,006 directory 11433 139737830446912 directory_save error: ('40001', '[40001] [Microsoft][ODBC Driver 18 for SQL Server][SQL Server]Transaction (Process ID 63) was deadlocked on lock | communication buffer resources with another process and has been chosen as the deadlock victim. Rerun the transaction. (1205) (SQLExecDirectW)')
[ERROR] 2026-06-24 15:44:37,335 directory 11430 139737830446912 directory_save error: ('40001', '[40001] [Microsoft][ODBC Driver 18 for SQL Server][SQL Server]Transaction (Process ID 70) was deadlocked on lock | communication buffer resources with another process and has been chosen as the deadlock victim. Rerun the transaction. (1205) (SQLExecDirectW)')
[ERROR] 2026-06-24 15:44:40,061 directory 11431 139737830446912 directory_save error: ('40001', '[40001] [Microsoft][ODBC Driver 18 for SQL Server][SQL Server]Transaction (Process ID 67) was deadlocked on lock | communication buffer resources with another process and has been chosen as the deadlock victim. Rerun the transaction. (1205) (SQLExecDirectW)')
[ERROR] 2026-06-24 15:44:43,272 directory 11436 139737830446912 directory_save error: ('40001', '[40001] [Microsoft][ODBC Driver 18 for SQL Server][SQL Server]Transaction (Process ID 54) was deadlocked on lock | communication buffer resources with another process and has been chosen as the deadlock victim. Rerun the transaction. (1205) (SQLExecDirectW)')
[ERROR] 2026-06-24 15:44:43,783 directory 11430 139737830446912 directory_save error: ('40001', '[40001] [Microsoft][ODBC Driver 18 for SQL Server][SQL Server]Transaction (Process ID 70) was deadlocked on lock | communication buffer resources with another process and has been chosen as the deadlock victim. Rerun the transaction. (1205) (SQLExecDirectW)')
[ERROR] 2026-06-24 15:44:44,673 directory 11432 139737830446912 directory_save error: ('40001', '[40001] [Microsoft][ODBC Driver 18 for SQL Server][SQL Server]Transaction (Process ID 69) was deadlocked on lock | communication buffer resources with another process and has been chosen as the deadlock victim. Rerun the transaction. (1205) (SQLExecDirectW)')
[ERROR] 2026-06-24 15:46:46,466 directory 11434 139737830446912 directory_save error: ('40001', '[40001] [Microsoft][ODBC Driver 18 for SQL Server][SQL Server]Transaction (Process ID 66) was deadlocked on lock resources with another process and has been chosen as the deadlock victim. Rerun the transaction. (1205) (SQLExecDirectW)')
[ERROR] 2026-06-24 15:46:54,405 directory 11434 139737830446912 directory_save error: ('40001', '[40001] [Microsoft][ODBC Driver 18 for SQL Server][SQL Server]Transaction (Process ID 66) was deadlocked on lock | communication buffer resources with another process and has been chosen as the deadlock victim. Rerun the transaction. (1205) (SQLExecDirectW)')
[ERROR] 2026-06-24 15:46:55,849 salary 11432 139737830446912 工资查询失败: ('40001', '[40001] [Microsoft][ODBC Driver 18 for SQL Server][SQL Server]Transaction (Process ID 69) was deadlocked on lock | communication buffer resources with another process and has been chosen as the deadlock victim. Rerun the transaction. (1205) (SQLExecDirectW)')
[ERROR] 2026-06-24 15:46:56,678 directory 11436 139737830446912 directory_save error: ('40001', '[40001] [Microsoft][ODBC Driver 18 for SQL Server][SQL Server]Transaction (Process ID 54) was deadlocked on lock | communication buffer resources with another process and has been chosen as the deadlock victim. Rerun the transaction. (1205) (SQLExecDirectW)')
[ERROR] 2026-06-24 15:47:02,140 directory 11435 139737830446912 directory_save error: ('40001', '[40001] [Microsoft][ODBC Driver 18 for SQL Server][SQL Server]Transaction (Process ID 61) was deadlocked on lock | communication buffer resources with another process and has been chosen as the deadlock victim. Rerun the transaction. (1205) (SQLExecDirectW)')
[ERROR] 2026-06-24 15:47:07,314 directory 11430 139737830446912 directory_save error: ('40001', '[40001] [Microsoft][ODBC Driver 18 for SQL Server][SQL Server]Transaction (Process ID 70) was deadlocked on lock | communication buffer resources with another process and has been chosen as the deadlock victim. Rerun the transaction. (1205) (SQLExecDirectW)')
[ERROR] 2026-06-24 15:47:10,192 directory 11437 139737830446912 directory_save error: ('40001', '[40001] [Microsoft][ODBC Driver 18 for SQL Server][SQL Server]Transaction (Process ID 71) was deadlocked on lock | communication buffer resources with another process and has been chosen as the deadlock victim. Rerun the transaction. (1205) (SQLExecDirectW)')
[ERROR] 2026-06-24 15:47:11,694 directory 11435 139737830446912 directory_save error: ('40001', '[40001] [Microsoft][ODBC Driver 18 for SQL Server][SQL Server]Transaction (Process ID 61) was deadlocked on lock | communication buffer resources with another process and has been chosen as the deadlock victim. Rerun the transaction. (1205) (SQLExecDirectW)')
[ERROR] 2026-06-24 15:47:12,573 directory 11433 139737830446912 directory_save error: ('40001', '[40001] [Microsoft][ODBC Driver 18 for SQL Server][SQL Server]Transaction (Process ID 70) was deadlocked on lock | communication buffer resources with another process and has been chosen as the deadlock victim. Rerun the transaction. (1205) (SQLExecDirectW)')
[ERROR] 2026-06-24 15:47:13,311 directory 11437 139737830446912 directory_save error: ('40001', '[40001] [Microsoft][ODBC Driver 18 for SQL Server][SQL Server]Transaction (Process ID 71) was deadlocked on lock | communication buffer resources with another process and has been chosen as the deadlock victim. Rerun the transaction. (1205) (SQLExecDirectW)')
[ERROR] 2026-06-24 15:47:13,851 directory 11435 139737830446912 directory_save error: ('40001', '[40001] [Microsoft][ODBC Driver 18 for SQL Server][SQL Server]Transaction (Process ID 61) was deadlocked on lock | communication buffer resources with another process and has been chosen as the deadlock victim. Rerun the transaction. (1205) (SQLExecDirectW)')
[ERROR] 2026-06-24 15:47:15,123 directory 11436 139737830446912 directory_save error: ('40001', '[40001] [Microsoft][ODBC Driver 18 for SQL Server][SQL Server]Transaction (Process ID 54) was deadlocked on lock | communication buffer resources with another process and has been chosen as the deadlock victim. Rerun the transaction. (1205) (SQLExecDirectW)')
[ERROR] 2026-06-24 15:48:26,822 directory 11435 139737830446912 directory_save error: ('40001', '[40001] [Microsoft][ODBC Driver 18 for SQL Server][SQL Server]Transaction (Process ID 61) was deadlocked on lock | communication buffer resources with another process and has been chosen as the deadlock victim. Rerun the transaction. (1205) (SQLExecDirectW)')
[ERROR] 2026-06-24 15:48:39,514 directory 11437 139737830446912 directory_save error: ('40001', '[40001] [Microsoft][ODBC Driver 18 for SQL Server][SQL Server]Transaction (Process ID 71) was deadlocked on lock | communication buffer resources with another process and has been chosen as the deadlock victim. Rerun the transaction. (1205) (SQLExecDirectW)')
[ERROR] 2026-06-24 15:48:44,871 directory 11435 139737830446912 directory_save error: ('40001', '[40001] [Microsoft][ODBC Driver 18 for SQL Server][SQL Server]Transaction (Process ID 61) was deadlocked on lock | communication buffer resources with another process and has been chosen as the deadlock victim. Rerun the transaction. (1205) (SQLExecDirectW)')
[ERROR] 2026-06-24 15:48:47,709 directory 11436 139737830446912 directory_save error: ('40001', '[40001] [Microsoft][ODBC Driver 18 for SQL Server][SQL Server]Transaction (Process ID 67) was deadlocked on lock | communication buffer resources with another process and has been chosen as the deadlock victim. Rerun the transaction. (1205) (SQLExecDirectW)')
[ERROR] 2026-06-24 15:48:49,983 directory 11433 139737830446912 directory_save error: ('40001', '[40001] [Microsoft][ODBC Driver 18 for SQL Server][SQL Server]Transaction (Process ID 70) was deadlocked on lock | communication buffer resources with another process and has been chosen as the deadlock victim. Rerun the transaction. (1205) (SQLExecDirectW)')
[ERROR] 2026-06-24 15:48:51,193 salary 11435 139737830446912 工资查询失败: ('40001', '[40001] [Microsoft][ODBC Driver 18 for SQL Server][SQL Server]Transaction (Process ID 61) was deadlocked on lock | communication buffer resources with another process and has been chosen as the deadlock victim. Rerun the transaction. (1205) (SQLExecDirectW)')
[ERROR] 2026-06-24 15:48:51,869 directory 11434 139737830446912 directory_save error: ('40001', '[40001] [Microsoft][ODBC Driver 18 for SQL Server][SQL Server]Transaction (Process ID 66) was deadlocked on lock | communication buffer resources with another process and has been chosen as the deadlock victim. Rerun the transaction. (1205) (SQLExecDirectW)')
[ERROR] 2026-06-24 15:49:03,460 directory 11431 139737830446912 directory_save error: ('40001', '[40001] [Microsoft][ODBC Driver 18 for SQL Server][SQL Server]Transaction (Process ID 54) was deadlocked on lock resources with another process and has been chosen as the deadlock victim. Rerun the transaction. (1205) (SQLExecDirectW)')
[ERROR] 2026-06-24 15:49:08,720 directory 11432 139737830446912 directory_save error: ('40001', '[40001] [Microsoft][ODBC Driver 18 for SQL Server][SQL Server]Transaction (Process ID 70) was deadlocked on lock | communication buffer resources with another process and has been chosen as the deadlock victim. Rerun the transaction. (1205) (SQLExecDirectW)')
[ERROR] 2026-06-24 15:49:11,474 directory 11433 139737830446912 directory_save error: ('40001', '[40001] [Microsoft][ODBC Driver 18 for SQL Server][SQL Server]Transaction (Process ID 69) was deadlocked on lock | communication buffer resources with another process and has been chosen as the deadlock victim. Rerun the transaction. (1205) (SQLExecDirectW)')
[ERROR] 2026-06-24 15:54:17,331 directory 11430 139737830446912 directory_save error: ('40001', '[40001] [Microsoft][ODBC Driver 18 for SQL Server][SQL Server]Transaction (Process ID 63) was deadlocked on lock | communication buffer resources with another process and has been chosen as the deadlock victim. Rerun the transaction. (1205) (SQLExecDirectW)')
[ERROR] 2026-06-24 15:55:00,006 directory 11433 139737830446912 directory_save error: ('40001', '[40001] [Microsoft][ODBC Driver 18 for SQL Server][SQL Server]Transaction (Process ID 69) was deadlocked on lock | communication buffer resources with another process and has been chosen as the deadlock victim. Rerun the transaction. (1205) (SQLExecDirectW)')
[ERROR] 2026-06-24 15:55:05,265 directory 11435 139737830446912 directory_save error: ('40001', '[40001] [Microsoft][ODBC Driver 18 for SQL Server][SQL Server]Transaction (Process ID 71) was deadlocked on lock | communication buffer resources with another process and has been chosen as the deadlock victim. Rerun the transaction. (1205) (SQLExecDirectW)')
[ERROR] 2026-06-24 15:55:09,387 directory 11432 139737830446912 directory_save error: ('40001', '[40001] [Microsoft][ODBC Driver 18 for SQL Server][SQL Server]Transaction (Process ID 70) was deadlocked on lock | communication buffer resources with another process and has been chosen as the deadlock victim. Rerun the transaction. (1205) (SQLExecDirectW)')
[ERROR] 2026-06-24 15:57:15,088 directory 11437 139737830446912 directory_save error: ('40001', '[40001] [Microsoft][ODBC Driver 18 for SQL Server][SQL Server]Transaction (Process ID 61) was deadlocked on lock | communication buffer resources with another process and has been chosen as the deadlock victim. Rerun the transaction. (1205) (SQLExecDirectW)')
[ERROR] 2026-06-24 15:57:20,375 directory 11435 139737830446912 directory_save error: ('40001', '[40001] [Microsoft][ODBC Driver 18 for SQL Server][SQL Server]Transaction (Process ID 71) was deadlocked on lock | communication buffer resources with another process and has been chosen as the deadlock victim. Rerun the transaction. (1205) (SQLExecDirectW)')
[ERROR] 2026-06-24 15:57:23,205 directory 11432 139737830446912 directory_save error: ('40001', '[40001] [Microsoft][ODBC Driver 18 for SQL Server][SQL Server]Transaction (Process ID 70) was deadlocked on lock | communication buffer resources with another process and has been chosen as the deadlock victim. Rerun the transaction. (1205) (SQLExecDirectW)')
[ERROR] 2026-06-24 15:57:24,727 directory 11434 139737830446912 directory_save error: ('40001', '[40001] [Microsoft][ODBC Driver 18 for SQL Server][SQL Server]Transaction (Process ID 66) was deadlocked on lock | communication buffer resources with another process and has been chosen as the deadlock victim. Rerun the transaction. (1205) (SQLExecDirectW)')
[ERROR] 2026-06-24 15:57:26,370 directory 11436 139737830446912 directory_save error: ('40001', '[40001] [Microsoft][ODBC Driver 18 for SQL Server][SQL Server]Transaction (Process ID 54) was deadlocked on lock | communication buffer resources with another process and has been chosen as the deadlock victim. Rerun the transaction. (1205) (SQLExecDirectW)')
[ERROR] 2026-06-24 15:57:26,757 directory 11435 139737830446912 directory_save error: ('40001', '[40001] [Microsoft][ODBC Driver 18 for SQL Server][SQL Server]Transaction (Process ID 71) was deadlocked on lock | communication buffer resources with another process and has been chosen as the deadlock victim. Rerun the transaction. (1205) (SQLExecDirectW)')
[ERROR] 2026-06-24 15:57:27,074 salary 11432 139737830446912 工资查询失败: ('40001', '[40001] [Microsoft][ODBC Driver 18 for SQL Server][SQL Server]Transaction (Process ID 70) was deadlocked on lock | communication buffer resources with another process and has been chosen as the deadlock victim. Rerun the transaction. (1205) (SQLExecDirectW)')
[ERROR] 2026-06-24 15:57:27,718 directory 11430 139737830446912 directory_save error: ('40001', '[40001] [Microsoft][ODBC Driver 18 for SQL Server][SQL Server]Transaction (Process ID 63) was deadlocked on lock | communication buffer resources with another process and has been chosen as the deadlock victim. Rerun the transaction. (1205) (SQLExecDirectW)')
[ERROR] 2026-06-24 15:57:46,990 log 11437 139737830446912 Invalid HTTP_HOST header: '192.168.16.100'. You may need to add '192.168.16.100' to ALLOWED_HOSTS.
Traceback (most recent call last):
  File "/home/hsy/miniconda3/envs/django_env/lib/python3.11/site-packages/django/core/handlers/exception.py", line 55, in inner
    response = get_response(request)
               ^^^^^^^^^^^^^^^^^^^^^
  File "/home/hsy/miniconda3/envs/django_env/lib/python3.11/site-packages/django/utils/deprecation.py", line 119, in __call__
    response = self.process_request(request)
               ^^^^^^^^^^^^^^^^^^^^^^^^^^^^^
  File "/home/hsy/miniconda3/envs/django_env/lib/python3.11/site-packages/django/middleware/common.py", line 48, in process_request
    host = request.get_host()
           ^^^^^^^^^^^^^^^^^^
  File "/home/hsy/miniconda3/envs/django_env/lib/python3.11/site-packages/django/http/request.py", line 203, in get_host
    raise DisallowedHost(msg)
django.core.exceptions.DisallowedHost: Invalid HTTP_HOST header: '192.168.16.100'. You may need to add '192.168.16.100' to ALLOWED_HOSTS.
[ERROR] 2026-06-24 15:57:47,131 log 11436 139737830446912 Invalid HTTP_HOST header: '192.168.16.100'. You may need to add '192.168.16.100' to ALLOWED_HOSTS.
Traceback (most recent call last):
  File "/home/hsy/miniconda3/envs/django_env/lib/python3.11/site-packages/django/core/handlers/exception.py", line 55, in inner
    response = get_response(request)
               ^^^^^^^^^^^^^^^^^^^^^
  File "/home/hsy/miniconda3/envs/django_env/lib/python3.11/site-packages/django/utils/deprecation.py", line 119, in __call__
    response = self.process_request(request)
               ^^^^^^^^^^^^^^^^^^^^^^^^^^^^^
  File "/home/hsy/miniconda3/envs/django_env/lib/python3.11/site-packages/django/middleware/common.py", line 48, in process_request
    host = request.get_host()
           ^^^^^^^^^^^^^^^^^^
  File "/home/hsy/miniconda3/envs/django_env/lib/python3.11/site-packages/django/http/request.py", line 203, in get_host
    raise DisallowedHost(msg)
django.core.exceptions.DisallowedHost: Invalid HTTP_HOST header: '192.168.16.100'. You may need to add '192.168.16.100' to ALLOWED_HOSTS.
[ERROR] 2026-06-24 15:58:09,804 directory 11431 139737830446912 directory_save error: ('40001', '[40001] [Microsoft][ODBC Driver 18 for SQL Server][SQL Server]Transaction (Process ID 67) was deadlocked on lock | communication buffer resources with another process and has been chosen as the deadlock victim. Rerun the transaction. (1205) (SQLExecDirectW)')
[ERROR] 2026-06-24 15:59:41,789 log 11434 139737830446912 Invalid HTTP_HOST header: '192.168.16.100'. You may need to add '192.168.16.100' to ALLOWED_HOSTS.
Traceback (most recent call last):
  File "/home/hsy/miniconda3/envs/django_env/lib/python3.11/site-packages/django/core/handlers/exception.py", line 55, in inner
    response = get_response(request)
               ^^^^^^^^^^^^^^^^^^^^^
  File "/home/hsy/miniconda3/envs/django_env/lib/python3.11/site-packages/django/utils/deprecation.py", line 119, in __call__
    response = self.process_request(request)
               ^^^^^^^^^^^^^^^^^^^^^^^^^^^^^
  File "/home/hsy/miniconda3/envs/django_env/lib/python3.11/site-packages/django/middleware/common.py", line 48, in process_request
    host = request.get_host()
           ^^^^^^^^^^^^^^^^^^
  File "/home/hsy/miniconda3/envs/django_env/lib/python3.11/site-packages/django/http/request.py", line 203, in get_host
    raise DisallowedHost(msg)
django.core.exceptions.DisallowedHost: Invalid HTTP_HOST header: '192.168.16.100'. You may need to add '192.168.16.100' to ALLOWED_HOSTS.
[ERROR] 2026-06-24 15:59:41,999 log 11432 139737830446912 Invalid HTTP_HOST header: '192.168.16.100'. You may need to add '192.168.16.100' to ALLOWED_HOSTS.
Traceback (most recent call last):
  File "/home/hsy/miniconda3/envs/django_env/lib/python3.11/site-packages/django/core/handlers/exception.py", line 55, in inner
    response = get_response(request)
               ^^^^^^^^^^^^^^^^^^^^^
  File "/home/hsy/miniconda3/envs/django_env/lib/python3.11/site-packages/django/utils/deprecation.py", line 119, in __call__
    response = self.process_request(request)
               ^^^^^^^^^^^^^^^^^^^^^^^^^^^^^
  File "/home/hsy/miniconda3/envs/django_env/lib/python3.11/site-packages/django/middleware/common.py", line 48, in process_request
    host = request.get_host()
           ^^^^^^^^^^^^^^^^^^
  File "/home/hsy/miniconda3/envs/django_env/lib/python3.11/site-packages/django/http/request.py", line 203, in get_host
    raise DisallowedHost(msg)
django.core.exceptions.DisallowedHost: Invalid HTTP_HOST header: '192.168.16.100'. You may need to add '192.168.16.100' to ALLOWED_HOSTS.
[ERROR] 2026-06-24 16:04:02,550 directory 11436 139737830446912 directory_save error: ('40001', '[40001] [Microsoft][ODBC Driver 18 for SQL Server][SQL Server]Transaction (Process ID 54) was deadlocked on lock | communication buffer resources with another process and has been chosen as the deadlock victim. Rerun the transaction. (1205) (SQLExecDirectW)')
[ERROR] 2026-06-24 16:04:07,766 directory 11431 139737830446912 directory_save error: ('40001', '[40001] [Microsoft][ODBC Driver 18 for SQL Server][SQL Server]Transaction (Process ID 71) was deadlocked on lock resources with another process and has been chosen as the deadlock victim. Rerun the transaction. (1205) (SQLExecDirectW)')
[ERROR] 2026-06-24 16:04:07,770 directory 11434 139737830446912 directory_save error: ('40001', '[40001] [Microsoft][ODBC Driver 18 for SQL Server][SQL Server]Transaction (Process ID 61) was deadlocked on lock resources with another process and has been chosen as the deadlock victim. Rerun the transaction. (1205) (SQLExecDirectW)')
[ERROR] 2026-06-24 16:05:44,199 directory 11432 139737830446912 directory_save error: ('40001', '[40001] [Microsoft][ODBC Driver 18 for SQL Server][SQL Server]Transaction (Process ID 67) was deadlocked on lock | communication buffer resources with another process and has been chosen as the deadlock victim. Rerun the transaction. (1205) (SQLExecDirectW)')
[ERROR] 2026-06-24 16:07:47,462 directory 11433 139737830446912 directory_save error: ('40001', '[40001] [Microsoft][ODBC Driver 18 for SQL Server][SQL Server]Transaction (Process ID 69) was deadlocked on lock | communication buffer resources with another process and has been chosen as the deadlock victim. Rerun the transaction. (1205) (SQLExecDirectW)')
[ERROR] 2026-06-24 16:08:08,874 directory 11430 139737830446912 directory_save error: ('40001', '[40001] [Microsoft][ODBC Driver 18 for SQL Server][SQL Server]Transaction (Process ID 63) was deadlocked on lock | communication buffer resources with another process and has been chosen as the deadlock victim. Rerun the transaction. (1205) (SQLExecDirectW)')
[ERROR] 2026-06-24 16:11:46,871 directory 11431 139737830446912 directory_save error: ('40001', '[40001] [Microsoft][ODBC Driver 18 for SQL Server][SQL Server]Transaction (Process ID 71) was deadlocked on lock resources with another process and has been chosen as the deadlock victim. Rerun the transaction. (1205) (SQLExecDirectW)')
[ERROR] 2026-06-24 16:12:34,599 directory 11436 139737830446912 directory_save error: ('40001', '[40001] [Microsoft][ODBC Driver 18 for SQL Server][SQL Server]Transaction (Process ID 67) was deadlocked on lock | communication buffer resources with another process and has been chosen as the deadlock victim. Rerun the transaction. (1205) (SQLExecDirectW)')
[ERROR] 2026-06-24 16:12:39,975 directory 11431 139737830446912 directory_save error: ('40001', '[40001] [Microsoft][ODBC Driver 18 for SQL Server][SQL Server]Transaction (Process ID 71) was deadlocked on lock | communication buffer resources with another process and has been chosen as the deadlock victim. Rerun the transaction. (1205) (SQLExecDirectW)')
[ERROR] 2026-06-24 16:19:02,436 log 11437 139737830446912 Invalid HTTP_HOST header: '192.168.16.100'. You may need to add '192.168.16.100' to ALLOWED_HOSTS.
Traceback (most recent call last):
  File "/home/hsy/miniconda3/envs/django_env/lib/python3.11/site-packages/django/core/handlers/exception.py", line 55, in inner
    response = get_response(request)
               ^^^^^^^^^^^^^^^^^^^^^
  File "/home/hsy/miniconda3/envs/django_env/lib/python3.11/site-packages/django/utils/deprecation.py", line 119, in __call__
    response = self.process_request(request)
               ^^^^^^^^^^^^^^^^^^^^^^^^^^^^^
  File "/home/hsy/miniconda3/envs/django_env/lib/python3.11/site-packages/django/middleware/common.py", line 48, in process_request
    host = request.get_host()
           ^^^^^^^^^^^^^^^^^^
  File "/home/hsy/miniconda3/envs/django_env/lib/python3.11/site-packages/django/http/request.py", line 203, in get_host
    raise DisallowedHost(msg)
django.core.exceptions.DisallowedHost: Invalid HTTP_HOST header: '192.168.16.100'. You may need to add '192.168.16.100' to ALLOWED_HOSTS.
[ERROR] 2026-06-24 16:19:03,644 log 11432 139737830446912 Invalid HTTP_HOST header: '192.168.16.100'. You may need to add '192.168.16.100' to ALLOWED_HOSTS.
Traceback (most recent call last):
  File "/home/hsy/miniconda3/envs/django_env/lib/python3.11/site-packages/django/core/handlers/exception.py", line 55, in inner
    response = get_response(request)
               ^^^^^^^^^^^^^^^^^^^^^
  File "/home/hsy/miniconda3/envs/django_env/lib/python3.11/site-packages/django/utils/deprecation.py", line 119, in __call__
    response = self.process_request(request)
               ^^^^^^^^^^^^^^^^^^^^^^^^^^^^^
  File "/home/hsy/miniconda3/envs/django_env/lib/python3.11/site-packages/django/middleware/common.py", line 48, in process_request
    host = request.get_host()
           ^^^^^^^^^^^^^^^^^^
  File "/home/hsy/miniconda3/envs/django_env/lib/python3.11/site-packages/django/http/request.py", line 203, in get_host
    raise DisallowedHost(msg)
django.core.exceptions.DisallowedHost: Invalid HTTP_HOST header: '192.168.16.100'. You may need to add '192.168.16.100' to ALLOWED_HOSTS.
[ERROR] 2026-06-24 16:19:57,725 log 11433 139737830446912 Invalid HTTP_HOST header: '192.168.16.100'. You may need to add '192.168.16.100' to ALLOWED_HOSTS.
Traceback (most recent call last):
  File "/home/hsy/miniconda3/envs/django_env/lib/python3.11/site-packages/django/core/handlers/exception.py", line 55, in inner
    response = get_response(request)
               ^^^^^^^^^^^^^^^^^^^^^
  File "/home/hsy/miniconda3/envs/django_env/lib/python3.11/site-packages/django/utils/deprecation.py", line 119, in __call__
    response = self.process_request(request)
               ^^^^^^^^^^^^^^^^^^^^^^^^^^^^^
  File "/home/hsy/miniconda3/envs/django_env/lib/python3.11/site-packages/django/middleware/common.py", line 48, in process_request
    host = request.get_host()
           ^^^^^^^^^^^^^^^^^^
  File "/home/hsy/miniconda3/envs/django_env/lib/python3.11/site-packages/django/http/request.py", line 203, in get_host
    raise DisallowedHost(msg)
django.core.exceptions.DisallowedHost: Invalid HTTP_HOST header: '192.168.16.100'. You may need to add '192.168.16.100' to ALLOWED_HOSTS.
[ERROR] 2026-06-24 16:21:04,263 log 11437 139737830446912 Invalid HTTP_HOST header: '192.168.16.100'. You may need to add '192.168.16.100' to ALLOWED_HOSTS.
Traceback (most recent call last):
  File "/home/hsy/miniconda3/envs/django_env/lib/python3.11/site-packages/django/core/handlers/exception.py", line 55, in inner
    response = get_response(request)
               ^^^^^^^^^^^^^^^^^^^^^
  File "/home/hsy/miniconda3/envs/django_env/lib/python3.11/site-packages/django/utils/deprecation.py", line 119, in __call__
    response = self.process_request(request)
               ^^^^^^^^^^^^^^^^^^^^^^^^^^^^^
  File "/home/hsy/miniconda3/envs/django_env/lib/python3.11/site-packages/django/middleware/common.py", line 48, in process_request
    host = request.get_host()
           ^^^^^^^^^^^^^^^^^^
  File "/home/hsy/miniconda3/envs/django_env/lib/python3.11/site-packages/django/http/request.py", line 203, in get_host
    raise DisallowedHost(msg)
django.core.exceptions.DisallowedHost: Invalid HTTP_HOST header: '192.168.16.100'. You may need to add '192.168.16.100' to ALLOWED_HOSTS.
[ERROR] 2026-06-24 16:21:04,450 log 11437 139737830446912 Invalid HTTP_HOST header: '192.168.16.100'. You may need to add '192.168.16.100' to ALLOWED_HOSTS.
Traceback (most recent call last):
  File "/home/hsy/miniconda3/envs/django_env/lib/python3.11/site-packages/django/core/handlers/exception.py", line 55, in inner
    response = get_response(request)
               ^^^^^^^^^^^^^^^^^^^^^
  File "/home/hsy/miniconda3/envs/django_env/lib/python3.11/site-packages/django/utils/deprecation.py", line 119, in __call__
    response = self.process_request(request)
               ^^^^^^^^^^^^^^^^^^^^^^^^^^^^^
  File "/home/hsy/miniconda3/envs/django_env/lib/python3.11/site-packages/django/middleware/common.py", line 48, in process_request
    host = request.get_host()
           ^^^^^^^^^^^^^^^^^^
  File "/home/hsy/miniconda3/envs/django_env/lib/python3.11/site-packages/django/http/request.py", line 203, in get_host
    raise DisallowedHost(msg)
django.core.exceptions.DisallowedHost: Invalid HTTP_HOST header: '192.168.16.100'. You may need to add '192.168.16.100' to ALLOWED_HOSTS.
[ERROR] 2026-06-24 16:44:01,876 log 11431 139737830446912 Invalid HTTP_HOST header: '192.168.16.100'. You may need to add '192.168.16.100' to ALLOWED_HOSTS.
Traceback (most recent call last):
  File "/home/hsy/miniconda3/envs/django_env/lib/python3.11/site-packages/django/core/handlers/exception.py", line 55, in inner
    response = get_response(request)
               ^^^^^^^^^^^^^^^^^^^^^
  File "/home/hsy/miniconda3/envs/django_env/lib/python3.11/site-packages/django/utils/deprecation.py", line 119, in __call__
    response = self.process_request(request)
               ^^^^^^^^^^^^^^^^^^^^^^^^^^^^^
  File "/home/hsy/miniconda3/envs/django_env/lib/python3.11/site-packages/django/middleware/common.py", line 48, in process_request
    host = request.get_host()
           ^^^^^^^^^^^^^^^^^^
  File "/home/hsy/miniconda3/envs/django_env/lib/python3.11/site-packages/django/http/request.py", line 203, in get_host
    raise DisallowedHost(msg)
django.core.exceptions.DisallowedHost: Invalid HTTP_HOST header: '192.168.16.100'. You may need to add '192.168.16.100' to ALLOWED_HOSTS.
[ERROR] 2026-06-24 16:44:02,612 log 11431 139737830446912 Invalid HTTP_HOST header: '192.168.16.100'. You may need to add '192.168.16.100' to ALLOWED_HOSTS.
Traceback (most recent call last):
  File "/home/hsy/miniconda3/envs/django_env/lib/python3.11/site-packages/django/core/handlers/exception.py", line 55, in inner
    response = get_response(request)
               ^^^^^^^^^^^^^^^^^^^^^
  File "/home/hsy/miniconda3/envs/django_env/lib/python3.11/site-packages/django/utils/deprecation.py", line 119, in __call__
    response = self.process_request(request)
               ^^^^^^^^^^^^^^^^^^^^^^^^^^^^^
  File "/home/hsy/miniconda3/envs/django_env/lib/python3.11/site-packages/django/middleware/common.py", line 48, in process_request
    host = request.get_host()
           ^^^^^^^^^^^^^^^^^^
  File "/home/hsy/miniconda3/envs/django_env/lib/python3.11/site-packages/django/http/request.py", line 203, in get_host
    raise DisallowedHost(msg)
django.core.exceptions.DisallowedHost: Invalid HTTP_HOST header: '192.168.16.100'. You may need to add '192.168.16.100' to ALLOWED_HOSTS.
[ERROR] 2026-06-24 16:47:30,911 directory 14936 140439722129088 directory_save error: ('22003', "[22003] [Microsoft][ODBC Driver 18 for SQL Server][SQL Server]The conversion of the nvarchar value '9999999999' overflowed an int column. (248) (SQLExecDirectW)")
[ERROR] 2026-06-24 16:47:34,159 log 11435 139737830446912 Invalid HTTP_HOST header: '192.168.16.100'. You may need to add '192.168.16.100' to ALLOWED_HOSTS.
Traceback (most recent call last):
  File "/home/hsy/miniconda3/envs/django_env/lib/python3.11/site-packages/django/core/handlers/exception.py", line 55, in inner
    response = get_response(request)
               ^^^^^^^^^^^^^^^^^^^^^
  File "/home/hsy/miniconda3/envs/django_env/lib/python3.11/site-packages/django/utils/deprecation.py", line 119, in __call__
    response = self.process_request(request)
               ^^^^^^^^^^^^^^^^^^^^^^^^^^^^^
  File "/home/hsy/miniconda3/envs/django_env/lib/python3.11/site-packages/django/middleware/common.py", line 48, in process_request
    host = request.get_host()
           ^^^^^^^^^^^^^^^^^^
  File "/home/hsy/miniconda3/envs/django_env/lib/python3.11/site-packages/django/http/request.py", line 203, in get_host
    raise DisallowedHost(msg)
django.core.exceptions.DisallowedHost: Invalid HTTP_HOST header: '192.168.16.100'. You may need to add '192.168.16.100' to ALLOWED_HOSTS.
[ERROR] 2026-06-24 16:47:35,177 log 11437 139737830446912 Invalid HTTP_HOST header: '192.168.16.100'. You may need to add '192.168.16.100' to ALLOWED_HOSTS.
Traceback (most recent call last):
  File "/home/hsy/miniconda3/envs/django_env/lib/python3.11/site-packages/django/core/handlers/exception.py", line 55, in inner
    response = get_response(request)
               ^^^^^^^^^^^^^^^^^^^^^
  File "/home/hsy/miniconda3/envs/django_env/lib/python3.11/site-packages/django/utils/deprecation.py", line 119, in __call__
    response = self.process_request(request)
               ^^^^^^^^^^^^^^^^^^^^^^^^^^^^^
  File "/home/hsy/miniconda3/envs/django_env/lib/python3.11/site-packages/django/middleware/common.py", line 48, in process_request
    host = request.get_host()
           ^^^^^^^^^^^^^^^^^^
  File "/home/hsy/miniconda3/envs/django_env/lib/python3.11/site-packages/django/http/request.py", line 203, in get_host
    raise DisallowedHost(msg)
django.core.exceptions.DisallowedHost: Invalid HTTP_HOST header: '192.168.16.100'. You may need to add '192.168.16.100' to ALLOWED_HOSTS.
[ERROR] 2026-06-24 16:47:40,384 directory 14936 140439708497600 directory_save error: ('22003', "[22003] [Microsoft][ODBC Driver 18 for SQL Server][SQL Server]The conversion of the nvarchar value '9999999999' overflowed an int column. (248) (SQLExecDirectW)")
[ERROR] 2026-06-24 17:13:36,987 log 16195 139742485825216 Invalid HTTP_HOST header: '192.168.16.100'. You may need to add '192.168.16.100' to ALLOWED_HOSTS.
Traceback (most recent call last):
  File "/home/hsy/miniconda3/envs/django_env/lib/python3.11/site-packages/django/core/handlers/exception.py", line 55, in inner
    response = get_response(request)
               ^^^^^^^^^^^^^^^^^^^^^
  File "/home/hsy/miniconda3/envs/django_env/lib/python3.11/site-packages/django/utils/deprecation.py", line 119, in __call__
    response = self.process_request(request)
               ^^^^^^^^^^^^^^^^^^^^^^^^^^^^^
  File "/home/hsy/miniconda3/envs/django_env/lib/python3.11/site-packages/django/middleware/common.py", line 48, in process_request
    host = request.get_host()
           ^^^^^^^^^^^^^^^^^^
  File "/home/hsy/miniconda3/envs/django_env/lib/python3.11/site-packages/django/http/request.py", line 203, in get_host
    raise DisallowedHost(msg)
django.core.exceptions.DisallowedHost: Invalid HTTP_HOST header: '192.168.16.100'. You may need to add '192.168.16.100' to ALLOWED_HOSTS.
[ERROR] 2026-06-24 17:13:37,393 log 16196 139742485825216 Invalid HTTP_HOST header: '192.168.16.100'. You may need to add '192.168.16.100' to ALLOWED_HOSTS.
Traceback (most recent call last):
  File "/home/hsy/miniconda3/envs/django_env/lib/python3.11/site-packages/django/core/handlers/exception.py", line 55, in inner
    response = get_response(request)
               ^^^^^^^^^^^^^^^^^^^^^
  File "/home/hsy/miniconda3/envs/django_env/lib/python3.11/site-packages/django/utils/deprecation.py", line 119, in __call__
    response = self.process_request(request)
               ^^^^^^^^^^^^^^^^^^^^^^^^^^^^^
  File "/home/hsy/miniconda3/envs/django_env/lib/python3.11/site-packages/django/middleware/common.py", line 48, in process_request
    host = request.get_host()
           ^^^^^^^^^^^^^^^^^^
  File "/home/hsy/miniconda3/envs/django_env/lib/python3.11/site-packages/django/http/request.py", line 203, in get_host
    raise DisallowedHost(msg)
django.core.exceptions.DisallowedHost: Invalid HTTP_HOST header: '192.168.16.100'. You may need to add '192.168.16.100' to ALLOWED_HOSTS.
[ERROR] 2026-06-25 06:54:20,233 log 16194 139742485825216 Invalid HTTP_HOST header: '192.168.16.100'. You may need to add '192.168.16.100' to ALLOWED_HOSTS.
Traceback (most recent call last):
  File "/home/hsy/miniconda3/envs/django_env/lib/python3.11/site-packages/django/core/handlers/exception.py", line 55, in inner
    response = get_response(request)
               ^^^^^^^^^^^^^^^^^^^^^
  File "/home/hsy/miniconda3/envs/django_env/lib/python3.11/site-packages/django/utils/deprecation.py", line 119, in __call__
    response = self.process_request(request)
               ^^^^^^^^^^^^^^^^^^^^^^^^^^^^^
  File "/home/hsy/miniconda3/envs/django_env/lib/python3.11/site-packages/django/middleware/common.py", line 48, in process_request
    host = request.get_host()
           ^^^^^^^^^^^^^^^^^^
  File "/home/hsy/miniconda3/envs/django_env/lib/python3.11/site-packages/django/http/request.py", line 203, in get_host
    raise DisallowedHost(msg)
django.core.exceptions.DisallowedHost: Invalid HTTP_HOST header: '192.168.16.100'. You may need to add '192.168.16.100' to ALLOWED_HOSTS.
[ERROR] 2026-06-25 06:54:20,954 log 16196 139742485825216 Invalid HTTP_HOST header: '192.168.16.100'. You may need to add '192.168.16.100' to ALLOWED_HOSTS.
Traceback (most recent call last):
  File "/home/hsy/miniconda3/envs/django_env/lib/python3.11/site-packages/django/core/handlers/exception.py", line 55, in inner
    response = get_response(request)
               ^^^^^^^^^^^^^^^^^^^^^
  File "/home/hsy/miniconda3/envs/django_env/lib/python3.11/site-packages/django/utils/deprecation.py", line 119, in __call__
    response = self.process_request(request)
               ^^^^^^^^^^^^^^^^^^^^^^^^^^^^^
  File "/home/hsy/miniconda3/envs/django_env/lib/python3.11/site-packages/django/middleware/common.py", line 48, in process_request
    host = request.get_host()
           ^^^^^^^^^^^^^^^^^^
  File "/home/hsy/miniconda3/envs/django_env/lib/python3.11/site-packages/django/http/request.py", line 203, in get_host
    raise DisallowedHost(msg)
django.core.exceptions.DisallowedHost: Invalid HTTP_HOST header: '192.168.16.100'. You may need to add '192.168.16.100' to ALLOWED_HOSTS.
[ERROR] 2026-06-25 09:31:28,427 log 16194 139742485825216 Invalid HTTP_HOST header: '192.168.16.100'. You may need to add '192.168.16.100' to ALLOWED_HOSTS.
Traceback (most recent call last):
  File "/home/hsy/miniconda3/envs/django_env/lib/python3.11/site-packages/django/core/handlers/exception.py", line 55, in inner
    response = get_response(request)
               ^^^^^^^^^^^^^^^^^^^^^
  File "/home/hsy/miniconda3/envs/django_env/lib/python3.11/site-packages/django/utils/deprecation.py", line 119, in __call__
    response = self.process_request(request)
               ^^^^^^^^^^^^^^^^^^^^^^^^^^^^^
  File "/home/hsy/miniconda3/envs/django_env/lib/python3.11/site-packages/django/middleware/common.py", line 48, in process_request
    host = request.get_host()
           ^^^^^^^^^^^^^^^^^^
  File "/home/hsy/miniconda3/envs/django_env/lib/python3.11/site-packages/django/http/request.py", line 203, in get_host
    raise DisallowedHost(msg)
django.core.exceptions.DisallowedHost: Invalid HTTP_HOST header: '192.168.16.100'. You may need to add '192.168.16.100' to ALLOWED_HOSTS.
[ERROR] 2026-06-25 09:31:28,756 log 16196 139742485825216 Invalid HTTP_HOST header: '192.168.16.100'. You may need to add '192.168.16.100' to ALLOWED_HOSTS.
Traceback (most recent call last):
  File "/home/hsy/miniconda3/envs/django_env/lib/python3.11/site-packages/django/core/handlers/exception.py", line 55, in inner
    response = get_response(request)
               ^^^^^^^^^^^^^^^^^^^^^
  File "/home/hsy/miniconda3/envs/django_env/lib/python3.11/site-packages/django/utils/deprecation.py", line 119, in __call__
    response = self.process_request(request)
               ^^^^^^^^^^^^^^^^^^^^^^^^^^^^^
  File "/home/hsy/miniconda3/envs/django_env/lib/python3.11/site-packages/django/middleware/common.py", line 48, in process_request
    host = request.get_host()
           ^^^^^^^^^^^^^^^^^^
  File "/home/hsy/miniconda3/envs/django_env/lib/python3.11/site-packages/django/http/request.py", line 203, in get_host
    raise DisallowedHost(msg)
django.core.exceptions.DisallowedHost: Invalid HTTP_HOST header: '192.168.16.100'. You may need to add '192.168.16.100' to ALLOWED_HOSTS.
[ERROR] 2026-06-25 09:31:42,510 log 16195 139742485825216 Invalid HTTP_HOST header: '192.168.16.100'. You may need to add '192.168.16.100' to ALLOWED_HOSTS.
Traceback (most recent call last):
  File "/home/hsy/miniconda3/envs/django_env/lib/python3.11/site-packages/django/core/handlers/exception.py", line 55, in inner
    response = get_response(request)
               ^^^^^^^^^^^^^^^^^^^^^
  File "/home/hsy/miniconda3/envs/django_env/lib/python3.11/site-packages/django/utils/deprecation.py", line 119, in __call__
    response = self.process_request(request)
               ^^^^^^^^^^^^^^^^^^^^^^^^^^^^^
  File "/home/hsy/miniconda3/envs/django_env/lib/python3.11/site-packages/django/middleware/common.py", line 48, in process_request
    host = request.get_host()
           ^^^^^^^^^^^^^^^^^^
  File "/home/hsy/miniconda3/envs/django_env/lib/python3.11/site-packages/django/http/request.py", line 203, in get_host
    raise DisallowedHost(msg)
django.core.exceptions.DisallowedHost: Invalid HTTP_HOST header: '192.168.16.100'. You may need to add '192.168.16.100' to ALLOWED_HOSTS.
[ERROR] 2026-06-25 09:31:42,760 log 16194 139742485825216 Invalid HTTP_HOST header: '192.168.16.100'. You may need to add '192.168.16.100' to ALLOWED_HOSTS.
Traceback (most recent call last):
  File "/home/hsy/miniconda3/envs/django_env/lib/python3.11/site-packages/django/core/handlers/exception.py", line 55, in inner
    response = get_response(request)
               ^^^^^^^^^^^^^^^^^^^^^
  File "/home/hsy/miniconda3/envs/django_env/lib/python3.11/site-packages/django/utils/deprecation.py", line 119, in __call__
    response = self.process_request(request)
               ^^^^^^^^^^^^^^^^^^^^^^^^^^^^^
  File "/home/hsy/miniconda3/envs/django_env/lib/python3.11/site-packages/django/middleware/common.py", line 48, in process_request
    host = request.get_host()
           ^^^^^^^^^^^^^^^^^^
  File "/home/hsy/miniconda3/envs/django_env/lib/python3.11/site-packages/django/http/request.py", line 203, in get_host
    raise DisallowedHost(msg)
django.core.exceptions.DisallowedHost: Invalid HTTP_HOST header: '192.168.16.100'. You may need to add '192.168.16.100' to ALLOWED_HOSTS.
[ERROR] 2026-06-25 10:10:29,183 log 16194 139742485825216 Invalid HTTP_HOST header: '192.168.16.100'. You may need to add '192.168.16.100' to ALLOWED_HOSTS.
Traceback (most recent call last):
  File "/home/hsy/miniconda3/envs/django_env/lib/python3.11/site-packages/django/core/handlers/exception.py", line 55, in inner
    response = get_response(request)
               ^^^^^^^^^^^^^^^^^^^^^
  File "/home/hsy/miniconda3/envs/django_env/lib/python3.11/site-packages/django/utils/deprecation.py", line 119, in __call__
    response = self.process_request(request)
               ^^^^^^^^^^^^^^^^^^^^^^^^^^^^^
  File "/home/hsy/miniconda3/envs/django_env/lib/python3.11/site-packages/django/middleware/common.py", line 48, in process_request
    host = request.get_host()
           ^^^^^^^^^^^^^^^^^^
  File "/home/hsy/miniconda3/envs/django_env/lib/python3.11/site-packages/django/http/request.py", line 203, in get_host
    raise DisallowedHost(msg)
django.core.exceptions.DisallowedHost: Invalid HTTP_HOST header: '192.168.16.100'. You may need to add '192.168.16.100' to ALLOWED_HOSTS.
[ERROR] 2026-06-25 10:10:42,078 log 16197 139742268077760 Invalid HTTP_HOST header: '192.168.16.100'. You may need to add '192.168.16.100' to ALLOWED_HOSTS.
Traceback (most recent call last):
  File "/home/hsy/miniconda3/envs/django_env/lib/python3.11/site-packages/django/core/handlers/exception.py", line 55, in inner
    response = get_response(request)
               ^^^^^^^^^^^^^^^^^^^^^
  File "/home/hsy/miniconda3/envs/django_env/lib/python3.11/site-packages/django/utils/deprecation.py", line 119, in __call__
    response = self.process_request(request)
               ^^^^^^^^^^^^^^^^^^^^^^^^^^^^^
  File "/home/hsy/miniconda3/envs/django_env/lib/python3.11/site-packages/django/middleware/common.py", line 48, in process_request
    host = request.get_host()
           ^^^^^^^^^^^^^^^^^^
  File "/home/hsy/miniconda3/envs/django_env/lib/python3.11/site-packages/django/http/request.py", line 203, in get_host
    raise DisallowedHost(msg)
django.core.exceptions.DisallowedHost: Invalid HTTP_HOST header: '192.168.16.100'. You may need to add '192.168.16.100' to ALLOWED_HOSTS.
[ERROR] 2026-06-25 10:23:33,364 log 16193 139742268077760 Invalid HTTP_HOST header: '192.168.16.100'. You may need to add '192.168.16.100' to ALLOWED_HOSTS.
Traceback (most recent call last):
  File "/home/hsy/miniconda3/envs/django_env/lib/python3.11/site-packages/django/core/handlers/exception.py", line 55, in inner
    response = get_response(request)
               ^^^^^^^^^^^^^^^^^^^^^
  File "/home/hsy/miniconda3/envs/django_env/lib/python3.11/site-packages/django/utils/deprecation.py", line 119, in __call__
    response = self.process_request(request)
               ^^^^^^^^^^^^^^^^^^^^^^^^^^^^^
  File "/home/hsy/miniconda3/envs/django_env/lib/python3.11/site-packages/django/middleware/common.py", line 48, in process_request
    host = request.get_host()
           ^^^^^^^^^^^^^^^^^^
  File "/home/hsy/miniconda3/envs/django_env/lib/python3.11/site-packages/django/http/request.py", line 203, in get_host
    raise DisallowedHost(msg)
django.core.exceptions.DisallowedHost: Invalid HTTP_HOST header: '192.168.16.100'. You may need to add '192.168.16.100' to ALLOWED_HOSTS.
[ERROR] 2026-06-25 10:23:33,587 log 16196 139742268077760 Invalid HTTP_HOST header: '192.168.16.100'. You may need to add '192.168.16.100' to ALLOWED_HOSTS.
Traceback (most recent call last):
  File "/home/hsy/miniconda3/envs/django_env/lib/python3.11/site-packages/django/core/handlers/exception.py", line 55, in inner
    response = get_response(request)
               ^^^^^^^^^^^^^^^^^^^^^
  File "/home/hsy/miniconda3/envs/django_env/lib/python3.11/site-packages/django/utils/deprecation.py", line 119, in __call__
    response = self.process_request(request)
               ^^^^^^^^^^^^^^^^^^^^^^^^^^^^^
  File "/home/hsy/miniconda3/envs/django_env/lib/python3.11/site-packages/django/middleware/common.py", line 48, in process_request
    host = request.get_host()
           ^^^^^^^^^^^^^^^^^^
  File "/home/hsy/miniconda3/envs/django_env/lib/python3.11/site-packages/django/http/request.py", line 203, in get_host
    raise DisallowedHost(msg)
django.core.exceptions.DisallowedHost: Invalid HTTP_HOST header: '192.168.16.100'. You may need to add '192.168.16.100' to ALLOWED_HOSTS.
[ERROR] 2026-06-25 10:26:02,955 log 16194 139742335174336 Invalid HTTP_HOST header: '192.168.16.100'. You may need to add '192.168.16.100' to ALLOWED_HOSTS.
Traceback (most recent call last):
  File "/home/hsy/miniconda3/envs/django_env/lib/python3.11/site-packages/django/core/handlers/exception.py", line 55, in inner
    response = get_response(request)
               ^^^^^^^^^^^^^^^^^^^^^
  File "/home/hsy/miniconda3/envs/django_env/lib/python3.11/site-packages/django/utils/deprecation.py", line 119, in __call__
    response = self.process_request(request)
               ^^^^^^^^^^^^^^^^^^^^^^^^^^^^^
  File "/home/hsy/miniconda3/envs/django_env/lib/python3.11/site-packages/django/middleware/common.py", line 48, in process_request
    host = request.get_host()
           ^^^^^^^^^^^^^^^^^^
  File "/home/hsy/miniconda3/envs/django_env/lib/python3.11/site-packages/django/http/request.py", line 203, in get_host
    raise DisallowedHost(msg)
django.core.exceptions.DisallowedHost: Invalid HTTP_HOST header: '192.168.16.100'. You may need to add '192.168.16.100' to ALLOWED_HOSTS.
[ERROR] 2026-06-25 10:26:03,209 log 16196 139742485825216 Invalid HTTP_HOST header: '192.168.16.100'. You may need to add '192.168.16.100' to ALLOWED_HOSTS.
Traceback (most recent call last):
  File "/home/hsy/miniconda3/envs/django_env/lib/python3.11/site-packages/django/core/handlers/exception.py", line 55, in inner
    response = get_response(request)
               ^^^^^^^^^^^^^^^^^^^^^
  File "/home/hsy/miniconda3/envs/django_env/lib/python3.11/site-packages/django/utils/deprecation.py", line 119, in __call__
    response = self.process_request(request)
               ^^^^^^^^^^^^^^^^^^^^^^^^^^^^^
  File "/home/hsy/miniconda3/envs/django_env/lib/python3.11/site-packages/django/middleware/common.py", line 48, in process_request
    host = request.get_host()
           ^^^^^^^^^^^^^^^^^^
  File "/home/hsy/miniconda3/envs/django_env/lib/python3.11/site-packages/django/http/request.py", line 203, in get_host
    raise DisallowedHost(msg)
django.core.exceptions.DisallowedHost: Invalid HTTP_HOST header: '192.168.16.100'. You may need to add '192.168.16.100' to ALLOWED_HOSTS.
[ERROR] 2026-06-25 10:28:11,801 directory 16197 139742485825216 directory_save error: ('40001', '[40001] [Microsoft][ODBC Driver 18 for SQL Server][SQL Server]Transaction (Process ID 86) was deadlocked on lock | communication buffer resources with another process and has been chosen as the deadlock victim. Rerun the transaction. (1205) (SQLExecDirectW)')
[ERROR] 2026-06-25 10:31:39,641 directory 16192 139742268077760 directory_save error: ('40001', '[40001] [Microsoft][ODBC Driver 18 for SQL Server][SQL Server]Transaction (Process ID 85) was deadlocked on lock | communication buffer resources with another process and has been chosen as the deadlock victim. Rerun the transaction. (1205) (SQLExecDirectW)')
[ERROR] 2026-06-25 10:32:12,338 directory 16197 139742485825216 directory_save error: ('40001', '[40001] [Microsoft][ODBC Driver 18 for SQL Server][SQL Server]Transaction (Process ID 61) was deadlocked on lock | communication buffer resources with another process and has been chosen as the deadlock victim. Rerun the transaction. (1205) (SQLExecDirectW)')
[ERROR] 2026-06-25 10:32:20,193 directory 16194 139742485825216 directory_save error: ('40001', '[40001] [Microsoft][ODBC Driver 18 for SQL Server][SQL Server]Transaction (Process ID 82) was deadlocked on lock | communication buffer resources with another process and has been chosen as the deadlock victim. Rerun the transaction. (1205) (SQLExecDirectW)')
[ERROR] 2026-06-25 10:32:25,178 directory 16194 139742485825216 directory_save error: ('40001', '[40001] [Microsoft][ODBC Driver 18 for SQL Server][SQL Server]Transaction (Process ID 82) was deadlocked on lock | communication buffer resources with another process and has been chosen as the deadlock victim. Rerun the transaction. (1205) (SQLExecDirectW)')
[ERROR] 2026-06-25 10:46:20,102 directory 16196 139742485825216 directory_save error: ('22018', "[22018] [Microsoft][ODBC Driver 18 for SQL Server][SQL Server]Conversion failed when converting the nvarchar value '.30' to data type int. (245) (SQLExecDirectW)")
[ERROR] 2026-06-25 10:46:20,633 directory 16197 139742268077760 directory_save error: ('22018', "[22018] [Microsoft][ODBC Driver 18 for SQL Server][SQL Server]Conversion failed when converting the nvarchar value '.30' to data type int. (245) (SQLExecDirectW)")
[ERROR] 2026-06-25 11:13:42,865 directory 16190 139742485825216 directory_save error: ('40001', '[40001] [Microsoft][ODBC Driver 18 for SQL Server][SQL Server]Transaction (Process ID 71) was deadlocked on lock | communication buffer resources with another process and has been chosen as the deadlock victim. Rerun the transaction. (1205) (SQLExecDirectW)')
[ERROR] 2026-06-25 11:21:53,491 log 16194 139742343567040 Invalid HTTP_HOST header: '192.168.16.100'. You may need to add '192.168.16.100' to ALLOWED_HOSTS.
Traceback (most recent call last):
  File "/home/hsy/miniconda3/envs/django_env/lib/python3.11/site-packages/django/core/handlers/exception.py", line 55, in inner
    response = get_response(request)
               ^^^^^^^^^^^^^^^^^^^^^
  File "/home/hsy/miniconda3/envs/django_env/lib/python3.11/site-packages/django/utils/deprecation.py", line 119, in __call__
    response = self.process_request(request)
               ^^^^^^^^^^^^^^^^^^^^^^^^^^^^^
  File "/home/hsy/miniconda3/envs/django_env/lib/python3.11/site-packages/django/middleware/common.py", line 48, in process_request
    host = request.get_host()
           ^^^^^^^^^^^^^^^^^^
  File "/home/hsy/miniconda3/envs/django_env/lib/python3.11/site-packages/django/http/request.py", line 203, in get_host
    raise DisallowedHost(msg)
django.core.exceptions.DisallowedHost: Invalid HTTP_HOST header: '192.168.16.100'. You may need to add '192.168.16.100' to ALLOWED_HOSTS.
[ERROR] 2026-06-25 11:21:53,709 log 16197 139742268077760 Invalid HTTP_HOST header: '192.168.16.100'. You may need to add '192.168.16.100' to ALLOWED_HOSTS.
Traceback (most recent call last):
  File "/home/hsy/miniconda3/envs/django_env/lib/python3.11/site-packages/django/core/handlers/exception.py", line 55, in inner
    response = get_response(request)
               ^^^^^^^^^^^^^^^^^^^^^
  File "/home/hsy/miniconda3/envs/django_env/lib/python3.11/site-packages/django/utils/deprecation.py", line 119, in __call__
    response = self.process_request(request)
               ^^^^^^^^^^^^^^^^^^^^^^^^^^^^^
  File "/home/hsy/miniconda3/envs/django_env/lib/python3.11/site-packages/django/middleware/common.py", line 48, in process_request
    host = request.get_host()
           ^^^^^^^^^^^^^^^^^^
  File "/home/hsy/miniconda3/envs/django_env/lib/python3.11/site-packages/django/http/request.py", line 203, in get_host
    raise DisallowedHost(msg)
django.core.exceptions.DisallowedHost: Invalid HTTP_HOST header: '192.168.16.100'. You may need to add '192.168.16.100' to ALLOWED_HOSTS.
[ERROR] 2026-06-25 11:25:57,233 log 16194 139742485825216 Invalid HTTP_HOST header: '192.168.16.100'. You may need to add '192.168.16.100' to ALLOWED_HOSTS.
Traceback (most recent call last):
  File "/home/hsy/miniconda3/envs/django_env/lib/python3.11/site-packages/django/core/handlers/exception.py", line 55, in inner
    response = get_response(request)
               ^^^^^^^^^^^^^^^^^^^^^
  File "/home/hsy/miniconda3/envs/django_env/lib/python3.11/site-packages/django/utils/deprecation.py", line 119, in __call__
    response = self.process_request(request)
               ^^^^^^^^^^^^^^^^^^^^^^^^^^^^^
  File "/home/hsy/miniconda3/envs/django_env/lib/python3.11/site-packages/django/middleware/common.py", line 48, in process_request
    host = request.get_host()
           ^^^^^^^^^^^^^^^^^^
  File "/home/hsy/miniconda3/envs/django_env/lib/python3.11/site-packages/django/http/request.py", line 203, in get_host
    raise DisallowedHost(msg)
django.core.exceptions.DisallowedHost: Invalid HTTP_HOST header: '192.168.16.100'. You may need to add '192.168.16.100' to ALLOWED_HOSTS.
[ERROR] 2026-06-25 11:25:57,433 log 16197 139742268077760 Invalid HTTP_HOST header: '192.168.16.100'. You may need to add '192.168.16.100' to ALLOWED_HOSTS.
Traceback (most recent call last):
  File "/home/hsy/miniconda3/envs/django_env/lib/python3.11/site-packages/django/core/handlers/exception.py", line 55, in inner
    response = get_response(request)
               ^^^^^^^^^^^^^^^^^^^^^
  File "/home/hsy/miniconda3/envs/django_env/lib/python3.11/site-packages/django/utils/deprecation.py", line 119, in __call__
    response = self.process_request(request)
               ^^^^^^^^^^^^^^^^^^^^^^^^^^^^^
  File "/home/hsy/miniconda3/envs/django_env/lib/python3.11/site-packages/django/middleware/common.py", line 48, in process_request
    host = request.get_host()
           ^^^^^^^^^^^^^^^^^^
  File "/home/hsy/miniconda3/envs/django_env/lib/python3.11/site-packages/django/http/request.py", line 203, in get_host
    raise DisallowedHost(msg)
django.core.exceptions.DisallowedHost: Invalid HTTP_HOST header: '192.168.16.100'. You may need to add '192.168.16.100' to ALLOWED_HOSTS.
[ERROR] 2026-06-25 11:27:04,615 log 16197 139742268077760 Invalid HTTP_HOST header: '192.168.16.100'. You may need to add '192.168.16.100' to ALLOWED_HOSTS.
Traceback (most recent call last):
  File "/home/hsy/miniconda3/envs/django_env/lib/python3.11/site-packages/django/core/handlers/exception.py", line 55, in inner
    response = get_response(request)
               ^^^^^^^^^^^^^^^^^^^^^
  File "/home/hsy/miniconda3/envs/django_env/lib/python3.11/site-packages/django/utils/deprecation.py", line 119, in __call__
    response = self.process_request(request)
               ^^^^^^^^^^^^^^^^^^^^^^^^^^^^^
  File "/home/hsy/miniconda3/envs/django_env/lib/python3.11/site-packages/django/middleware/common.py", line 48, in process_request
    host = request.get_host()
           ^^^^^^^^^^^^^^^^^^
  File "/home/hsy/miniconda3/envs/django_env/lib/python3.11/site-packages/django/http/request.py", line 203, in get_host
    raise DisallowedHost(msg)
django.core.exceptions.DisallowedHost: Invalid HTTP_HOST header: '192.168.16.100'. You may need to add '192.168.16.100' to ALLOWED_HOSTS.
[ERROR] 2026-06-25 11:27:04,795 log 16196 139742268077760 Invalid HTTP_HOST header: '192.168.16.100'. You may need to add '192.168.16.100' to ALLOWED_HOSTS.
Traceback (most recent call last):
  File "/home/hsy/miniconda3/envs/django_env/lib/python3.11/site-packages/django/core/handlers/exception.py", line 55, in inner
    response = get_response(request)
               ^^^^^^^^^^^^^^^^^^^^^
  File "/home/hsy/miniconda3/envs/django_env/lib/python3.11/site-packages/django/utils/deprecation.py", line 119, in __call__
    response = self.process_request(request)
               ^^^^^^^^^^^^^^^^^^^^^^^^^^^^^
  File "/home/hsy/miniconda3/envs/django_env/lib/python3.11/site-packages/django/middleware/common.py", line 48, in process_request
    host = request.get_host()
           ^^^^^^^^^^^^^^^^^^
  File "/home/hsy/miniconda3/envs/django_env/lib/python3.11/site-packages/django/http/request.py", line 203, in get_host
    raise DisallowedHost(msg)
django.core.exceptions.DisallowedHost: Invalid HTTP_HOST header: '192.168.16.100'. You may need to add '192.168.16.100' to ALLOWED_HOSTS.
[ERROR] 2026-06-25 11:27:25,643 log 16196 139742320498368 Invalid HTTP_HOST header: '192.168.16.100'. You may need to add '192.168.16.100' to ALLOWED_HOSTS.
Traceback (most recent call last):
  File "/home/hsy/miniconda3/envs/django_env/lib/python3.11/site-packages/django/core/handlers/exception.py", line 55, in inner
    response = get_response(request)
               ^^^^^^^^^^^^^^^^^^^^^
  File "/home/hsy/miniconda3/envs/django_env/lib/python3.11/site-packages/django/utils/deprecation.py", line 119, in __call__
    response = self.process_request(request)
               ^^^^^^^^^^^^^^^^^^^^^^^^^^^^^
  File "/home/hsy/miniconda3/envs/django_env/lib/python3.11/site-packages/django/middleware/common.py", line 48, in process_request
    host = request.get_host()
           ^^^^^^^^^^^^^^^^^^
  File "/home/hsy/miniconda3/envs/django_env/lib/python3.11/site-packages/django/http/request.py", line 203, in get_host
    raise DisallowedHost(msg)
django.core.exceptions.DisallowedHost: Invalid HTTP_HOST header: '192.168.16.100'. You may need to add '192.168.16.100' to ALLOWED_HOSTS.
[ERROR] 2026-06-25 11:27:25,730 log 16197 139742268077760 Invalid HTTP_HOST header: '192.168.16.100'. You may need to add '192.168.16.100' to ALLOWED_HOSTS.
Traceback (most recent call last):
  File "/home/hsy/miniconda3/envs/django_env/lib/python3.11/site-packages/django/core/handlers/exception.py", line 55, in inner
    response = get_response(request)
               ^^^^^^^^^^^^^^^^^^^^^
  File "/home/hsy/miniconda3/envs/django_env/lib/python3.11/site-packages/django/utils/deprecation.py", line 119, in __call__
    response = self.process_request(request)
               ^^^^^^^^^^^^^^^^^^^^^^^^^^^^^
  File "/home/hsy/miniconda3/envs/django_env/lib/python3.11/site-packages/django/middleware/common.py", line 48, in process_request
    host = request.get_host()
           ^^^^^^^^^^^^^^^^^^
  File "/home/hsy/miniconda3/envs/django_env/lib/python3.11/site-packages/django/http/request.py", line 203, in get_host
    raise DisallowedHost(msg)
django.core.exceptions.DisallowedHost: Invalid HTTP_HOST header: '192.168.16.100'. You may need to add '192.168.16.100' to ALLOWED_HOSTS.
[ERROR] 2026-06-25 11:27:38,462 log 16194 139742343567040 Invalid HTTP_HOST header: '192.168.16.100'. You may need to add '192.168.16.100' to ALLOWED_HOSTS.
Traceback (most recent call last):
  File "/home/hsy/miniconda3/envs/django_env/lib/python3.11/site-packages/django/core/handlers/exception.py", line 55, in inner
    response = get_response(request)
               ^^^^^^^^^^^^^^^^^^^^^
  File "/home/hsy/miniconda3/envs/django_env/lib/python3.11/site-packages/django/utils/deprecation.py", line 119, in __call__
    response = self.process_request(request)
               ^^^^^^^^^^^^^^^^^^^^^^^^^^^^^
  File "/home/hsy/miniconda3/envs/django_env/lib/python3.11/site-packages/django/middleware/common.py", line 48, in process_request
    host = request.get_host()
           ^^^^^^^^^^^^^^^^^^
  File "/home/hsy/miniconda3/envs/django_env/lib/python3.11/site-packages/django/http/request.py", line 203, in get_host
    raise DisallowedHost(msg)
django.core.exceptions.DisallowedHost: Invalid HTTP_HOST header: '192.168.16.100'. You may need to add '192.168.16.100' to ALLOWED_HOSTS.
[ERROR] 2026-06-25 11:27:38,548 log 16197 139742268077760 Invalid HTTP_HOST header: '192.168.16.100'. You may need to add '192.168.16.100' to ALLOWED_HOSTS.
Traceback (most recent call last):
  File "/home/hsy/miniconda3/envs/django_env/lib/python3.11/site-packages/django/core/handlers/exception.py", line 55, in inner
    response = get_response(request)
               ^^^^^^^^^^^^^^^^^^^^^
  File "/home/hsy/miniconda3/envs/django_env/lib/python3.11/site-packages/django/utils/deprecation.py", line 119, in __call__
    response = self.process_request(request)
               ^^^^^^^^^^^^^^^^^^^^^^^^^^^^^
  File "/home/hsy/miniconda3/envs/django_env/lib/python3.11/site-packages/django/middleware/common.py", line 48, in process_request
    host = request.get_host()
           ^^^^^^^^^^^^^^^^^^
  File "/home/hsy/miniconda3/envs/django_env/lib/python3.11/site-packages/django/http/request.py", line 203, in get_host
    raise DisallowedHost(msg)
django.core.exceptions.DisallowedHost: Invalid HTTP_HOST header: '192.168.16.100'. You may need to add '192.168.16.100' to ALLOWED_HOSTS.
[ERROR] 2026-06-25 11:30:33,777 person 16197 139742268077760 详情失败: invalid literal for int() with base 10: '.1'
[ERROR] 2026-06-25 11:30:58,032 person 16193 139742268077760 详情失败: invalid literal for int() with base 10: '.1'
[ERROR] 2026-06-25 11:31:08,104 person 16192 139742268077760 详情失败: invalid literal for int() with base 10: '.1'
[ERROR] 2026-06-25 11:31:22,590 person 16196 139742320498368 详情失败: invalid literal for int() with base 10: '.1'
[ERROR] 2026-06-25 11:36:50,904 directory 49150 140031163655872 directory_save error: ('40001', '[40001] [Microsoft][ODBC Driver 18 for SQL Server][SQL Server]Transaction (Process ID 54) was deadlocked on lock | communication buffer resources with another process and has been chosen as the deadlock victim. Rerun the transaction. (1205) (SQLExecDirectW)')
[ERROR] 2026-06-26 10:19:28,514 directory 90123 139816222045888 directory_save error: ('40001', '[40001] [Microsoft][ODBC Driver 18 for SQL Server][SQL Server]Transaction (Process ID 69) was deadlocked on lock | communication buffer resources with another process and has been chosen as the deadlock victim. Rerun the transaction. (1205) (SQLExecDirectW)')
[ERROR] 2026-06-26 10:19:31,363 directory 90124 139816440841920 directory_save error: ('40001', '[40001] [Microsoft][ODBC Driver 18 for SQL Server][SQL Server]Transaction (Process ID 70) was deadlocked on lock | communication buffer resources with another process and has been chosen as the deadlock victim. Rerun the transaction. (1205) (SQLExecDirectW)')
[ERROR] 2026-06-26 10:19:34,965 directory 90121 139816440841920 directory_save error: ('40001', '[40001] [Microsoft][ODBC Driver 18 for SQL Server][SQL Server]Transaction (Process ID 54) was deadlocked on lock | communication buffer resources with another process and has been chosen as the deadlock victim. Rerun the transaction. (1205) (SQLExecDirectW)')
[ERROR] 2026-06-26 11:13:52,470 directory 90119 139816440841920 directory_save error: ('40001', '[40001] [Microsoft][ODBC Driver 18 for SQL Server][SQL Server]Transaction (Process ID 67) was deadlocked on lock | communication buffer resources with another process and has been chosen as the deadlock victim. Rerun the transaction. (1205) (SQLExecDirectW)')
[ERROR] 2026-06-26 14:21:25,242 directory 96138 139757692647104 directory_save error: ('22018', "[22018] [Microsoft][ODBC Driver 18 for SQL Server][SQL Server]Conversion failed when converting the nvarchar value '4、' to data type int. (245) (SQLExecDirectW)")
[ERROR] 2026-06-26 14:34:20,326 person 96141 139757571991232 详情失败: invalid literal for int() with base 10: '.1'
[ERROR] 2026-06-26 15:20:15,661 person 96136 139757692647104 详情失败: invalid literal for int() with base 10: '.1'
[ERROR] 2026-06-26 15:20:27,629 person 96138 139757779130048 详情失败: invalid literal for int() with base 10: '.1'
[ERROR] 2026-06-26 16:31:42,609 person 108476 139882725906112 详情失败: invalid literal for int() with base 10: '年9'
[ERROR] 2026-06-26 17:06:15,578 directory 108469 139882705974976 directory_save error: ('40001', '[40001] [Microsoft][ODBC Driver 18 for SQL Server][SQL Server]Transaction (Process ID 69) was deadlocked on lock | communication buffer resources with another process and has been chosen as the deadlock victim. Rerun the transaction. (1205) (SQLExecDirectW)')
[ERROR] 2026-06-29 11:04:23,129 directory 242829 140155818702528 directory_save error: ('40001', '[40001] [Microsoft][ODBC Driver 18 for SQL Server][SQL Server]Transaction (Process ID 54) was deadlocked on lock | communication buffer resources with another process and has been chosen as the deadlock victim. Rerun the transaction. (1205) (SQLExecDirectW)')
[ERROR] 2026-06-29 11:08:51,003 directory 242827 140155608356544 directory_save error: ('40001', '[40001] [Microsoft][ODBC Driver 18 for SQL Server][SQL Server]Transaction (Process ID 67) was deadlocked on lock | communication buffer resources with another process and has been chosen as the deadlock victim. Rerun the transaction. (1205) (SQLExecDirectW)')
[ERROR] 2026-06-29 11:15:19,073 directory 242827 140155818702528 directory_save error: ('40001', '[40001] [Microsoft][ODBC Driver 18 for SQL Server][SQL Server]Transaction (Process ID 67) was deadlocked on lock | communication buffer resources with another process and has been chosen as the deadlock victim. Rerun the transaction. (1205) (SQLExecDirectW)')
[ERROR] 2026-06-29 11:18:56,912 directory 242828 140155818702528 directory_save error: ('40001', '[40001] [Microsoft][ODBC Driver 18 for SQL Server][SQL Server]Transaction (Process ID 84) was deadlocked on lock | communication buffer resources with another process and has been chosen as the deadlock victim. Rerun the transaction. (1205) (SQLExecDirectW)')
[ERROR] 2026-06-29 12:13:47,492 directory 242830 140155818702528 directory_save error: ('40001', '[40001] [Microsoft][ODBC Driver 18 for SQL Server][SQL Server]Transaction (Process ID 70) was deadlocked on lock | communication buffer resources with another process and has been chosen as the deadlock victim. Rerun the transaction. (1205) (SQLExecDirectW)')
[ERROR] 2026-06-29 12:13:57,940 directory 242829 140155818702528 directory_save error: ('40001', '[40001] [Microsoft][ODBC Driver 18 for SQL Server][SQL Server]Transaction (Process ID 88) was deadlocked on lock | communication buffer resources with another process and has been chosen as the deadlock victim. Rerun the transaction. (1205) (SQLExecDirectW)')
[ERROR] 2026-06-29 13:40:12,459 directory 242829 140155696432832 directory_save error: ('22018', "[22018] [Microsoft][ODBC Driver 18 for SQL Server][SQL Server]Conversion failed when converting the nvarchar value '二级教师（中）' to data type int. (245) (SQLExecDirectW)")
[ERROR] 2026-06-29 13:45:21,346 directory 273061 139942440228544 directory_save error: ('40001', '[40001] [Microsoft][ODBC Driver 18 for SQL Server][SQL Server]Transaction (Process ID 66) was deadlocked on lock | communication buffer resources with another process and has been chosen as the deadlock victim. Rerun the transaction. (1205) (SQLExecDirectW)')
[ERROR] 2026-06-29 13:45:31,882 directory 273062 139942421329600 directory_save error: ('40001', '[40001] [Microsoft][ODBC Driver 18 for SQL Server][SQL Server]Transaction (Process ID 70) was deadlocked on lock | communication buffer resources with another process and has been chosen as the deadlock victim. Rerun the transaction. (1205) (SQLExecDirectW)')
[ERROR] 2026-06-29 14:17:39,922 salary 275267 140261604693696 工资查询失败: ('22001', '[22001] [Microsoft][ODBC Driver 18 for SQL Server][SQL Server]String or binary data would be truncated. (8152) (SQLExecDirectW)')
[ERROR] 2026-06-29 14:17:41,124 salary 275267 140261604693696 工资查询失败: ('22001', '[22001] [Microsoft][ODBC Driver 18 for SQL Server][SQL Server]String or binary data would be truncated. (8152) (SQLExecDirectW)')
[ERROR] 2026-06-29 14:17:45,408 salary 275264 140261580564160 工资查询失败: ('22001', '[22001] [Microsoft][ODBC Driver 18 for SQL Server][SQL Server]String or binary data would be truncated. (8152) (SQLExecDirectW)')
[ERROR] 2026-06-29 14:17:58,966 salary 275267 140261604693696 工资查询失败: ('22001', '[22001] [Microsoft][ODBC Driver 18 for SQL Server][SQL Server]String or binary data would be truncated. (8152) (SQLExecDirectW)')
[ERROR] 2026-06-29 14:18:00,514 salary 275266 140261580564160 工资查询失败: ('22001', '[22001] [Microsoft][ODBC Driver 18 for SQL Server][SQL Server]String or binary data would be truncated. (8152) (SQLExecDirectW)')
[ERROR] 2026-06-29 14:18:07,985 salary 275267 140261624030912 工资查询失败: ('22001', '[22001] [Microsoft][ODBC Driver 18 for SQL Server][SQL Server]String or binary data would be truncated. (8152) (SQLExecDirectW)')
[ERROR] 2026-06-29 14:22:02,297 salary 275266 140261624030912 工资查询失败: ('22001', '[22001] [Microsoft][ODBC Driver 18 for SQL Server][SQL Server]String or binary data would be truncated. (8152) (SQLExecDirectW)')
[ERROR] 2026-06-29 14:22:04,099 salary 275264 140261580564160 工资查询失败: ('22001', '[22001] [Microsoft][ODBC Driver 18 for SQL Server][SQL Server]String or binary data would be truncated. (8152) (SQLExecDirectW)')
[ERROR] 2026-06-29 14:22:12,466 salary 275261 140261624030912 工资查询失败: ('22001', '[22001] [Microsoft][ODBC Driver 18 for SQL Server][SQL Server]String or binary data would be truncated. (8152) (SQLExecDirectW)')
[ERROR] 2026-06-29 14:22:22,182 salary 275266 140261624030912 工资查询失败: ('22001', '[22001] [Microsoft][ODBC Driver 18 for SQL Server][SQL Server]String or binary data would be truncated. (8152) (SQLExecDirectW)')
[ERROR] 2026-06-29 14:22:27,817 salary 275267 140261604693696 工资查询失败: ('22001', '[22001] [Microsoft][ODBC Driver 18 for SQL Server][SQL Server]String or binary data would be truncated. (8152) (SQLExecDirectW)')
[ERROR] 2026-06-29 14:22:28,547 salary 275265 140261624030912 工资查询失败: ('22001', '[22001] [Microsoft][ODBC Driver 18 for SQL Server][SQL Server]String or binary data would be truncated. (8152) (SQLExecDirectW)')
[ERROR] 2026-06-29 14:22:28,698 salary 275264 140261580564160 工资查询失败: ('22001', '[22001] [Microsoft][ODBC Driver 18 for SQL Server][SQL Server]String or binary data would be truncated. (8152) (SQLExecDirectW)')
[ERROR] 2026-06-29 14:22:39,856 salary 275266 140261580564160 工资查询失败: ('22001', '[22001] [Microsoft][ODBC Driver 18 for SQL Server][SQL Server]String or binary data would be truncated. (8152) (SQLExecDirectW)')
[ERROR] 2026-06-29 14:22:40,914 salary 275264 140261624030912 工资查询失败: ('22001', '[22001] [Microsoft][ODBC Driver 18 for SQL Server][SQL Server]String or binary data would be truncated. (8152) (SQLExecDirectW)')
[ERROR] 2026-06-29 14:22:41,916 salary 275266 140261624030912 工资查询失败: ('22001', '[22001] [Microsoft][ODBC Driver 18 for SQL Server][SQL Server]String or binary data would be truncated. (8152) (SQLExecDirectW)')
[ERROR] 2026-06-29 14:22:42,577 salary 275261 140261624030912 工资查询失败: ('22001', '[22001] [Microsoft][ODBC Driver 18 for SQL Server][SQL Server]String or binary data would be truncated. (8152) (SQLExecDirectW)')
[ERROR] 2026-06-29 14:22:42,752 salary 275266 140261580564160 工资查询失败: ('22001', '[22001] [Microsoft][ODBC Driver 18 for SQL Server][SQL Server]String or binary data would be truncated. (8152) (SQLExecDirectW)')
[ERROR] 2026-06-29 14:22:42,899 salary 275265 140261624030912 工资查询失败: ('22001', '[22001] [Microsoft][ODBC Driver 18 for SQL Server][SQL Server]String or binary data would be truncated. (8152) (SQLExecDirectW)')
[ERROR] 2026-06-29 14:22:43,192 salary 275267 140261604693696 工资查询失败: ('22001', '[22001] [Microsoft][ODBC Driver 18 for SQL Server][SQL Server]String or binary data would be truncated. (8152) (SQLExecDirectW)')
[ERROR] 2026-06-29 14:22:43,552 salary 275265 140261624030912 工资查询失败: ('22001', '[22001] [Microsoft][ODBC Driver 18 for SQL Server][SQL Server]String or binary data would be truncated. (8152) (SQLExecDirectW)')
[ERROR] 2026-06-29 14:22:43,752 salary 275267 140261624030912 工资查询失败: ('22001', '[22001] [Microsoft][ODBC Driver 18 for SQL Server][SQL Server]String or binary data would be truncated. (8152) (SQLExecDirectW)')
[ERROR] 2026-06-29 14:32:02,895 directory 275266 140261624030912 directory_save error: ('40001', '[40001] [Microsoft][ODBC Driver 18 for SQL Server][SQL Server]Transaction (Process ID 69) was deadlocked on lock | communication buffer resources with another process and has been chosen as the deadlock victim. Rerun the transaction. (1205) (SQLExecDirectW)')
[ERROR] 2026-06-29 14:47:57,416 directory 275267 140261604693696 directory_save error: ('22018', "[22018] [Microsoft][ODBC Driver 18 for SQL Server][SQL Server]Conversion failed when converting the nvarchar value '444·' to data type int. (245) (SQLExecDirectW)")
[ERROR] 2026-06-29 14:50:40,821 directory 275267 140261624030912 directory_save error: ('40001', '[40001] [Microsoft][ODBC Driver 18 for SQL Server][SQL Server]Transaction (Process ID 81) was deadlocked on lock resources with another process and has been chosen as the deadlock victim. Rerun the transaction. (1205) (SQLExecDirectW)')
[ERROR] 2026-06-29 14:54:08,728 directory 275266 140261580564160 directory_save error: ('40001', '[40001] [Microsoft][ODBC Driver 18 for SQL Server][SQL Server]Transaction (Process ID 67) was deadlocked on lock | communication buffer resources with another process and has been chosen as the deadlock victim. Rerun the transaction. (1205) (SQLExecDirectW)')
[ERROR] 2026-06-29 14:56:53,889 directory 275266 140261580564160 directory_save error: ('22018', "[22018] [Microsoft][ODBC Driver 18 for SQL Server][SQL Server]Conversion failed when converting the nvarchar value '.' to data type int. (245) (SQLExecDirectW)")
[ERROR] 2026-06-29 17:58:41,506 db_utils 2355 140297647785664 [线程140297647785664] ARCHIVES_DB 连接失败: ('HYT00', '[HYT00] [Microsoft][ODBC Driver 18 for SQL Server]Login timeout expired (0) (SQLDriverConnect)')
[ERROR] 2026-06-29 17:58:43,538 db_utils 2421 140297647785664 [线程140297647785664] ARCHIVES_DB 连接失败: ('HYT00', '[HYT00] [Microsoft][ODBC Driver 18 for SQL Server]Login timeout expired (0) (SQLDriverConnect)')
[ERROR] 2026-06-29 17:58:52,392 db_utils 2411 140297647785664 [线程140297647785664] ARCHIVES_DB 连接失败: ('HYT00', '[HYT00] [Microsoft][ODBC Driver 18 for SQL Server]Login timeout expired (0) (SQLDriverConnect)')
[ERROR] 2026-06-29 17:58:53,833 db_utils 2364 140297647785664 [线程140297647785664] ARCHIVES_DB 连接失败: ('HYT00', '[HYT00] [Microsoft][ODBC Driver 18 for SQL Server]Login timeout expired (0) (SQLDriverConnect)')
[ERROR] 2026-06-29 17:59:05,492 db_utils 2364 140297647785664 [线程140297647785664] ARCHIVES_DB 连接失败: ('HYT00', '[HYT00] [Microsoft][ODBC Driver 18 for SQL Server]Login timeout expired (0) (SQLDriverConnect)')
[ERROR] 2026-06-30 09:45:51,493 db_utils 12620 140570310674112 [线程140570310674112] ARCHIVES_DB 连接失败: ('HYT00', '[HYT00] [Microsoft][ODBC Driver 18 for SQL Server]Login timeout expired (0) (SQLDriverConnect)')
[ERROR] 2026-06-30 09:45:52,554 db_utils 12624 140570266683072 [线程140570266683072] ARCHIVES_DB 连接失败: ('HYT00', '[HYT00] [Microsoft][ODBC Driver 18 for SQL Server]Login timeout expired (0) (SQLDriverConnect)')
[ERROR] 2026-06-30 09:45:52,554 person 12624 140570266683072 DB Error: ('HYT00', '[HYT00] [Microsoft][ODBC Driver 18 for SQL Server]Login timeout expired (0) (SQLDriverConnect)')
[ERROR] 2026-06-30 09:45:52,555 person 12624 140570266683072 详情失败: ('HYT00', '[HYT00] [Microsoft][ODBC Driver 18 for SQL Server]Login timeout expired (0) (SQLDriverConnect)')
[ERROR] 2026-06-30 09:45:58,103 db_utils 12622 140570310674112 [线程140570310674112] ARCHIVES_DB 连接失败: ('HYT00', '[HYT00] [Microsoft][ODBC Driver 18 for SQL Server]Login timeout expired (0) (SQLDriverConnect)')
[ERROR] 2026-06-30 09:45:58,103 salary 12622 140570310674112 工资查询失败: ('HYT00', '[HYT00] [Microsoft][ODBC Driver 18 for SQL Server]Login timeout expired (0) (SQLDriverConnect)')
[ERROR] 2026-06-30 09:45:59,294 db_utils 12623 140570310674112 [线程140570310674112] ARCHIVES_DB 连接失败: ('HYT00', '[HYT00] [Microsoft][ODBC Driver 18 for SQL Server]Login timeout expired (0) (SQLDriverConnect)')
[ERROR] 2026-06-30 09:45:59,722 db_utils 12622 140570267731648 [线程140570267731648] ARCHIVES_DB 连接失败: ('HYT00', '[HYT00] [Microsoft][ODBC Driver 18 for SQL Server]Login timeout expired (0) (SQLDriverConnect)')
[ERROR] 2026-06-30 09:46:01,101 db_utils 12622 140570276124352 [线程140570276124352] ARCHIVES_DB 连接失败: ('HYT00', '[HYT00] [Microsoft][ODBC Driver 18 for SQL Server]Login timeout expired (0) (SQLDriverConnect)')
[ERROR] 2026-06-30 09:46:02,802 db_utils 12622 140570284517056 [线程140570284517056] ARCHIVES_DB 连接失败: ('HYT00', '[HYT00] [Microsoft][ODBC Driver 18 for SQL Server]Login timeout expired (0) (SQLDriverConnect)')
[ERROR] 2026-06-30 09:46:03,637 db_utils 12621 140570310674112 [线程140570310674112] ARCHIVES_DB 连接失败: ('HYT00', '[HYT00] [Microsoft][ODBC Driver 18 for SQL Server]Login timeout expired (0) (SQLDriverConnect)')
[ERROR] 2026-06-30 09:46:06,681 db_utils 12619 140570310674112 [线程140570310674112] ARCHIVES_DB 连接失败: ('HYT00', '[HYT00] [Microsoft][ODBC Driver 18 for SQL Server]Login timeout expired (0) (SQLDriverConnect)')
[ERROR] 2026-06-30 09:46:06,681 person 12619 140570310674112 DB Error: ('HYT00', '[HYT00] [Microsoft][ODBC Driver 18 for SQL Server]Login timeout expired (0) (SQLDriverConnect)')
[ERROR] 2026-06-30 09:46:06,682 person 12619 140570310674112 详情失败: ('HYT00', '[HYT00] [Microsoft][ODBC Driver 18 for SQL Server]Login timeout expired (0) (SQLDriverConnect)')
[ERROR] 2026-06-30 09:46:10,768 db_utils 12624 140570310674112 [线程140570310674112] ARCHIVES_DB 连接失败: ('HYT00', '[HYT00] [Microsoft][ODBC Driver 18 for SQL Server]Login timeout expired (0) (SQLDriverConnect)')
[ERROR] 2026-06-30 09:46:10,768 salary 12624 140570310674112 工资查询失败: ('HYT00', '[HYT00] [Microsoft][ODBC Driver 18 for SQL Server]Login timeout expired (0) (SQLDriverConnect)')
[ERROR] 2026-06-30 09:46:13,074 db_utils 12622 140570276124352 [线程140570276124352] ARCHIVES_DB 连接失败: ('HYT00', '[HYT00] [Microsoft][ODBC Driver 18 for SQL Server]Login timeout expired (0) (SQLDriverConnect)')
[ERROR] 2026-06-30 09:46:14,006 db_utils 12624 140570266683072 [线程140570266683072] ARCHIVES_DB 连接失败: ('HYT00', '[HYT00] [Microsoft][ODBC Driver 18 for SQL Server]Login timeout expired (0) (SQLDriverConnect)')
[ERROR] 2026-06-30 09:46:16,937 db_utils 12622 140570284517056 [线程140570284517056] ARCHIVES_DB 连接失败: ('HYT00', '[HYT00] [Microsoft][ODBC Driver 18 for SQL Server]Login timeout expired (0) (SQLDriverConnect)')
[ERROR] 2026-06-30 17:34:29,014 salary 51828 140570384135872 工资查询失败: ('22001', '[22001] [Microsoft][ODBC Driver 18 for SQL Server][SQL Server]String or binary data would be truncated. (8152) (SQLExecDirectW)')
[ERROR] 2026-06-30 17:34:38,158 salary 12621 140570310674112 工资查询失败: ('22001', '[22001] [Microsoft][ODBC Driver 18 for SQL Server][SQL Server]String or binary data would be truncated. (8152) (SQLExecDirectW)')
[ERROR] 2026-06-30 17:34:40,027 salary 48274 140570384135872 工资查询失败: ('22001', '[22001] [Microsoft][ODBC Driver 18 for SQL Server][SQL Server]String or binary data would be truncated. (8152) (SQLExecDirectW)')
[ERROR] 2026-07-01 10:26:14,276 log 89981 140069274900160 Internal Server Error: /archives/image/ocr-batch/
Traceback (most recent call last):
  File "/home/hsy/miniconda3/envs/django_env/lib/python3.11/site-packages/django/core/handlers/exception.py", line 55, in inner
    response = get_response(request)
               ^^^^^^^^^^^^^^^^^^^^^
  File "/home/hsy/miniconda3/envs/django_env/lib/python3.11/site-packages/django/core/handlers/base.py", line 197, in _get_response
    response = wrapped_callback(request, *callback_args, **callback_kwargs)
               ^^^^^^^^^^^^^^^^^^^^^^^^^^^^^^^^^^^^^^^^^^^^^^^^^^^^^^^^^^^^
  File "/home/hsy/miniconda3/envs/django_env/lib/python3.11/site-packages/django/contrib/auth/decorators.py", line 59, in _view_wrapper
    return view_func(request, *args, **kwargs)
           ^^^^^^^^^^^^^^^^^^^^^^^^^^^^^^^^^^^
  File "/home/hsy/myedu/main/utils/decorators.py", line 83, in wrapper
    return view_func(request, *args, **kwargs)
           ^^^^^^^^^^^^^^^^^^^^^^^^^^^^^^^^^^^
  File "/home/hsy/myedu/main/views/archives/image/ocr_batch.py", line 36, in page
    return render(request, "archives/image/ocr_batch.html")
           ^^^^^^^^^^^^^^^^^^^^^^^^^^^^^^^^^^^^^^^^^^^^^^^^
  File "/home/hsy/miniconda3/envs/django_env/lib/python3.11/site-packages/django/shortcuts.py", line 25, in render
    content = loader.render_to_string(template_name, context, request, using=using)
              ^^^^^^^^^^^^^^^^^^^^^^^^^^^^^^^^^^^^^^^^^^^^^^^^^^^^^^^^^^^^^^^^^^^^^
  File "/home/hsy/miniconda3/envs/django_env/lib/python3.11/site-packages/django/template/loader.py", line 61, in render_to_string
    template = get_template(template_name, using=using)
               ^^^^^^^^^^^^^^^^^^^^^^^^^^^^^^^^^^^^^^^^
  File "/home/hsy/miniconda3/envs/django_env/lib/python3.11/site-packages/django/template/loader.py", line 15, in get_template
    return engine.get_template(template_name)
           ^^^^^^^^^^^^^^^^^^^^^^^^^^^^^^^^^^
  File "/home/hsy/miniconda3/envs/django_env/lib/python3.11/site-packages/django/template/backends/django.py", line 79, in get_template
    return Template(self.engine.get_template(template_name), self)
                    ^^^^^^^^^^^^^^^^^^^^^^^^^^^^^^^^^^^^^^^
  File "/home/hsy/miniconda3/envs/django_env/lib/python3.11/site-packages/django/template/engine.py", line 177, in get_template
    template, origin = self.find_template(template_name)
                       ^^^^^^^^^^^^^^^^^^^^^^^^^^^^^^^^^
  File "/home/hsy/miniconda3/envs/django_env/lib/python3.11/site-packages/django/template/engine.py", line 159, in find_template
    template = loader.get_template(name, skip=skip)
               ^^^^^^^^^^^^^^^^^^^^^^^^^^^^^^^^^^^^
  File "/home/hsy/miniconda3/envs/django_env/lib/python3.11/site-packages/django/template/loaders/cached.py", line 57, in get_template
    template = super().get_template(template_name, skip)
               ^^^^^^^^^^^^^^^^^^^^^^^^^^^^^^^^^^^^^^^^^
  File "/home/hsy/miniconda3/envs/django_env/lib/python3.11/site-packages/django/template/loaders/base.py", line 28, in get_template
    return Template(
           ^^^^^^^^^
  File "/home/hsy/miniconda3/envs/django_env/lib/python3.11/site-packages/django/template/base.py", line 155, in __init__
    self.nodelist = self.compile_nodelist()
                    ^^^^^^^^^^^^^^^^^^^^^^^
  File "/home/hsy/miniconda3/envs/django_env/lib/python3.11/site-packages/django/template/base.py", line 197, in compile_nodelist
    nodelist = parser.parse()
               ^^^^^^^^^^^^^^
  File "/home/hsy/miniconda3/envs/django_env/lib/python3.11/site-packages/django/template/base.py", line 519, in parse
    raise self.error(token, e)
  File "/home/hsy/miniconda3/envs/django_env/lib/python3.11/site-packages/django/template/base.py", line 517, in parse
    compiled_result = compile_func(self, token)
                      ^^^^^^^^^^^^^^^^^^^^^^^^^
  File "/home/hsy/miniconda3/envs/django_env/lib/python3.11/site-packages/django/template/loader_tags.py", line 299, in do_extends
    nodelist = parser.parse()
               ^^^^^^^^^^^^^^
  File "/home/hsy/miniconda3/envs/django_env/lib/python3.11/site-packages/django/template/base.py", line 519, in parse
    raise self.error(token, e)
  File "/home/hsy/miniconda3/envs/django_env/lib/python3.11/site-packages/django/template/base.py", line 517, in parse
    compiled_result = compile_func(self, token)
                      ^^^^^^^^^^^^^^^^^^^^^^^^^
  File "/home/hsy/miniconda3/envs/django_env/lib/python3.11/site-packages/django/template/loader_tags.py", line 234, in do_block
    nodelist = parser.parse(("endblock",))
               ^^^^^^^^^^^^^^^^^^^^^^^^^^^
  File "/home/hsy/miniconda3/envs/django_env/lib/python3.11/site-packages/django/template/base.py", line 490, in parse
    raise self.error(token, e)
  File "/home/hsy/miniconda3/envs/django_env/lib/python3.11/site-packages/django/template/base.py", line 488, in parse
    filter_expression = self.compile_filter(token.contents)
                        ^^^^^^^^^^^^^^^^^^^^^^^^^^^^^^^^^^^
  File "/home/hsy/miniconda3/envs/django_env/lib/python3.11/site-packages/django/template/base.py", line 610, in compile_filter
    return FilterExpression(token, self)
           ^^^^^^^^^^^^^^^^^^^^^^^^^^^^^
  File "/home/hsy/miniconda3/envs/django_env/lib/python3.11/site-packages/django/template/base.py", line 711, in __init__
    raise TemplateSyntaxError(
django.template.exceptions.TemplateSyntaxError: Could not parse the remainder: ' || '-'' from 'row.arch_seq || '-''
[ERROR] 2026-07-01 11:08:50,538 log 92571 139780845205184 Internal Server Error: /archives/api/streamer/print-streamer/
Traceback (most recent call last):
  File "/home/hsy/miniconda3/envs/django_env/lib/python3.11/site-packages/django/core/handlers/exception.py", line 55, in inner
    response = get_response(request)
               ^^^^^^^^^^^^^^^^^^^^^
  File "/home/hsy/miniconda3/envs/django_env/lib/python3.11/site-packages/django/core/handlers/base.py", line 197, in _get_response
    response = wrapped_callback(request, *callback_args, **callback_kwargs)
               ^^^^^^^^^^^^^^^^^^^^^^^^^^^^^^^^^^^^^^^^^^^^^^^^^^^^^^^^^^^^
  File "/home/hsy/miniconda3/envs/django_env/lib/python3.11/site-packages/django/contrib/auth/decorators.py", line 59, in _view_wrapper
    return view_func(request, *args, **kwargs)
           ^^^^^^^^^^^^^^^^^^^^^^^^^^^^^^^^^^^
  File "/home/hsy/myedu/main/utils/decorators.py", line 97, in wrapper
    return view_func(request, *args, **kwargs)
           ^^^^^^^^^^^^^^^^^^^^^^^^^^^^^^^^^^^
  File "/home/hsy/myedu/main/views/archives/streamer.py", line 229, in print_streamer_api
    for ln, line in enumerate([bmmc[i:i+4] for i in range(0, len(bmmc), 4)]):
                                                             ^^^^^^^^^
TypeError: object of type 'NoneType' has no len()
[ERROR] 2026-07-01 14:57:04,457 cadre 92828 139780826330816 任免表保存失败: ('22001', '[22001] [Microsoft][ODBC Driver 18 for SQL Server][SQL Server]String or binary data would be truncated. (8152) (SQLParamData)')
[ERROR] 2026-07-01 14:59:34,587 cadre 92637 139780845205184 任免表保存失败: ('22001', '[22001] [Microsoft][ODBC Driver 18 for SQL Server][SQL Server]String or binary data would be truncated. (8152) (SQLParamData)')
[ERROR] 2026-07-01 16:37:39,487 salary 92828 139780816889536 工资查询失败: ('22001', '[22001] [Microsoft][ODBC Driver 18 for SQL Server][SQL Server]String or binary data would be truncated. (8152) (SQLExecDirectW)')
[ERROR] 2026-07-01 16:37:40,201 salary 92572 139780826330816 工资查询失败: ('22001', '[22001] [Microsoft][ODBC Driver 18 for SQL Server][SQL Server]String or binary data would be truncated. (8152) (SQLExecDirectW)')
[ERROR] 2026-07-01 17:59:08,261 salary 92828 139780816889536 工资查询失败: ('22001', '[22001] [Microsoft][ODBC Driver 18 for SQL Server][SQL Server]String or binary data would be truncated. (8152) (SQLExecDirectW)')
[ERROR] 2026-07-01 17:59:09,666 salary 92701 139780845205184 工资查询失败: ('22001', '[22001] [Microsoft][ODBC Driver 18 for SQL Server][SQL Server]String or binary data would be truncated. (8152) (SQLExecDirectW)')
[ERROR] 2026-07-01 18:01:42,803 salary 92572 139780845205184 工资查询失败: ('22001', '[22001] [Microsoft][ODBC Driver 18 for SQL Server][SQL Server]String or binary data would be truncated. (8152) (SQLExecDirectW)')
[ERROR] 2026-07-01 18:01:44,963 salary 92828 139780826330816 工资查询失败: ('22001', '[22001] [Microsoft][ODBC Driver 18 for SQL Server][SQL Server]String or binary data would be truncated. (8152) (SQLExecDirectW)')
