[INFO] 2026-06-02 16:52:15,784 middleware 1348198 140224500852544 should_redirect: user_authenticated=True, status=200, location=, result=False, path=/archivesSystem/files/dialog/edit/
[INFO] 2026-06-02 16:59:05,473 middleware 1348198 140224500852544 should_redirect: user_authenticated=True, status=200, location=, result=False, path=/components/person-panel-embed/
[INFO] 2026-06-02 16:59:40,913 middleware 1348198 140224500852544 should_redirect: user_authenticated=True, status=200, location=, result=False, path=/archives/api/person-detail/
[INFO] 2026-06-02 17:06:12,797 middleware 1348198 140224500852544 should_redirect: user_authenticated=True, status=200, location=, result=False, path=/components/person-search/
[INFO] 2026-06-02 17:12:52,356 middleware 1348198 140224500852544 should_redirect: user_authenticated=True, status=200, location=, result=False, path=/components/person-panel-embed/
[INFO] 2026-06-02 17:12:52,386 middleware 1348198 140224500852544 should_redirect: user_authenticated=True, status=200, location=, result=False, path=/components/person-panel-embed/
[INFO] 2026-06-02 17:14:21,641 middleware 1348198 140224500852544 should_redirect: user_authenticated=True, status=200, location=, result=False, path=/components/person-search/
[INFO] 2026-06-03 08:35:08,429 middleware 1348198 140224500852544 should_redirect: user_authenticated=True, status=200, location=, result=False, path=/archives/image/api/scan-generate-pdf/
[INFO] 2026-06-03 08:35:08,444 middleware 1348198 140224500852544 should_redirect: user_authenticated=True, status=200, location=, result=False, path=/archives/image/api/scan-pdf/
[INFO] 2026-06-03 08:37:29,141 middleware 1348198 140224500852544 should_redirect: user_authenticated=True, status=200, location=, result=False, path=/components/archive-tree-embed/
[INFO] 2026-06-03 08:39:57,558 middleware 1348198 140224500852544 should_redirect: user_authenticated=True, status=200, location=, result=False, path=/components/archive-tree/
[INFO] 2026-06-03 08:40:46,672 middleware 1348198 140224500852544 should_redirect: user_authenticated=True, status=200, location=, result=False, path=/archives/api/meeting-list/
[INFO] 2026-06-03 09:04:33,256 autoreload 1409344 140213895083840 Watching for file changes with StatReloader
[INFO] 2026-06-03 09:11:08,425 middleware 1348198 140224500852544 should_redirect: user_authenticated=True, status=200, location=, result=False, path=/welcome/
[INFO] 2026-06-03 09:11:37,020 middleware 1348198 140224500852544 should_redirect: user_authenticated=True, status=200, location=, result=False, path=/components/scan-stats/
[INFO] 2026-06-03 09:16:00,319 middleware 1348198 140224500852544 should_redirect: user_authenticated=True, status=200, location=, result=False, path=/components/archive-tree-embed/
[INFO] 2026-06-03 09:16:02,792 middleware 1348198 140224500852544 should_redirect: user_authenticated=True, status=200, location=, result=False, path=/business/api/student-archives/list/
[INFO] 2026-06-03 09:16:08,511 middleware 1348198 140224500852544 should_redirect: user_authenticated=True, status=200, location=, result=False, path=/archivesSystem/api/salary-standard-filters/
[INFO] 2026-06-03 09:16:25,033 people 1348198 140224500852544 从缓存返回，耗时: 0.001s
[INFO] 2026-06-03 09:16:25,033 middleware 1348198 140224500852544 should_redirect: user_authenticated=True, status=200, location=, result=False, path=/population/api/person-query/
[INFO] 2026-06-03 09:16:26,802 middleware 1348198 140224500852544 should_redirect: user_authenticated=True, status=200, location=, result=False, path=/population/api/family-query/
[INFO] 2026-06-03 09:16:27,592 middleware 1348198 140224500852544 should_redirect: user_authenticated=True, status=200, location=, result=False, path=/population/api/family-query/
[INFO] 2026-06-03 09:16:55,935 middleware 1348198 140224500852544 should_redirect: user_authenticated=True, status=200, location=, result=False, path=/welcome/
[INFO] 2026-06-03 09:17:06,052 middleware 1348198 140224500852544 should_redirect: user_authenticated=True, status=200, location=, result=False, path=/components/tree/
[INFO] 2026-06-03 09:26:24,837 middleware 1348198 140224500852544 should_redirect: user_authenticated=True, status=200, location=, result=False, path=/components/person-search/
[INFO] 2026-06-03 09:26:26,117 middleware 1348198 140224500852544 should_redirect: user_authenticated=True, status=200, location=, result=False, path=/components/archive-tree/
[INFO] 2026-06-03 09:26:27,142 middleware 1348198 140224500852544 should_redirect: user_authenticated=True, status=200, location=, result=False, path=/components/archive-tree/
[INFO] 2026-06-03 09:26:34,168 middleware 1348198 140224500852544 should_redirect: user_authenticated=True, status=200, location=, result=False, path=/components/person-panel-embed/
[INFO] 2026-06-03 09:26:34,310 middleware 1348198 140224500852544 should_redirect: user_authenticated=True, status=200, location=, result=False, path=/components/tree/
[INFO] 2026-06-03 09:30:39,370 autoreload 1416099 139748131436352 Watching for file changes with StatReloader
[INFO] 2026-06-03 09:31:25,698 middleware 1348198 140224500852544 should_redirect: user_authenticated=True, status=200, location=, result=False, path=/components/archive-tree-embed/
[INFO] 2026-06-03 09:31:55,516 middleware 1348198 140224500852544 should_redirect: user_authenticated=True, status=200, location=, result=False, path=/archives/image/api/scan-generate-pdf/
[INFO] 2026-06-03 09:31:55,532 middleware 1348198 140224500852544 should_redirect: user_authenticated=True, status=200, location=, result=False, path=/archives/image/api/scan-pdf/
[INFO] 2026-06-03 09:33:07,542 autoreload 1416315 139882324764480 Watching for file changes with StatReloader
[INFO] 2026-06-03 09:33:11,188 middleware 1348198 140224500852544 should_redirect: user_authenticated=True, status=200, location=, result=False, path=/components/archive-tree/
[INFO] 2026-06-03 09:33:12,223 middleware 1348198 140224500852544 should_redirect: user_authenticated=True, status=200, location=, result=False, path=/archives/image/api/scan-check/
[INFO] 2026-06-03 09:33:13,397 middleware 1348198 140224500852544 should_redirect: user_authenticated=True, status=200, location=, result=False, path=/archives/image/api/scan-generate-pdf/
[INFO] 2026-06-03 09:33:13,407 middleware 1348198 140224500852544 should_redirect: user_authenticated=True, status=200, location=, result=False, path=/archives/image/api/scan-pdf/
[INFO] 2026-06-03 09:33:35,040 middleware 1348198 140224500852544 should_redirect: user_authenticated=True, status=200, location=, result=False, path=/archives/image/api/scan-generate-pdf/
[INFO] 2026-06-03 09:33:35,050 middleware 1348198 140224500852544 should_redirect: user_authenticated=True, status=200, location=, result=False, path=/archives/image/api/scan-pdf/
[INFO] 2026-06-03 09:33:50,098 middleware 1348198 140224500852544 should_redirect: user_authenticated=True, status=200, location=, result=False, path=/archives/api/person-detail/
[INFO] 2026-06-03 09:37:46,056 middleware 1348198 140224500852544 should_redirect: user_authenticated=True, status=200, location=, result=False, path=/archives/image/api/scan-generate-pdf/
[INFO] 2026-06-03 09:37:46,072 middleware 1348198 140224500852544 should_redirect: user_authenticated=True, status=200, location=, result=False, path=/archives/image/api/scan-pdf/
[INFO] 2026-06-03 09:39:54,893 middleware 1348198 140224500852544 should_redirect: user_authenticated=True, status=200, location=, result=False, path=/components/person-search/
[INFO] 2026-06-03 09:39:56,312 middleware 1348198 140224500852544 should_redirect: user_authenticated=True, status=200, location=, result=False, path=/components/archive-tree-embed/
[INFO] 2026-06-03 09:39:56,424 middleware 1348198 140224500852544 should_redirect: user_authenticated=True, status=200, location=, result=False, path=/components/archive-tree/
[INFO] 2026-06-03 09:45:18,927 middleware 1348198 140224500852544 should_redirect: user_authenticated=True, status=200, location=, result=False, path=/components/archive-tree/
[INFO] 2026-06-03 09:45:45,591 middleware 1348198 140224500852544 should_redirect: user_authenticated=True, status=200, location=, result=False, path=/archives/image/api/scan-check/
[INFO] 2026-06-03 09:46:21,663 middleware 1348198 140224500852544 should_redirect: user_authenticated=True, status=200, location=, result=False, path=/archives/image/api/scan-check/
[INFO] 2026-06-03 09:48:09,545 middleware 1348198 140224500852544 should_redirect: user_authenticated=True, status=200, location=, result=False, path=/archives/image/api/scan-check/
[INFO] 2026-06-03 09:49:07,713 middleware 1348198 140224500852544 should_redirect: user_authenticated=True, status=200, location=, result=False, path=/components/scan-stats/
[INFO] 2026-06-03 09:49:12,950 middleware 1348198 140224500852544 should_redirect: user_authenticated=True, status=200, location=, result=False, path=/archives/image/api/scan-generate-pdf/
[INFO] 2026-06-03 09:49:12,987 middleware 1348198 140224500852544 should_redirect: user_authenticated=True, status=200, location=, result=False, path=/archives/image/api/scan-pdf/
[INFO] 2026-06-03 09:49:35,133 middleware 1348198 140224500852544 should_redirect: user_authenticated=True, status=200, location=, result=False, path=/components/archive-tree/
[INFO] 2026-06-03 09:52:13,354 middleware 1348198 140224500852544 should_redirect: user_authenticated=True, status=200, location=, result=False, path=/components/scan-stats/
[INFO] 2026-06-03 09:52:29,005 middleware 1348198 140224500852544 should_redirect: user_authenticated=True, status=200, location=, result=False, path=/archives/image/api/scan-check/
[INFO] 2026-06-03 09:52:46,942 middleware 1348198 140224500852544 should_redirect: user_authenticated=True, status=200, location=, result=False, path=/archives/image/api/scan-check/
[INFO] 2026-06-03 09:52:57,208 middleware 1348198 140224500852544 should_redirect: user_authenticated=True, status=200, location=, result=False, path=/archives/image/api/scan-check/
[INFO] 2026-06-03 09:54:08,699 middleware 1348198 140224500852544 should_redirect: user_authenticated=True, status=200, location=, result=False, path=/components/archive-tree/
[INFO] 2026-06-03 10:07:26,966 middleware 1348198 140224500852544 should_redirect: user_authenticated=True, status=200, location=, result=False, path=/components/person-panel-embed/
[INFO] 2026-06-03 10:07:34,183 middleware 1348198 140224500852544 should_redirect: user_authenticated=True, status=200, location=, result=False, path=/components/person-search/
[INFO] 2026-06-03 10:13:51,609 middleware 1348198 140224500852544 should_redirect: user_authenticated=True, status=200, location=, result=False, path=/components/person-panel-embed/
[INFO] 2026-06-03 10:13:58,602 middleware 1348198 140224500852544 should_redirect: user_authenticated=True, status=200, location=, result=False, path=/components/person-search/
[INFO] 2026-06-03 10:14:26,539 middleware 1348198 140224500852544 should_redirect: user_authenticated=True, status=200, location=, result=False, path=/components/person-search/
[INFO] 2026-06-03 10:15:06,958 middleware 1348198 140224500852544 should_redirect: user_authenticated=True, status=200, location=, result=False, path=/archives/api/cadre-list/
[INFO] 2026-06-03 10:15:44,017 middleware 1348198 140224500852544 should_redirect: user_authenticated=True, status=200, location=, result=False, path=/archives/person-basic/
[INFO] 2026-06-03 10:15:44,305 middleware 1348198 140224500852544 should_redirect: user_authenticated=True, status=200, location=, result=False, path=/archives/api/person-detail/
[INFO] 2026-06-03 10:17:18,918 middleware 1348198 140224500852544 should_redirect: user_authenticated=True, status=200, location=, result=False, path=/components/archive-tree/
[INFO] 2026-06-03 10:50:44,278 middleware 1348198 140224500852544 should_redirect: user_authenticated=True, status=200, location=, result=False, path=/archives/person-identify/
[INFO] 2026-06-03 10:50:54,872 middleware 1348198 140224500852544 should_redirect: user_authenticated=True, status=200, location=, result=False, path=/archives/api/directory-list/
[INFO] 2026-06-03 10:51:28,780 autoreload 1427665 140587818272576 Watching for file changes with StatReloader
[INFO] 2026-06-03 10:53:00,577 middleware 1348198 140224500852544 should_redirect: user_authenticated=True, status=200, location=, result=False, path=/archives/api/salary-bzfind/
[INFO] 2026-06-03 10:54:50,769 middleware 1348198 140224500852544 should_redirect: user_authenticated=True, status=200, location=, result=False, path=/components/archive-tree-embed/
[INFO] 2026-06-03 10:54:50,876 middleware 1348198 140224500852544 should_redirect: user_authenticated=True, status=200, location=, result=False, path=/components/archive-tree/
[INFO] 2026-06-03 10:55:17,755 middleware 1348198 140224500852544 should_redirect: user_authenticated=True, status=200, location=, result=False, path=/components/archive-tree/
[INFO] 2026-06-03 10:55:54,186 autoreload 1427665 140587818272576 /home/hsy/myedu/myedu/settings.py changed, reloading.
[INFO] 2026-06-03 10:55:54,846 autoreload 1428167 140105451763520 Watching for file changes with StatReloader
[INFO] 2026-06-03 11:01:16,529 middleware 1428778 140295171458752 should_redirect: user_authenticated=True, status=200, location=, result=False, path=/
[INFO] 2026-06-03 11:01:17,055 middleware 1428778 140295163066048 should_redirect: user_authenticated=True, status=200, location=, result=False, path=/welcome/
[INFO] 2026-06-03 11:01:17,086 middleware 1428778 140295163066048 should_redirect: user_authenticated=True, status=200, location=, result=False, path=/menus/
[INFO] 2026-06-03 11:01:20,850 middleware 1428778 140295163066048 should_redirect: user_authenticated=True, status=200, location=, result=False, path=/archives/image/scan/
[INFO] 2026-06-03 11:01:20,975 middleware 1428778 140295163066048 should_redirect: user_authenticated=True, status=200, location=, result=False, path=/components/person-panel-embed/
[INFO] 2026-06-03 11:01:21,084 middleware 1428778 140295163066048 should_redirect: user_authenticated=True, status=200, location=, result=False, path=/components/person-panel-embed/
[INFO] 2026-06-03 11:01:21,110 middleware 1428778 140295163066048 should_redirect: user_authenticated=True, status=200, location=, result=False, path=/components/archive-tree-embed/
[INFO] 2026-06-03 11:01:21,197 middleware 1428778 140295163066048 should_redirect: user_authenticated=True, status=200, location=, result=False, path=/components/tree/
[INFO] 2026-06-03 11:01:23,230 middleware 1428778 140295163066048 should_redirect: user_authenticated=True, status=200, location=, result=False, path=/components/tree-children/
[INFO] 2026-06-03 11:01:24,395 middleware 1428778 140295163066048 should_redirect: user_authenticated=True, status=200, location=, result=False, path=/components/tree-children/
[INFO] 2026-06-03 11:01:25,325 middleware 1428778 140295163066048 should_redirect: user_authenticated=True, status=200, location=, result=False, path=/components/archive-tree-embed/
[INFO] 2026-06-03 11:01:25,429 middleware 1428778 140295154673344 should_redirect: user_authenticated=True, status=200, location=, result=False, path=/components/archive-tree/
[INFO] 2026-06-03 11:01:25,471 middleware 1428778 140295163066048 should_redirect: user_authenticated=True, status=200, location=, result=False, path=/components/scan-stats/
[INFO] 2026-06-03 11:01:28,164 middleware 1428778 140295163066048 should_redirect: user_authenticated=True, status=200, location=, result=False, path=/components/tree-children/
[INFO] 2026-06-03 11:01:31,180 middleware 1428778 140295163066048 should_redirect: user_authenticated=True, status=200, location=, result=False, path=/components/tree-children/
[INFO] 2026-06-03 11:01:31,345 middleware 1428778 140295163066048 should_redirect: user_authenticated=True, status=200, location=, result=False, path=/components/archive-tree-embed/
[INFO] 2026-06-03 11:01:31,433 middleware 1428778 140295154673344 should_redirect: user_authenticated=True, status=200, location=, result=False, path=/components/archive-tree/
[INFO] 2026-06-03 11:01:31,536 middleware 1428778 140295163066048 should_redirect: user_authenticated=True, status=200, location=, result=False, path=/components/scan-stats/
[INFO] 2026-06-03 11:01:33,456 middleware 1428778 140295163066048 should_redirect: user_authenticated=True, status=200, location=, result=False, path=/components/archive-tree/
[INFO] 2026-06-03 11:01:34,093 middleware 1428778 140295163066048 should_redirect: user_authenticated=True, status=200, location=, result=False, path=/archives/image/api/scan-check/
[INFO] 2026-06-03 11:01:40,415 middleware 1428778 140295163066048 should_redirect: user_authenticated=True, status=200, location=, result=False, path=/archives/image/api/scan-generate-pdf/
[INFO] 2026-06-03 11:01:40,451 middleware 1428778 140295163066048 should_redirect: user_authenticated=True, status=200, location=, result=False, path=/archives/image/api/scan-pdf/
[INFO] 2026-06-03 11:21:29,656 middleware 1348198 140224500852544 should_redirect: user_authenticated=True, status=200, location=, result=False, path=/welcome/
[INFO] 2026-06-03 11:22:50,093 middleware 1348198 140224500852544 should_redirect: user_authenticated=True, status=200, location=, result=False, path=/archives/person-directory/
[INFO] 2026-06-03 11:23:15,930 middleware 1348198 140224500852544 should_redirect: user_authenticated=True, status=200, location=, result=False, path=/archives/api/identify/
[INFO] 2026-06-03 11:23:46,950 middleware 1348198 140224500852544 should_redirect: user_authenticated=True, status=200, location=, result=False, path=/archives/person-basic/
[INFO] 2026-06-03 11:24:09,229 middleware 1348198 140224500852544 should_redirect: user_authenticated=True, status=200, location=, result=False, path=/archives/person-identify/
[INFO] 2026-06-03 11:24:09,426 middleware 1348198 140224500852544 should_redirect: user_authenticated=True, status=200, location=, result=False, path=/archives/api/identify/
[INFO] 2026-06-03 11:57:55,044 auth 1428778 140295163066048 用户 admin 登录成功
[INFO] 2026-06-03 11:57:55,073 middleware 1428778 140295163066048 should_redirect: user_authenticated=True, status=200, location=, result=False, path=/
[INFO] 2026-06-03 11:57:55,182 middleware 1428778 140295163066048 should_redirect: user_authenticated=True, status=200, location=, result=False, path=/
[INFO] 2026-06-03 11:57:55,362 middleware 1428778 140295163066048 should_redirect: user_authenticated=True, status=200, location=, result=False, path=/welcome/
[INFO] 2026-06-03 11:57:55,386 middleware 1428778 140295163066048 should_redirect: user_authenticated=True, status=200, location=, result=False, path=/menus/
[INFO] 2026-06-03 11:58:06,948 middleware 1428778 140295163066048 should_redirect: user_authenticated=True, status=200, location=, result=False, path=/archives/person
[INFO] 2026-06-03 11:58:07,027 middleware 1428778 140295163066048 should_redirect: user_authenticated=True, status=200, location=, result=False, path=/components/person-panel-embed/
[INFO] 2026-06-03 11:58:07,140 middleware 1428778 140295163066048 should_redirect: user_authenticated=True, status=200, location=, result=False, path=/components/person-panel-embed/
[INFO] 2026-06-03 11:58:07,220 middleware 1428778 140295163066048 should_redirect: user_authenticated=True, status=200, location=, result=False, path=/components/tree/
[INFO] 2026-06-03 11:58:09,541 middleware 1428778 140295163066048 should_redirect: user_authenticated=True, status=200, location=, result=False, path=/archives/image/scan/
[INFO] 2026-06-03 11:58:09,647 middleware 1428778 140295163066048 should_redirect: user_authenticated=True, status=200, location=, result=False, path=/components/person-panel-embed/
[INFO] 2026-06-03 11:58:09,674 middleware 1428778 140295163066048 should_redirect: user_authenticated=True, status=200, location=, result=False, path=/components/archive-tree-embed/
[INFO] 2026-06-03 11:58:09,770 middleware 1428778 140295163066048 should_redirect: user_authenticated=True, status=200, location=, result=False, path=/components/tree/
[INFO] 2026-06-03 11:58:21,917 middleware 1428778 140295163066048 should_redirect: user_authenticated=True, status=200, location=, result=False, path=/archivesSystem/salary-standard/
[INFO] 2026-06-03 11:58:22,055 middleware 1428778 140295163066048 should_redirect: user_authenticated=True, status=200, location=, result=False, path=/archivesSystem/api/salary-standard-list/
[INFO] 2026-06-03 11:58:22,089 middleware 1428778 140295132583616 should_redirect: user_authenticated=True, status=200, location=, result=False, path=/archivesSystem/api/salary-standard-filters/
[INFO] 2026-06-03 11:58:27,618 middleware 1348198 140224500852544 should_redirect: user_authenticated=True, status=200, location=, result=False, path=/
[INFO] 2026-06-03 11:58:27,699 middleware 1348198 140224500852544 should_redirect: user_authenticated=True, status=200, location=, result=False, path=/
[INFO] 2026-06-03 11:58:30,462 middleware 1348198 140224500852544 should_redirect: user_authenticated=True, status=200, location=, result=False, path=/archives/person
[INFO] 2026-06-03 11:58:30,554 middleware 1348198 140224500852544 should_redirect: user_authenticated=True, status=200, location=, result=False, path=/components/person-panel-embed/
[INFO] 2026-06-03 11:58:30,634 middleware 1348198 140224500852544 should_redirect: user_authenticated=True, status=200, location=, result=False, path=/components/person-panel-embed/
[INFO] 2026-06-03 11:58:42,552 middleware 1348198 140224500852544 should_redirect: user_authenticated=True, status=200, location=, result=False, path=/archives/person-salary/
[INFO] 2026-06-03 12:01:26,413 middleware 1348198 140224500852544 should_redirect: user_authenticated=True, status=200, location=, result=False, path=/admin/main/menu/
[INFO] 2026-06-03 12:01:26,458 middleware 1348198 140224500852544 should_redirect: user_authenticated=True, status=200, location=, result=False, path=/admin/jsi18n/
[INFO] 2026-06-03 12:01:54,175 middleware 1428778 140295132583616 should_redirect: user_authenticated=True, status=200, location=, result=False, path=/
[INFO] 2026-06-03 12:01:54,358 middleware 1428778 140295132583616 should_redirect: user_authenticated=True, status=200, location=, result=False, path=/welcome/
[INFO] 2026-06-03 12:01:54,392 middleware 1428778 140295132583616 should_redirect: user_authenticated=True, status=200, location=, result=False, path=/menus/
[INFO] 2026-06-03 12:02:10,042 middleware 1428778 140295132583616 should_redirect: user_authenticated=True, status=200, location=, result=False, path=/platform-users/
[INFO] 2026-06-03 12:02:10,166 middleware 1428778 140295132583616 should_redirect: user_authenticated=True, status=200, location=, result=False, path=/api/platform-users/list/
[INFO] 2026-06-03 12:02:10,185 middleware 1428778 140295132583616 should_redirect: user_authenticated=True, status=200, location=, result=False, path=/api/platform-groups/list/
[INFO] 2026-06-03 12:02:11,897 middleware 1428778 140295132583616 should_redirect: user_authenticated=True, status=200, location=, result=False, path=/groups/
[INFO] 2026-06-03 12:02:11,998 middleware 1428778 140295132583616 should_redirect: user_authenticated=True, status=200, location=, result=False, path=/api/platform-groups/list/
[INFO] 2026-06-03 12:02:12,022 middleware 1428778 140295132583616 should_redirect: user_authenticated=True, status=200, location=, result=False, path=/api/menu-tree/
[INFO] 2026-06-03 12:02:14,368 middleware 1428778 140295132583616 should_redirect: user_authenticated=True, status=200, location=, result=False, path=/api/group-menus/
[INFO] 2026-06-03 12:02:21,102 middleware 1428778 140295132583616 should_redirect: user_authenticated=True, status=200, location=, result=False, path=/api/group-menus/save/
[INFO] 2026-06-03 12:02:21,152 middleware 1428778 140295132583616 should_redirect: user_authenticated=True, status=200, location=, result=False, path=/api/group-menus/
[INFO] 2026-06-03 12:02:24,618 middleware 1428778 140295132583616 should_redirect: user_authenticated=True, status=200, location=, result=False, path=/
[INFO] 2026-06-03 12:02:24,730 middleware 1428778 140295132583616 should_redirect: user_authenticated=True, status=200, location=, result=False, path=/welcome/
[INFO] 2026-06-03 12:02:24,772 middleware 1428778 140295132583616 should_redirect: user_authenticated=True, status=200, location=, result=False, path=/menus/
[INFO] 2026-06-03 12:02:34,056 middleware 1428778 140295132583616 should_redirect: user_authenticated=True, status=404, location=, result=False, path=/-
[INFO] 2026-06-03 12:41:20,241 middleware 1428778 140295132583616 should_redirect: user_authenticated=True, status=200, location=, result=False, path=/archives/person
[INFO] 2026-06-03 12:41:20,364 middleware 1428778 140295132583616 should_redirect: user_authenticated=True, status=200, location=, result=False, path=/components/person-panel-embed/
[INFO] 2026-06-03 12:41:20,428 middleware 1428778 140295132583616 should_redirect: user_authenticated=True, status=200, location=, result=False, path=/components/person-panel-embed/
[INFO] 2026-06-03 12:41:20,529 middleware 1428778 140295132583616 should_redirect: user_authenticated=True, status=200, location=, result=False, path=/components/tree/
[INFO] 2026-06-03 12:41:24,172 middleware 1428778 140295132583616 should_redirect: user_authenticated=True, status=200, location=, result=False, path=/components/tree-children/
[INFO] 2026-06-03 12:41:25,125 middleware 1428778 140295132583616 should_redirect: user_authenticated=True, status=200, location=, result=False, path=/components/tree-children/
[INFO] 2026-06-03 12:41:25,937 middleware 1428778 140295132583616 should_redirect: user_authenticated=True, status=200, location=, result=False, path=/archives/person-basic/
[INFO] 2026-06-03 12:41:26,167 middleware 1428778 140295132583616 should_redirect: user_authenticated=True, status=200, location=, result=False, path=/archives/api/person-detail/
[INFO] 2026-06-03 13:59:07,684 middleware 1348198 140224500852544 should_redirect: user_authenticated=True, status=302, location=/admin/main/menu/, result=False, path=/admin/main/menu/71/change/
[INFO] 2026-06-03 13:59:07,810 middleware 1348198 140224500852544 should_redirect: user_authenticated=True, status=200, location=, result=False, path=/admin/main/menu/
[INFO] 2026-06-03 13:59:07,828 middleware 1348198 140224500852544 should_redirect: user_authenticated=True, status=200, location=, result=False, path=/admin/jsi18n/
[INFO] 2026-06-03 13:59:30,704 middleware 1436192 140341322086080 should_redirect: user_authenticated=True, status=200, location=, result=False, path=/
[INFO] 2026-06-03 13:59:30,850 middleware 1436192 140341322086080 should_redirect: user_authenticated=True, status=200, location=, result=False, path=/welcome/
[INFO] 2026-06-03 13:59:30,897 middleware 1436192 140341322086080 should_redirect: user_authenticated=True, status=200, location=, result=False, path=/menus/
[INFO] 2026-06-03 14:06:37,307 middleware 1436320 140513052305088 should_redirect: user_authenticated=True, status=200, location=, result=False, path=/business/archive-stats/
[INFO] 2026-06-03 14:06:37,575 middleware 1436320 140513052305088 should_redirect: user_authenticated=True, status=200, location=, result=False, path=/business/api/archive-stats/
[INFO] 2026-06-03 14:16:34,388 backends 1348198 140224500852544 档案用户登录成功: YHBH=4, YHMC=章玲玲
[INFO] 2026-06-03 14:16:34,421 auth 1348198 140224500852544 用户 章玲玲 登录成功
[INFO] 2026-06-03 14:16:34,432 middleware 1348198 140224500852544 should_redirect: user_authenticated=True, status=200, location=, result=False, path=/
[INFO] 2026-06-03 14:17:01,648 middleware 1436320 140513052305088 should_redirect: user_authenticated=True, status=200, location=, result=False, path=/business/archive-stats/
[INFO] 2026-06-03 14:17:01,937 middleware 1436320 140513052305088 should_redirect: user_authenticated=True, status=200, location=, result=False, path=/business/api/archive-stats/
[INFO] 2026-06-03 14:17:48,664 middleware 1436320 140513052305088 should_redirect: user_authenticated=True, status=200, location=, result=False, path=/business/archive-stats/
[INFO] 2026-06-03 14:17:48,993 middleware 1436320 140513052305088 should_redirect: user_authenticated=True, status=200, location=, result=False, path=/business/api/archive-stats/
[INFO] 2026-06-03 14:18:11,390 middleware 1437200 139942742734656 should_redirect: user_authenticated=True, status=200, location=, result=False, path=/
[INFO] 2026-06-03 14:18:11,844 middleware 1437199 139942742734656 should_redirect: user_authenticated=True, status=200, location=, result=False, path=/welcome/
[INFO] 2026-06-03 14:18:11,864 middleware 1437202 139942742734656 should_redirect: user_authenticated=True, status=200, location=, result=False, path=/menus/
[INFO] 2026-06-03 14:18:17,528 middleware 1437195 139942742734656 should_redirect: user_authenticated=True, status=200, location=, result=False, path=/business/archive-stats/
[INFO] 2026-06-03 14:18:17,898 middleware 1437196 139942742734656 should_redirect: user_authenticated=True, status=200, location=, result=False, path=/business/api/archive-stats/
[INFO] 2026-06-03 14:18:33,614 middleware 1437511 140123815896896 should_redirect: user_authenticated=True, status=200, location=, result=False, path=/business/archive-stats/
[INFO] 2026-06-03 14:18:33,847 middleware 1437511 140123815896896 should_redirect: user_authenticated=True, status=200, location=, result=False, path=/business/api/archive-stats/
[INFO] 2026-06-03 14:18:36,973 middleware 1437513 140123815896896 should_redirect: user_authenticated=True, status=200, location=, result=False, path=/
[INFO] 2026-06-03 14:18:37,093 middleware 1437513 140123815896896 should_redirect: user_authenticated=True, status=200, location=, result=False, path=/welcome/
[INFO] 2026-06-03 14:18:37,192 middleware 1437508 140123815896896 should_redirect: user_authenticated=True, status=200, location=, result=False, path=/menus/
[INFO] 2026-06-03 14:18:42,865 middleware 1437509 140123815896896 should_redirect: user_authenticated=True, status=200, location=, result=False, path=/business/archive-stats/
[INFO] 2026-06-03 14:18:43,090 middleware 1437509 140123815896896 should_redirect: user_authenticated=True, status=200, location=, result=False, path=/business/api/archive-stats/
[INFO] 2026-06-03 14:25:21,388 middleware 1437512 140123815896896 should_redirect: user_authenticated=True, status=200, location=, result=False, path=/archives/image/scan/
[INFO] 2026-06-03 14:25:21,518 middleware 1437511 140123815896896 should_redirect: user_authenticated=True, status=200, location=, result=False, path=/components/person-panel-embed/
[INFO] 2026-06-03 14:25:21,568 middleware 1437508 140123815896896 should_redirect: user_authenticated=True, status=200, location=, result=False, path=/components/archive-tree-embed/
[INFO] 2026-06-03 14:25:21,673 middleware 1437510 140123815896896 should_redirect: user_authenticated=True, status=200, location=, result=False, path=/components/person-panel-embed/
[INFO] 2026-06-03 14:25:21,741 middleware 1437510 140123815896896 should_redirect: user_authenticated=True, status=200, location=, result=False, path=/components/tree/
[INFO] 2026-06-03 14:25:35,747 middleware 1437513 140123815896896 should_redirect: user_authenticated=True, status=200, location=, result=False, path=/components/person-search/
[INFO] 2026-06-03 14:25:37,250 middleware 1437511 140123815896896 should_redirect: user_authenticated=True, status=200, location=, result=False, path=/components/archive-tree-embed/
[INFO] 2026-06-03 14:25:37,299 middleware 1437511 140123815896896 should_redirect: user_authenticated=True, status=200, location=, result=False, path=/components/archive-tree/
[INFO] 2026-06-03 14:25:37,483 middleware 1437507 140123815896896 should_redirect: user_authenticated=True, status=200, location=, result=False, path=/components/scan-stats/
[INFO] 2026-06-03 14:25:45,110 middleware 1437512 140123815896896 should_redirect: user_authenticated=True, status=200, location=, result=False, path=/components/archive-tree/
[INFO] 2026-06-03 14:25:45,981 middleware 1437508 140123815896896 should_redirect: user_authenticated=True, status=200, location=, result=False, path=/archives/image/api/scan-check/
[INFO] 2026-06-03 14:25:49,330 middleware 1437508 140123815896896 should_redirect: user_authenticated=True, status=200, location=, result=False, path=/archives/image/api/scan-generate-pdf/
[INFO] 2026-06-03 14:25:49,341 middleware 1437508 140123815896896 should_redirect: user_authenticated=True, status=200, location=, result=False, path=/archives/image/api/scan-pdf/
[INFO] 2026-06-03 14:30:16,596 middleware 1437507 140123815896896 should_redirect: user_authenticated=True, status=200, location=, result=False, path=/
[INFO] 2026-06-03 14:30:16,714 middleware 1437507 140123815896896 should_redirect: user_authenticated=True, status=200, location=, result=False, path=/welcome/
[INFO] 2026-06-03 14:30:16,728 middleware 1437509 140123815896896 should_redirect: user_authenticated=True, status=200, location=, result=False, path=/menus/
[INFO] 2026-06-03 14:30:22,945 middleware 1437512 140123815896896 should_redirect: user_authenticated=True, status=200, location=, result=False, path=/archives/image/editor/
[INFO] 2026-06-03 14:30:23,035 middleware 1437507 140123815896896 should_redirect: user_authenticated=True, status=200, location=, result=False, path=/components/archive-tree-embed/
[INFO] 2026-06-03 14:30:23,037 middleware 1437513 140123815896896 should_redirect: user_authenticated=True, status=200, location=, result=False, path=/components/person-panel-embed/
[INFO] 2026-06-03 14:30:23,062 middleware 1437512 140123815896896 should_redirect: user_authenticated=True, status=200, location=, result=False, path=/archives/image/process/
[INFO] 2026-06-03 14:30:23,063 middleware 1437508 140123815896896 should_redirect: user_authenticated=True, status=200, location=, result=False, path=/archives/image/process/
[INFO] 2026-06-03 14:30:23,127 middleware 1437506 140123815896896 should_redirect: user_authenticated=True, status=200, location=, result=False, path=/components/person-panel-embed/
[INFO] 2026-06-03 14:30:23,134 middleware 1437508 140123815896896 should_redirect: user_authenticated=True, status=200, location=, result=False, path=/components/tree/
[INFO] 2026-06-03 14:30:28,308 middleware 1437510 140123815896896 should_redirect: user_authenticated=True, status=200, location=, result=False, path=/business/archive-stats/
[INFO] 2026-06-03 14:30:28,561 middleware 1437509 140123815896896 should_redirect: user_authenticated=True, status=200, location=, result=False, path=/business/api/archive-stats/
[INFO] 2026-06-03 14:30:44,058 middleware 1437510 140123815896896 should_redirect: user_authenticated=True, status=200, location=, result=False, path=/business/api/archive-stats/detail/
[INFO] 2026-06-03 14:31:23,811 middleware 1437512 140123815896896 should_redirect: user_authenticated=True, status=200, location=, result=False, path=/business/api/archive-stats/detail/
[INFO] 2026-06-03 14:33:30,664 middleware 1437510 140123815896896 should_redirect: user_authenticated=True, status=200, location=, result=False, path=/archives/person
[INFO] 2026-06-03 14:33:30,745 middleware 1437510 140123815896896 should_redirect: user_authenticated=True, status=200, location=, result=False, path=/components/person-panel-embed/
[INFO] 2026-06-03 14:33:30,859 middleware 1437507 140123815896896 should_redirect: user_authenticated=True, status=200, location=, result=False, path=/components/person-panel-embed/
[INFO] 2026-06-03 14:33:30,920 middleware 1437512 140123815896896 should_redirect: user_authenticated=True, status=200, location=, result=False, path=/components/tree/
[INFO] 2026-06-03 14:33:38,748 middleware 1437507 140123815896896 should_redirect: user_authenticated=True, status=200, location=, result=False, path=/components/tree-children/
[INFO] 2026-06-03 14:38:20,923 middleware 1437513 140123815896896 should_redirect: user_authenticated=True, status=200, location=, result=False, path=/components/person-search/
[INFO] 2026-06-03 14:38:22,320 middleware 1437513 140123815896896 should_redirect: user_authenticated=True, status=200, location=, result=False, path=/components/archive-tree-embed/
[INFO] 2026-06-03 14:38:22,405 middleware 1437513 140123815896896 should_redirect: user_authenticated=True, status=200, location=, result=False, path=/components/archive-tree/
[INFO] 2026-06-03 14:38:22,442 middleware 1437510 140123815896896 should_redirect: user_authenticated=True, status=200, location=, result=False, path=/components/scan-stats/
[INFO] 2026-06-03 14:38:25,993 middleware 1437509 140123815896896 should_redirect: user_authenticated=True, status=200, location=, result=False, path=/archives/person
[INFO] 2026-06-03 14:38:26,088 middleware 1437512 140123815896896 should_redirect: user_authenticated=True, status=200, location=, result=False, path=/components/person-panel-embed/
[INFO] 2026-06-03 14:38:26,195 middleware 1437512 140123815896896 should_redirect: user_authenticated=True, status=200, location=, result=False, path=/components/person-panel-embed/
[INFO] 2026-06-03 14:38:26,254 middleware 1437512 140123815896896 should_redirect: user_authenticated=True, status=200, location=, result=False, path=/components/tree/
[INFO] 2026-06-03 14:38:34,130 middleware 1437509 140123815896896 should_redirect: user_authenticated=True, status=200, location=, result=False, path=/components/person-search/
[INFO] 2026-06-03 14:38:35,522 middleware 1437513 140123815896896 should_redirect: user_authenticated=True, status=200, location=, result=False, path=/archives/person-basic/
[INFO] 2026-06-03 14:38:35,887 middleware 1437513 140123815896896 should_redirect: user_authenticated=True, status=200, location=, result=False, path=/archives/api/person-detail/
[INFO] 2026-06-03 14:38:40,232 middleware 1437512 140123815896896 should_redirect: user_authenticated=True, status=200, location=, result=False, path=/archives/person-audit/
[INFO] 2026-06-03 14:38:40,398 middleware 1437512 140123815896896 should_redirect: user_authenticated=True, status=200, location=, result=False, path=/archives/api/audit/
[INFO] 2026-06-03 14:38:42,108 middleware 1437508 140123815896896 should_redirect: user_authenticated=True, status=200, location=, result=False, path=/archives/api/audit-proof-print/
[INFO] 2026-06-03 14:38:45,453 middleware 1437509 140123815896896 should_redirect: user_authenticated=True, status=200, location=, result=False, path=/archives/api/audit-proof-check/
[INFO] 2026-06-03 14:39:00,684 middleware 1437509 140123815896896 should_redirect: user_authenticated=True, status=200, location=, result=False, path=/archives/person-supplement/
[INFO] 2026-06-03 14:39:00,802 middleware 1437509 140123815896896 should_redirect: user_authenticated=True, status=200, location=, result=False, path=/archives/api/supplement/
[INFO] 2026-06-03 14:39:20,813 middleware 1437513 140123815896896 should_redirect: user_authenticated=True, status=200, location=, result=False, path=/archives/api/supplement-save/
[INFO] 2026-06-03 14:39:23,180 middleware 1437508 140123815896896 should_redirect: user_authenticated=True, status=200, location=, result=False, path=/archives/person-audit/
[INFO] 2026-06-03 14:39:23,357 middleware 1437507 140123815896896 should_redirect: user_authenticated=True, status=200, location=, result=False, path=/archives/api/audit/
[INFO] 2026-06-03 14:39:26,428 middleware 1437513 140123815896896 should_redirect: user_authenticated=True, status=200, location=, result=False, path=/archives/api/audit-proof-print/
[INFO] 2026-06-03 14:39:27,154 middleware 1437513 140123815896896 should_redirect: user_authenticated=True, status=200, location=, result=False, path=/archives/api/audit-proof-print/
[INFO] 2026-06-03 14:39:43,845 middleware 1437512 140123815896896 should_redirect: user_authenticated=True, status=200, location=, result=False, path=/archives/person-directory/
[INFO] 2026-06-03 14:39:44,015 middleware 1437508 140123815896896 should_redirect: user_authenticated=True, status=200, location=, result=False, path=/archives/api/directory-tree/
[INFO] 2026-06-03 14:39:52,222 middleware 1437510 140123815896896 should_redirect: user_authenticated=True, status=200, location=, result=False, path=/archives/api/directory-print-pdf/
[INFO] 2026-06-03 14:39:52,310 middleware 1437511 140123815896896 should_redirect: user_authenticated=True, status=404, location=, result=False, path=/favicon.ico
[INFO] 2026-06-03 14:40:07,140 middleware 1437507 140123815896896 should_redirect: user_authenticated=True, status=200, location=, result=False, path=/archives/api/directory-print-pdf/
[INFO] 2026-06-03 14:47:50,686 middleware 1437512 140123815896896 should_redirect: user_authenticated=True, status=200, location=, result=False, path=/business/archive-stats/
[INFO] 2026-06-03 14:47:50,986 middleware 1437512 140123815896896 should_redirect: user_authenticated=True, status=200, location=, result=False, path=/business/api/archive-stats/
[INFO] 2026-06-03 14:51:06,260 backends 1437511 140123815896896 档案用户登录成功: YHBH=4, YHMC=章玲玲
[INFO] 2026-06-03 14:51:06,278 auth 1437511 140123815896896 用户 章玲玲 登录成功
[INFO] 2026-06-03 14:51:06,291 middleware 1437511 140123815896896 should_redirect: user_authenticated=True, status=200, location=, result=False, path=/
[INFO] 2026-06-03 14:51:06,314 middleware 1437511 140123815896896 should_redirect: user_authenticated=True, status=200, location=, result=False, path=/
[INFO] 2026-06-03 14:51:06,917 middleware 1437509 140123815896896 should_redirect: user_authenticated=True, status=200, location=, result=False, path=/welcome/
[INFO] 2026-06-03 14:51:06,946 middleware 1437509 140123815896896 should_redirect: user_authenticated=True, status=200, location=, result=False, path=/menus/
[INFO] 2026-06-03 14:51:10,431 middleware 1437512 140123815896896 should_redirect: user_authenticated=True, status=200, location=, result=False, path=/archives/person
[INFO] 2026-06-03 14:51:10,519 middleware 1437510 140123815896896 should_redirect: user_authenticated=True, status=200, location=, result=False, path=/components/person-panel-embed/
[INFO] 2026-06-03 14:51:10,611 middleware 1437513 140123815896896 should_redirect: user_authenticated=True, status=200, location=, result=False, path=/components/person-panel-embed/
[INFO] 2026-06-03 14:51:10,685 middleware 1437509 140123815896896 should_redirect: user_authenticated=True, status=200, location=, result=False, path=/components/tree/
[INFO] 2026-06-03 14:51:19,664 middleware 1437508 140123815896896 should_redirect: user_authenticated=True, status=200, location=, result=False, path=/components/person-search/
[INFO] 2026-06-03 14:51:20,455 middleware 1437512 140123815896896 should_redirect: user_authenticated=True, status=200, location=, result=False, path=/archives/person-basic/
[INFO] 2026-06-03 14:51:20,683 middleware 1437509 140123815896896 should_redirect: user_authenticated=True, status=200, location=, result=False, path=/archives/api/person-detail/
[INFO] 2026-06-03 14:51:59,024 middleware 1437511 140123815896896 should_redirect: user_authenticated=True, status=200, location=, result=False, path=/business/archive-stats/
[INFO] 2026-06-03 14:51:59,259 middleware 1437511 140123815896896 should_redirect: user_authenticated=True, status=200, location=, result=False, path=/business/api/archive-stats/
[INFO] 2026-06-03 14:52:06,514 middleware 1437509 140123815896896 should_redirect: user_authenticated=True, status=200, location=, result=False, path=/
[INFO] 2026-06-03 14:52:06,629 middleware 1437511 140123815896896 should_redirect: user_authenticated=True, status=200, location=, result=False, path=/welcome/
[INFO] 2026-06-03 14:52:06,642 middleware 1437506 140123815896896 should_redirect: user_authenticated=True, status=200, location=, result=False, path=/menus/
[INFO] 2026-06-03 14:52:11,391 middleware 1437507 140123815896896 should_redirect: user_authenticated=True, status=200, location=, result=False, path=/archives/person-audit/
[INFO] 2026-06-03 14:52:11,588 middleware 1437507 140123815896896 should_redirect: user_authenticated=True, status=200, location=, result=False, path=/archives/api/audit/
[INFO] 2026-06-03 14:52:13,552 middleware 1437510 140123815896896 should_redirect: user_authenticated=True, status=200, location=, result=False, path=/archives/api/audit-proof-check/
[INFO] 2026-06-03 14:52:21,241 middleware 1437507 140123815896896 should_redirect: user_authenticated=True, status=200, location=, result=False, path=/archivesSystem/meeting-admin/
[INFO] 2026-06-03 14:52:21,352 middleware 1437507 140123815896896 should_redirect: user_authenticated=True, status=200, location=, result=False, path=/archivesSystem/api/meeting-admin-all-batches/
[INFO] 2026-06-03 14:52:21,360 middleware 1437506 140123815896896 should_redirect: user_authenticated=True, status=200, location=, result=False, path=/archivesSystem/api/meeting-admin-batches/
[INFO] 2026-06-03 14:52:21,451 middleware 1437510 140123815896896 should_redirect: user_authenticated=True, status=200, location=, result=False, path=/archivesSystem/api/meeting-admin-list/
[INFO] 2026-06-03 14:52:21,782 middleware 1437506 140123815896896 should_redirect: user_authenticated=True, status=200, location=, result=False, path=/archives/person-cadre/
[INFO] 2026-06-03 14:52:21,896 middleware 1437506 140123815896896 should_redirect: user_authenticated=True, status=200, location=, result=False, path=/archives/api/cadre-list/
[INFO] 2026-06-03 14:52:23,538 middleware 1437512 140123815896896 should_redirect: user_authenticated=True, status=200, location=, result=False, path=/archives/api/cadre-detail/
[INFO] 2026-06-03 14:52:24,781 middleware 1437513 140123815896896 should_redirect: user_authenticated=True, status=200, location=, result=False, path=/business/archive-stats/
[INFO] 2026-06-03 14:52:25,017 middleware 1437508 140123815896896 should_redirect: user_authenticated=True, status=200, location=, result=False, path=/business/api/archive-stats/
[INFO] 2026-06-03 14:52:27,032 middleware 1437511 140123815896896 should_redirect: user_authenticated=True, status=200, location=, result=False, path=/business/api/archive-stats/
[INFO] 2026-06-03 14:52:29,071 middleware 1437512 140123815896896 should_redirect: user_authenticated=True, status=200, location=, result=False, path=/archives/api/cadre-export/
[INFO] 2026-06-03 14:53:39,654 middleware 1437511 140123815896896 should_redirect: user_authenticated=True, status=200, location=, result=False, path=/business/archive-stats/
[INFO] 2026-06-03 14:53:39,889 middleware 1437513 140123815896896 should_redirect: user_authenticated=True, status=200, location=, result=False, path=/business/api/archive-stats/
[INFO] 2026-06-03 14:53:45,678 middleware 1437509 140123815896896 should_redirect: user_authenticated=True, status=200, location=, result=False, path=/archives/api/cadre-extract/
[INFO] 2026-06-03 14:53:50,028 middleware 1440123 139700502185664 should_redirect: user_authenticated=True, status=200, location=, result=False, path=/business/archive-stats/
[INFO] 2026-06-03 14:53:50,530 middleware 1440123 139700502185664 should_redirect: user_authenticated=True, status=200, location=, result=False, path=/business/api/archive-stats/
[INFO] 2026-06-03 14:53:51,574 middleware 1437511 140123815896896 should_redirect: user_authenticated=True, status=200, location=, result=False, path=/archives/api/cadre-save/
[INFO] 2026-06-03 14:53:54,839 middleware 1440123 139700502185664 should_redirect: user_authenticated=True, status=200, location=, result=False, path=/business/api/archive-stats/
[INFO] 2026-06-03 14:54:03,379 middleware 1437512 140123815896896 should_redirect: user_authenticated=True, status=200, location=, result=False, path=/archives/api/cadre-export/
[INFO] 2026-06-03 14:54:09,406 middleware 1440123 139700502185664 should_redirect: user_authenticated=True, status=200, location=, result=False, path=/business/api/archive-stats/
[INFO] 2026-06-03 14:54:13,204 middleware 1440123 139700502185664 should_redirect: user_authenticated=True, status=200, location=, result=False, path=/business/api/archive-stats/
[INFO] 2026-06-03 14:54:15,390 middleware 1440123 139700502185664 should_redirect: user_authenticated=True, status=200, location=, result=False, path=/business/api/archive-stats/
[INFO] 2026-06-03 14:54:17,195 middleware 1440123 139700502185664 should_redirect: user_authenticated=True, status=200, location=, result=False, path=/business/api/archive-stats/
[INFO] 2026-06-03 14:54:18,774 middleware 1440123 139700502185664 should_redirect: user_authenticated=True, status=200, location=, result=False, path=/business/api/archive-stats/
[INFO] 2026-06-03 14:55:51,101 middleware 1440123 139700502185664 should_redirect: user_authenticated=True, status=200, location=, result=False, path=/business/api/archive-stats/
[INFO] 2026-06-03 14:55:53,504 middleware 1440123 139700502185664 should_redirect: user_authenticated=True, status=200, location=, result=False, path=/business/api/archive-stats/
[INFO] 2026-06-03 14:55:55,844 middleware 1440123 139700502185664 should_redirect: user_authenticated=True, status=200, location=, result=False, path=/business/api/archive-stats/
[INFO] 2026-06-03 14:55:56,654 middleware 1440123 139700502185664 should_redirect: user_authenticated=True, status=200, location=, result=False, path=/business/api/archive-stats/
[INFO] 2026-06-03 14:55:57,681 middleware 1440123 139700502185664 should_redirect: user_authenticated=True, status=200, location=, result=False, path=/business/api/archive-stats/
[INFO] 2026-06-03 14:55:59,682 middleware 1440123 139700502185664 should_redirect: user_authenticated=True, status=200, location=, result=False, path=/business/api/archive-stats/
[INFO] 2026-06-03 14:56:01,696 middleware 1440123 139700502185664 should_redirect: user_authenticated=True, status=200, location=, result=False, path=/business/api/archive-stats/
[INFO] 2026-06-03 14:56:02,487 middleware 1440123 139700502185664 should_redirect: user_authenticated=True, status=200, location=, result=False, path=/business/api/archive-stats/
[INFO] 2026-06-03 14:56:03,284 middleware 1440123 139700502185664 should_redirect: user_authenticated=True, status=200, location=, result=False, path=/business/api/archive-stats/
[INFO] 2026-06-03 14:56:03,919 middleware 1440123 139700502185664 should_redirect: user_authenticated=True, status=200, location=, result=False, path=/business/api/archive-stats/
[INFO] 2026-06-03 14:56:04,652 middleware 1440123 139700502185664 should_redirect: user_authenticated=True, status=200, location=, result=False, path=/business/api/archive-stats/
[INFO] 2026-06-03 14:56:05,190 middleware 1440123 139700502185664 should_redirect: user_authenticated=True, status=200, location=, result=False, path=/business/api/archive-stats/
[INFO] 2026-06-03 14:56:06,788 middleware 1440123 139700502185664 should_redirect: user_authenticated=True, status=200, location=, result=False, path=/business/api/archive-stats/
[INFO] 2026-06-03 14:56:07,599 middleware 1440123 139700502185664 should_redirect: user_authenticated=True, status=200, location=, result=False, path=/business/api/archive-stats/
[INFO] 2026-06-03 14:56:08,860 middleware 1440123 139700502185664 should_redirect: user_authenticated=True, status=200, location=, result=False, path=/business/api/archive-stats/
[INFO] 2026-06-03 14:56:18,115 middleware 1440123 139700502185664 should_redirect: user_authenticated=True, status=200, location=, result=False, path=/business/api/archive-stats/detail/
[INFO] 2026-06-03 14:56:54,981 middleware 1440123 139700502185664 should_redirect: user_authenticated=True, status=200, location=, result=False, path=/business/api/archive-stats/
[INFO] 2026-06-03 14:56:56,135 middleware 1440123 139700502185664 should_redirect: user_authenticated=True, status=200, location=, result=False, path=/business/api/archive-stats/
[INFO] 2026-06-03 14:59:05,640 middleware 1440884 139744164492992 should_redirect: user_authenticated=True, status=200, location=, result=False, path=/business/archive-stats/
[INFO] 2026-06-03 14:59:05,808 middleware 1440884 139744164492992 should_redirect: user_authenticated=True, status=200, location=, result=False, path=/business/api/archive-stats/
[INFO] 2026-06-03 14:59:05,840 middleware 1440884 139744164492992 should_redirect: user_authenticated=True, status=200, location=, result=False, path=/business/api/archive-stats/
[INFO] 2026-06-03 14:59:05,889 middleware 1440884 139744164492992 should_redirect: user_authenticated=True, status=200, location=, result=False, path=/business/api/archive-stats/
[INFO] 2026-06-03 14:59:05,917 middleware 1440884 139744164492992 should_redirect: user_authenticated=True, status=200, location=, result=False, path=/business/api/archive-stats/
[INFO] 2026-06-03 14:59:05,966 middleware 1440884 139744164492992 should_redirect: user_authenticated=True, status=200, location=, result=False, path=/business/api/archive-stats/
[INFO] 2026-06-03 14:59:06,060 middleware 1440884 139744164492992 should_redirect: user_authenticated=True, status=200, location=, result=False, path=/business/api/archive-stats/
[INFO] 2026-06-03 14:59:06,117 middleware 1440884 139744164492992 should_redirect: user_authenticated=True, status=200, location=, result=False, path=/business/api/archive-stats/
[INFO] 2026-06-03 14:59:06,150 middleware 1440884 139744164492992 should_redirect: user_authenticated=True, status=200, location=, result=False, path=/business/api/archive-stats/
[INFO] 2026-06-03 14:59:06,195 middleware 1440884 139744164492992 should_redirect: user_authenticated=True, status=200, location=, result=False, path=/business/api/archive-stats/
[INFO] 2026-06-03 14:59:06,228 middleware 1440884 139744164492992 should_redirect: user_authenticated=True, status=200, location=, result=False, path=/business/api/archive-stats/
[INFO] 2026-06-03 14:59:16,494 middleware 1440884 139744164492992 should_redirect: user_authenticated=True, status=200, location=, result=False, path=/business/api/archive-stats/checked/
[INFO] 2026-06-03 14:59:19,918 middleware 1440884 139744151905984 should_redirect: user_authenticated=True, status=200, location=, result=False, path=/business/api/archive-stats/checked/
[INFO] 2026-06-03 14:59:22,313 middleware 1440884 139743941621440 should_redirect: user_authenticated=True, status=200, location=, result=False, path=/business/api/archive-stats/checked/
[INFO] 2026-06-03 14:59:23,978 middleware 1440884 139743933228736 should_redirect: user_authenticated=True, status=200, location=, result=False, path=/business/api/archive-stats/checked/
[INFO] 2026-06-03 14:59:25,576 middleware 1440884 139743924836032 should_redirect: user_authenticated=True, status=200, location=, result=False, path=/business/api/archive-stats/checked/
[INFO] 2026-06-03 14:59:26,558 middleware 1440884 139743916443328 should_redirect: user_authenticated=True, status=200, location=, result=False, path=/business/api/archive-stats/checked/
[INFO] 2026-06-03 14:59:33,463 middleware 1440884 139743941621440 should_redirect: user_authenticated=True, status=200, location=, result=False, path=/business/api/archive-stats/checked/
[INFO] 2026-06-03 15:00:22,193 middleware 1440884 139743941621440 should_redirect: user_authenticated=True, status=200, location=, result=False, path=/business/archive-stats/
[INFO] 2026-06-03 15:00:22,329 middleware 1440884 139743941621440 should_redirect: user_authenticated=True, status=200, location=, result=False, path=/business/api/archive-stats/
[INFO] 2026-06-03 15:00:22,378 middleware 1440884 139743941621440 should_redirect: user_authenticated=True, status=200, location=, result=False, path=/business/api/archive-stats/
[INFO] 2026-06-03 15:00:22,406 middleware 1440884 139743941621440 should_redirect: user_authenticated=True, status=200, location=, result=False, path=/business/api/archive-stats/
[INFO] 2026-06-03 15:00:22,455 middleware 1440884 139743941621440 should_redirect: user_authenticated=True, status=200, location=, result=False, path=/business/api/archive-stats/
[INFO] 2026-06-03 15:00:22,483 middleware 1440884 139743941621440 should_redirect: user_authenticated=True, status=200, location=, result=False, path=/business/api/archive-stats/
[INFO] 2026-06-03 15:00:22,533 middleware 1440884 139743941621440 should_redirect: user_authenticated=True, status=200, location=, result=False, path=/business/api/archive-stats/
[INFO] 2026-06-03 15:00:22,561 middleware 1440884 139743941621440 should_redirect: user_authenticated=True, status=200, location=, result=False, path=/business/api/archive-stats/
[INFO] 2026-06-03 15:00:22,598 middleware 1440884 139743941621440 should_redirect: user_authenticated=True, status=200, location=, result=False, path=/business/api/archive-stats/
[INFO] 2026-06-03 15:00:22,627 middleware 1440884 139743941621440 should_redirect: user_authenticated=True, status=200, location=, result=False, path=/business/api/archive-stats/
[INFO] 2026-06-03 15:00:22,665 middleware 1440884 139743941621440 should_redirect: user_authenticated=True, status=200, location=, result=False, path=/business/api/archive-stats/
[INFO] 2026-06-03 15:00:32,821 middleware 1440884 139743941621440 should_redirect: user_authenticated=True, status=200, location=, result=False, path=/business/api/archive-stats/checked/
[INFO] 2026-06-03 15:01:54,794 middleware 1441325 140540432864960 should_redirect: user_authenticated=True, status=200, location=, result=False, path=/business/archive-stats/
[INFO] 2026-06-03 15:01:55,033 middleware 1441325 140540432864960 should_redirect: user_authenticated=True, status=200, location=, result=False, path=/business/api/archive-stats/
[INFO] 2026-06-03 15:01:55,062 middleware 1441325 140540432864960 should_redirect: user_authenticated=True, status=200, location=, result=False, path=/business/api/archive-stats/
[INFO] 2026-06-03 15:01:55,113 middleware 1441325 140540432864960 should_redirect: user_authenticated=True, status=200, location=, result=False, path=/business/api/archive-stats/
[INFO] 2026-06-03 15:01:55,143 middleware 1441325 140540432864960 should_redirect: user_authenticated=True, status=200, location=, result=False, path=/business/api/archive-stats/
[INFO] 2026-06-03 15:01:55,201 middleware 1441325 140540432864960 should_redirect: user_authenticated=True, status=200, location=, result=False, path=/business/api/archive-stats/
[INFO] 2026-06-03 15:01:55,230 middleware 1441325 140540432864960 should_redirect: user_authenticated=True, status=200, location=, result=False, path=/business/api/archive-stats/
[INFO] 2026-06-03 15:01:55,278 middleware 1441325 140540432864960 should_redirect: user_authenticated=True, status=200, location=, result=False, path=/business/api/archive-stats/
[INFO] 2026-06-03 15:01:55,305 middleware 1441325 140540432864960 should_redirect: user_authenticated=True, status=200, location=, result=False, path=/business/api/archive-stats/
[INFO] 2026-06-03 15:01:55,341 middleware 1441325 140540432864960 should_redirect: user_authenticated=True, status=200, location=, result=False, path=/business/api/archive-stats/
[INFO] 2026-06-03 15:01:55,371 middleware 1441325 140540432864960 should_redirect: user_authenticated=True, status=200, location=, result=False, path=/business/api/archive-stats/
[INFO] 2026-06-03 15:01:58,318 middleware 1441325 140540420462272 should_redirect: user_authenticated=True, status=200, location=, result=False, path=/business/api/archive-stats/detail/
[INFO] 2026-06-03 15:02:05,529 middleware 1441325 140540432864960 should_redirect: user_authenticated=True, status=200, location=, result=False, path=/business/api/archive-stats/checked/
[INFO] 2026-06-03 15:02:22,683 middleware 1441325 140540432864960 should_redirect: user_authenticated=True, status=200, location=, result=False, path=/business/api/archive-stats/checked/
[INFO] 2026-06-03 15:02:31,693 middleware 1437510 140123815896896 should_redirect: user_authenticated=True, status=200, location=, result=False, path=/archives/person-basic/
[INFO] 2026-06-03 15:02:31,964 middleware 1437513 140123815896896 should_redirect: user_authenticated=True, status=200, location=, result=False, path=/archives/api/person-detail/
[INFO] 2026-06-03 15:02:34,299 middleware 1437508 140123815896896 should_redirect: user_authenticated=True, status=200, location=, result=False, path=/archives/person-supplement/
[INFO] 2026-06-03 15:02:34,418 middleware 1437506 140123815896896 should_redirect: user_authenticated=True, status=200, location=, result=False, path=/archives/api/supplement/
[INFO] 2026-06-03 15:02:34,919 middleware 1437506 140123815896896 should_redirect: user_authenticated=True, status=200, location=, result=False, path=/archives/person-family/
[INFO] 2026-06-03 15:02:35,015 middleware 1437506 140123815896896 should_redirect: user_authenticated=True, status=200, location=, result=False, path=/archives/api/family/
[INFO] 2026-06-03 15:03:17,014 middleware 1441325 140540432864960 should_redirect: user_authenticated=True, status=200, location=, result=False, path=/archives/person
[INFO] 2026-06-03 15:03:17,147 middleware 1441325 140540432864960 should_redirect: user_authenticated=True, status=200, location=, result=False, path=/components/person-panel-embed/
[INFO] 2026-06-03 15:03:17,189 middleware 1441325 140540432864960 should_redirect: user_authenticated=True, status=200, location=, result=False, path=/components/person-panel-embed/
[INFO] 2026-06-03 15:03:17,290 middleware 1441325 140540432864960 should_redirect: user_authenticated=True, status=200, location=, result=False, path=/components/tree/
[INFO] 2026-06-03 15:03:22,521 middleware 1441325 140540432864960 should_redirect: user_authenticated=True, status=200, location=, result=False, path=/components/person-search/
[INFO] 2026-06-03 15:03:28,388 middleware 1441325 140540432864960 should_redirect: user_authenticated=True, status=200, location=, result=False, path=/components/person-search/
[INFO] 2026-06-03 15:03:35,453 middleware 1441325 140540432864960 should_redirect: user_authenticated=True, status=200, location=, result=False, path=/components/person-search/
[INFO] 2026-06-03 15:03:37,451 middleware 1441325 140540432864960 should_redirect: user_authenticated=True, status=200, location=, result=False, path=/archives/person-basic/
[INFO] 2026-06-03 15:03:37,675 middleware 1441325 140540432864960 should_redirect: user_authenticated=True, status=200, location=, result=False, path=/archives/api/person-detail/
[INFO] 2026-06-03 15:03:42,248 middleware 1441325 140540432864960 should_redirect: user_authenticated=True, status=200, location=, result=False, path=/archives/person-cadre/
[INFO] 2026-06-03 15:03:42,381 middleware 1441325 140540432864960 should_redirect: user_authenticated=True, status=200, location=, result=False, path=/archives/api/cadre-list/
[INFO] 2026-06-03 15:03:43,703 middleware 1441325 140540432864960 should_redirect: user_authenticated=True, status=200, location=, result=False, path=/archives/api/cadre-detail/
[INFO] 2026-06-03 15:03:50,852 middleware 1441325 140540432864960 should_redirect: user_authenticated=True, status=200, location=, result=False, path=/archives/api/cadre-export/
[INFO] 2026-06-03 15:04:13,377 middleware 1441325 140540432864960 should_redirect: user_authenticated=True, status=200, location=, result=False, path=/archives/person-family/
[INFO] 2026-06-03 15:04:13,542 middleware 1441325 140540432864960 should_redirect: user_authenticated=True, status=200, location=, result=False, path=/archives/api/family/
[INFO] 2026-06-03 15:04:15,716 middleware 1441325 140540432864960 should_redirect: user_authenticated=True, status=200, location=, result=False, path=/archives/api/family/
[INFO] 2026-06-03 15:04:38,703 middleware 1441325 140540432864960 should_redirect: user_authenticated=True, status=200, location=, result=False, path=/archives/person-audit/
[INFO] 2026-06-03 15:04:38,887 middleware 1441325 140540432864960 should_redirect: user_authenticated=True, status=200, location=, result=False, path=/archives/api/audit/
[INFO] 2026-06-03 15:04:47,798 middleware 1441325 140540432864960 should_redirect: user_authenticated=True, status=200, location=, result=False, path=/archives/person-position/
[INFO] 2026-06-03 15:04:47,912 middleware 1441325 140540432864960 should_redirect: user_authenticated=True, status=200, location=, result=False, path=/archives/api/position/
[INFO] 2026-06-03 15:04:48,989 middleware 1441325 140540432864960 should_redirect: user_authenticated=True, status=200, location=, result=False, path=/archives/person-salary/
[INFO] 2026-06-03 15:04:49,460 middleware 1441325 140540432864960 should_redirect: user_authenticated=True, status=200, location=, result=False, path=/archives/api/salary/
[INFO] 2026-06-03 15:04:52,172 middleware 1441325 140540432864960 should_redirect: user_authenticated=True, status=200, location=, result=False, path=/archives/person-directory/
[INFO] 2026-06-03 15:04:52,315 middleware 1441325 140540432864960 should_redirect: user_authenticated=True, status=200, location=, result=False, path=/archives/api/directory-tree/
[INFO] 2026-06-03 15:05:02,094 middleware 1441325 140540432864960 should_redirect: user_authenticated=True, status=200, location=, result=False, path=/archives/api/directory-print-pdf/
[INFO] 2026-06-03 15:05:02,198 middleware 1441325 140540432864960 should_redirect: user_authenticated=True, status=404, location=, result=False, path=/favicon.ico
[INFO] 2026-06-03 15:05:18,591 middleware 1441325 140540432864960 should_redirect: user_authenticated=True, status=200, location=, result=False, path=/archives/api/directory-list/
[INFO] 2026-06-03 15:05:19,175 middleware 1441325 140540432864960 should_redirect: user_authenticated=True, status=200, location=, result=False, path=/archives/api/directory-list/
[INFO] 2026-06-03 15:05:43,776 middleware 1441325 140540432864960 should_redirect: user_authenticated=True, status=200, location=, result=False, path=/archives/api/directory-save/
[INFO] 2026-06-03 15:05:43,863 middleware 1441325 140540432864960 should_redirect: user_authenticated=True, status=200, location=, result=False, path=/archives/api/directory-list/
[INFO] 2026-06-03 15:05:49,060 middleware 1441325 140540432864960 should_redirect: user_authenticated=True, status=200, location=, result=False, path=/archives/api/directory-print-pdf/
[INFO] 2026-06-03 15:07:00,729 middleware 1437509 140123815896896 should_redirect: user_authenticated=True, status=200, location=, result=False, path=/business/archive-stats/
[INFO] 2026-06-03 15:07:00,992 middleware 1437511 140123815896896 should_redirect: user_authenticated=True, status=200, location=, result=False, path=/business/api/archive-stats/
[INFO] 2026-06-03 15:07:07,869 middleware 1437506 140123815896896 should_redirect: user_authenticated=True, status=200, location=, result=False, path=/archives/person
[INFO] 2026-06-03 15:07:07,946 middleware 1437508 140123815896896 should_redirect: user_authenticated=True, status=200, location=, result=False, path=/components/person-panel-embed/
[INFO] 2026-06-03 15:07:08,001 middleware 1437511 140123815896896 should_redirect: user_authenticated=True, status=200, location=, result=False, path=/components/person-panel-embed/
[INFO] 2026-06-03 15:07:08,067 middleware 1437511 140123815896896 should_redirect: user_authenticated=True, status=200, location=, result=False, path=/components/tree/
[INFO] 2026-06-03 15:07:24,369 middleware 1437507 140123815896896 should_redirect: user_authenticated=True, status=200, location=, result=False, path=/components/person-search/
[INFO] 2026-06-03 15:07:26,573 middleware 1437506 140123815896896 should_redirect: user_authenticated=True, status=200, location=, result=False, path=/archives/person-basic/
[INFO] 2026-06-03 15:07:26,803 middleware 1437506 140123815896896 should_redirect: user_authenticated=True, status=200, location=, result=False, path=/archives/api/person-detail/
[INFO] 2026-06-03 15:07:31,285 middleware 1437513 140123815896896 should_redirect: user_authenticated=True, status=200, location=, result=False, path=/archives/person-directory/
[INFO] 2026-06-03 15:07:31,394 middleware 1437513 140123815896896 should_redirect: user_authenticated=True, status=200, location=, result=False, path=/archives/api/directory-tree/
[INFO] 2026-06-03 15:07:34,408 middleware 1437510 140123815896896 should_redirect: user_authenticated=True, status=200, location=, result=False, path=/archives/api/directory-list/
[INFO] 2026-06-03 15:07:35,607 middleware 1437513 140123815896896 should_redirect: user_authenticated=True, status=200, location=, result=False, path=/archives/api/directory-list/
[INFO] 2026-06-03 15:09:17,422 middleware 1437511 140123815896896 should_redirect: user_authenticated=True, status=200, location=, result=False, path=/archives/api/directory-save/
[INFO] 2026-06-03 15:09:18,482 middleware 1437509 140123815896896 should_redirect: user_authenticated=True, status=200, location=, result=False, path=/archives/api/directory-save/
[INFO] 2026-06-03 15:09:18,534 middleware 1437509 140123815896896 should_redirect: user_authenticated=True, status=200, location=, result=False, path=/archives/api/directory-list/
[INFO] 2026-06-03 15:09:20,602 middleware 1437507 140123815896896 should_redirect: user_authenticated=True, status=200, location=, result=False, path=/archives/api/directory-save/
[INFO] 2026-06-03 15:09:20,673 middleware 1437508 140123815896896 should_redirect: user_authenticated=True, status=200, location=, result=False, path=/archives/api/directory-list/
[INFO] 2026-06-03 15:09:24,536 middleware 1437512 140123815896896 should_redirect: user_authenticated=True, status=200, location=, result=False, path=/archives/person-audit/
[INFO] 2026-06-03 15:09:24,727 middleware 1437512 140123815896896 should_redirect: user_authenticated=True, status=200, location=, result=False, path=/archives/api/audit/
[INFO] 2026-06-03 15:09:26,945 middleware 1437506 140123815896896 should_redirect: user_authenticated=True, status=200, location=, result=False, path=/archives/api/audit-proof-check/
[INFO] 2026-06-03 15:11:19,844 middleware 1437506 140123815896896 should_redirect: user_authenticated=True, status=200, location=, result=False, path=/archives/person-family/
[INFO] 2026-06-03 15:11:19,966 middleware 1437506 140123815896896 should_redirect: user_authenticated=True, status=200, location=, result=False, path=/archives/api/family/
[INFO] 2026-06-03 15:11:20,902 middleware 1437507 140123815896896 should_redirect: user_authenticated=True, status=200, location=, result=False, path=/archives/person-cadre/
[INFO] 2026-06-03 15:11:21,037 middleware 1437513 140123815896896 should_redirect: user_authenticated=True, status=200, location=, result=False, path=/archives/api/cadre-list/
[INFO] 2026-06-03 15:11:21,744 middleware 1437509 140123815896896 should_redirect: user_authenticated=True, status=200, location=, result=False, path=/archives/person-directory/
[INFO] 2026-06-03 15:11:21,866 middleware 1437511 140123815896896 should_redirect: user_authenticated=True, status=200, location=, result=False, path=/archives/api/directory-tree/
[INFO] 2026-06-03 15:11:24,467 middleware 1437507 140123815896896 should_redirect: user_authenticated=True, status=200, location=, result=False, path=/archives/api/directory-list/
[INFO] 2026-06-03 15:11:25,867 middleware 1437506 140123815896896 should_redirect: user_authenticated=True, status=200, location=, result=False, path=/archives/api/directory-list/
[INFO] 2026-06-03 15:17:28,267 middleware 1437506 140123815896896 should_redirect: user_authenticated=True, status=200, location=, result=False, path=/business/archive-stats/
[INFO] 2026-06-03 15:17:28,527 middleware 1437506 140123815896896 should_redirect: user_authenticated=True, status=200, location=, result=False, path=/business/api/archive-stats/
[INFO] 2026-06-03 15:17:39,776 middleware 1441325 140540432864960 should_redirect: user_authenticated=True, status=200, location=, result=False, path=/business/archive-stats/
[INFO] 2026-06-03 15:17:39,996 middleware 1441325 140540432864960 should_redirect: user_authenticated=True, status=200, location=, result=False, path=/business/api/archive-stats/
[INFO] 2026-06-03 15:17:40,023 middleware 1441325 140540432864960 should_redirect: user_authenticated=True, status=200, location=, result=False, path=/business/api/archive-stats/
[INFO] 2026-06-03 15:17:40,072 middleware 1441325 140540432864960 should_redirect: user_authenticated=True, status=200, location=, result=False, path=/business/api/archive-stats/
[INFO] 2026-06-03 15:17:40,100 middleware 1441325 140540432864960 should_redirect: user_authenticated=True, status=200, location=, result=False, path=/business/api/archive-stats/
[INFO] 2026-06-03 15:17:40,146 middleware 1441325 140540432864960 should_redirect: user_authenticated=True, status=200, location=, result=False, path=/business/api/archive-stats/
[INFO] 2026-06-03 15:17:40,172 middleware 1441325 140540432864960 should_redirect: user_authenticated=True, status=200, location=, result=False, path=/business/api/archive-stats/
[INFO] 2026-06-03 15:17:40,219 middleware 1441325 140540432864960 should_redirect: user_authenticated=True, status=200, location=, result=False, path=/business/api/archive-stats/
[INFO] 2026-06-03 15:17:40,246 middleware 1441325 140540432864960 should_redirect: user_authenticated=True, status=200, location=, result=False, path=/business/api/archive-stats/
[INFO] 2026-06-03 15:17:40,281 middleware 1441325 140540432864960 should_redirect: user_authenticated=True, status=200, location=, result=False, path=/business/api/archive-stats/
[INFO] 2026-06-03 15:17:40,314 middleware 1441325 140540432864960 should_redirect: user_authenticated=True, status=200, location=, result=False, path=/business/api/archive-stats/
[INFO] 2026-06-03 15:17:42,299 middleware 1441325 140540403492544 should_redirect: user_authenticated=True, status=200, location=, result=False, path=/business/api/archive-stats/
[INFO] 2026-06-03 15:17:44,898 middleware 1441325 140540403492544 should_redirect: user_authenticated=True, status=200, location=, result=False, path=/business/api/archive-stats/
[INFO] 2026-06-03 15:17:50,451 middleware 1441325 140540432864960 should_redirect: user_authenticated=True, status=200, location=, result=False, path=/business/api/archive-stats/checked/
[INFO] 2026-06-03 15:18:11,507 middleware 1441325 140540432864960 should_redirect: user_authenticated=True, status=200, location=, result=False, path=/business/api/archive-stats/checked/
[INFO] 2026-06-03 15:18:13,058 middleware 1441325 140540403492544 should_redirect: user_authenticated=True, status=200, location=, result=False, path=/business/api/archive-stats/checked/
[INFO] 2026-06-03 15:19:14,723 middleware 1441325 140540403492544 should_redirect: user_authenticated=True, status=200, location=, result=False, path=/business/archive-stats/
[INFO] 2026-06-03 15:19:14,892 middleware 1441325 140540403492544 should_redirect: user_authenticated=True, status=200, location=, result=False, path=/business/api/archive-stats/
[INFO] 2026-06-03 15:19:14,919 middleware 1441325 140540403492544 should_redirect: user_authenticated=True, status=200, location=, result=False, path=/business/api/archive-stats/
[INFO] 2026-06-03 15:19:14,964 middleware 1441325 140540403492544 should_redirect: user_authenticated=True, status=200, location=, result=False, path=/business/api/archive-stats/
[INFO] 2026-06-03 15:19:14,992 middleware 1441325 140540403492544 should_redirect: user_authenticated=True, status=200, location=, result=False, path=/business/api/archive-stats/
[INFO] 2026-06-03 15:19:15,027 middleware 1441325 140540403492544 should_redirect: user_authenticated=True, status=200, location=, result=False, path=/business/api/archive-stats/
[INFO] 2026-06-03 15:19:15,053 middleware 1441325 140540403492544 should_redirect: user_authenticated=True, status=200, location=, result=False, path=/business/api/archive-stats/
[INFO] 2026-06-03 15:19:15,104 middleware 1441325 140540403492544 should_redirect: user_authenticated=True, status=200, location=, result=False, path=/business/api/archive-stats/
[INFO] 2026-06-03 15:19:15,138 middleware 1441325 140540403492544 should_redirect: user_authenticated=True, status=200, location=, result=False, path=/business/api/archive-stats/
[INFO] 2026-06-03 15:19:15,177 middleware 1441325 140540403492544 should_redirect: user_authenticated=True, status=200, location=, result=False, path=/business/api/archive-stats/
[INFO] 2026-06-03 15:19:15,209 middleware 1441325 140540403492544 should_redirect: user_authenticated=True, status=200, location=, result=False, path=/business/api/archive-stats/
[INFO] 2026-06-03 15:19:16,649 middleware 1441325 140540432864960 should_redirect: user_authenticated=True, status=200, location=, result=False, path=/business/api/archive-stats/checked/
[INFO] 2026-06-03 15:19:25,354 middleware 1441325 140540403492544 should_redirect: user_authenticated=True, status=200, location=, result=False, path=/business/api/archive-stats/checked/
[INFO] 2026-06-03 15:19:33,018 middleware 1441325 140540403492544 should_redirect: user_authenticated=True, status=200, location=, result=False, path=/business/api/archive-stats/checked/
[INFO] 2026-06-03 15:25:51,562 middleware 1442376 140522019108544 should_redirect: user_authenticated=True, status=200, location=, result=False, path=/business/archive-stats/
[INFO] 2026-06-03 15:25:51,820 middleware 1442376 140522019108544 should_redirect: user_authenticated=True, status=200, location=, result=False, path=/business/api/archive-stats/
[INFO] 2026-06-03 15:25:51,839 middleware 1442376 140522019108544 should_redirect: user_authenticated=True, status=200, location=, result=False, path=/business/api/archive-stats/
[INFO] 2026-06-03 15:25:51,877 middleware 1442376 140522019108544 should_redirect: user_authenticated=True, status=200, location=, result=False, path=/business/api/archive-stats/
[INFO] 2026-06-03 15:25:51,906 middleware 1442376 140522019108544 should_redirect: user_authenticated=True, status=200, location=, result=False, path=/business/api/archive-stats/
[INFO] 2026-06-03 15:25:51,943 middleware 1442376 140522019108544 should_redirect: user_authenticated=True, status=200, location=, result=False, path=/business/api/archive-stats/
[INFO] 2026-06-03 15:25:51,970 middleware 1442376 140522019108544 should_redirect: user_authenticated=True, status=200, location=, result=False, path=/business/api/archive-stats/
[INFO] 2026-06-03 15:25:52,007 middleware 1442376 140522019108544 should_redirect: user_authenticated=True, status=200, location=, result=False, path=/business/api/archive-stats/
[INFO] 2026-06-03 15:25:52,036 middleware 1442376 140522019108544 should_redirect: user_authenticated=True, status=200, location=, result=False, path=/business/api/archive-stats/
[INFO] 2026-06-03 15:25:52,083 middleware 1442376 140522019108544 should_redirect: user_authenticated=True, status=200, location=, result=False, path=/business/api/archive-stats/
[INFO] 2026-06-03 15:25:52,112 middleware 1442376 140522019108544 should_redirect: user_authenticated=True, status=200, location=, result=False, path=/business/api/archive-stats/
[INFO] 2026-06-03 15:26:02,387 middleware 1442376 140522019108544 should_redirect: user_authenticated=True, status=200, location=, result=False, path=/business/api/archive-stats/checked/
[INFO] 2026-06-03 15:26:04,199 middleware 1442376 140522019108544 should_redirect: user_authenticated=True, status=200, location=, result=False, path=/business/api/archive-stats/checked/
[INFO] 2026-06-03 15:26:04,358 middleware 1442376 140521934681792 should_redirect: user_authenticated=True, status=200, location=, result=False, path=/business/api/archive-stats/checked/
[INFO] 2026-06-03 15:30:05,270 middleware 1442788 140324768540352 should_redirect: user_authenticated=True, status=200, location=, result=False, path=/business/archive-stats/
[INFO] 2026-06-03 15:30:05,486 middleware 1442788 140324768540352 should_redirect: user_authenticated=True, status=200, location=, result=False, path=/business/api/archive-stats/
[INFO] 2026-06-03 15:30:05,533 middleware 1442788 140324768540352 should_redirect: user_authenticated=True, status=200, location=, result=False, path=/business/api/archive-stats/
[INFO] 2026-06-03 15:30:05,551 middleware 1442788 140324768540352 should_redirect: user_authenticated=True, status=200, location=, result=False, path=/business/api/archive-stats/
[INFO] 2026-06-03 15:30:05,589 middleware 1442788 140324768540352 should_redirect: user_authenticated=True, status=200, location=, result=False, path=/business/api/archive-stats/
[INFO] 2026-06-03 15:30:05,617 middleware 1442788 140324768540352 should_redirect: user_authenticated=True, status=200, location=, result=False, path=/business/api/archive-stats/
[INFO] 2026-06-03 15:30:05,664 middleware 1442788 140324768540352 should_redirect: user_authenticated=True, status=200, location=, result=False, path=/business/api/archive-stats/
[INFO] 2026-06-03 15:30:05,693 middleware 1442788 140324768540352 should_redirect: user_authenticated=True, status=200, location=, result=False, path=/business/api/archive-stats/
[INFO] 2026-06-03 15:30:05,731 middleware 1442788 140324768540352 should_redirect: user_authenticated=True, status=200, location=, result=False, path=/business/api/archive-stats/
[INFO] 2026-06-03 15:30:05,760 middleware 1442788 140324768540352 should_redirect: user_authenticated=True, status=200, location=, result=False, path=/business/api/archive-stats/
[INFO] 2026-06-03 15:30:05,817 middleware 1442788 140324768540352 should_redirect: user_authenticated=True, status=200, location=, result=False, path=/business/api/archive-stats/
[INFO] 2026-06-03 15:30:06,178 middleware 1442788 140324768540352 should_redirect: user_authenticated=True, status=200, location=, result=False, path=/business/api/archive-stats/checked/
[INFO] 2026-06-03 15:30:14,172 middleware 1442788 140324768540352 should_redirect: user_authenticated=True, status=200, location=, result=False, path=/business/api/archive-stats/checked/
[INFO] 2026-06-03 15:32:26,609 middleware 1442996 140347281036992 should_redirect: user_authenticated=True, status=200, location=, result=False, path=/business/archive-stats/
[INFO] 2026-06-03 15:32:26,799 middleware 1442996 140347281036992 should_redirect: user_authenticated=True, status=200, location=, result=False, path=/business/api/archive-stats/
[INFO] 2026-06-03 15:32:26,847 middleware 1442996 140347281036992 should_redirect: user_authenticated=True, status=200, location=, result=False, path=/business/api/archive-stats/
[INFO] 2026-06-03 15:32:26,870 middleware 1442996 140347281036992 should_redirect: user_authenticated=True, status=200, location=, result=False, path=/business/api/archive-stats/
[INFO] 2026-06-03 15:32:26,918 middleware 1442996 140347281036992 should_redirect: user_authenticated=True, status=200, location=, result=False, path=/business/api/archive-stats/
[INFO] 2026-06-03 15:32:26,947 middleware 1442996 140347281036992 should_redirect: user_authenticated=True, status=200, location=, result=False, path=/business/api/archive-stats/
[INFO] 2026-06-03 15:32:26,984 middleware 1442996 140347281036992 should_redirect: user_authenticated=True, status=200, location=, result=False, path=/business/api/archive-stats/
[INFO] 2026-06-03 15:32:27,012 middleware 1442996 140347281036992 should_redirect: user_authenticated=True, status=200, location=, result=False, path=/business/api/archive-stats/
[INFO] 2026-06-03 15:32:27,059 middleware 1442996 140347281036992 should_redirect: user_authenticated=True, status=200, location=, result=False, path=/business/api/archive-stats/
[INFO] 2026-06-03 15:32:27,088 middleware 1442996 140347281036992 should_redirect: user_authenticated=True, status=200, location=, result=False, path=/business/api/archive-stats/
[INFO] 2026-06-03 15:32:27,129 middleware 1442996 140347281036992 should_redirect: user_authenticated=True, status=200, location=, result=False, path=/business/api/archive-stats/
[INFO] 2026-06-03 15:32:27,348 middleware 1442996 140347281036992 should_redirect: user_authenticated=True, status=200, location=, result=False, path=/business/api/archive-stats/checked/
[INFO] 2026-06-03 15:32:33,341 middleware 1442996 140347281036992 should_redirect: user_authenticated=True, status=200, location=, result=False, path=/business/api/archive-stats/checked/
[INFO] 2026-06-03 15:32:36,006 middleware 1442996 140347281036992 should_redirect: user_authenticated=True, status=200, location=, result=False, path=/business/api/archive-stats/checked/
[INFO] 2026-06-03 15:36:19,395 backends 1437513 140123815896896 档案用户登录成功: YHBH=4, YHMC=章玲玲
[INFO] 2026-06-03 15:36:19,431 auth 1437513 140123815896896 用户 章玲玲 登录成功
[INFO] 2026-06-03 15:36:19,444 middleware 1437513 140123815896896 should_redirect: user_authenticated=True, status=200, location=, result=False, path=/
[INFO] 2026-06-03 15:36:19,480 middleware 1437513 140123815896896 should_redirect: user_authenticated=True, status=200, location=, result=False, path=/
[INFO] 2026-06-03 15:36:19,633 middleware 1437507 140123815896896 should_redirect: user_authenticated=True, status=200, location=, result=False, path=/welcome/
[INFO] 2026-06-03 15:36:19,802 middleware 1437506 140123815896896 should_redirect: user_authenticated=True, status=200, location=, result=False, path=/menus/
[INFO] 2026-06-03 15:36:24,522 middleware 1437506 140123815896896 should_redirect: user_authenticated=True, status=200, location=, result=False, path=/archives/person
[INFO] 2026-06-03 15:36:24,591 middleware 1437506 140123815896896 should_redirect: user_authenticated=True, status=200, location=, result=False, path=/components/person-panel-embed/
[INFO] 2026-06-03 15:36:24,683 middleware 1437506 140123815896896 should_redirect: user_authenticated=True, status=200, location=, result=False, path=/components/person-panel-embed/
[INFO] 2026-06-03 15:36:24,747 middleware 1437506 140123815896896 should_redirect: user_authenticated=True, status=200, location=, result=False, path=/components/tree/
[INFO] 2026-06-03 15:36:27,612 middleware 1437513 140123815896896 should_redirect: user_authenticated=True, status=200, location=, result=False, path=/archives/image/scan/
[INFO] 2026-06-03 15:36:27,693 middleware 1437511 140123815896896 should_redirect: user_authenticated=True, status=200, location=, result=False, path=/components/person-panel-embed/
[INFO] 2026-06-03 15:36:27,747 middleware 1437513 140123815896896 should_redirect: user_authenticated=True, status=200, location=, result=False, path=/components/person-panel-embed/
[INFO] 2026-06-03 15:36:27,751 middleware 1437508 140123815896896 should_redirect: user_authenticated=True, status=200, location=, result=False, path=/components/archive-tree-embed/
[INFO] 2026-06-03 15:36:27,854 middleware 1437508 140123815896896 should_redirect: user_authenticated=True, status=200, location=, result=False, path=/components/tree/
[INFO] 2026-06-03 15:36:42,903 middleware 1437511 140123815896896 should_redirect: user_authenticated=True, status=200, location=, result=False, path=/components/person-search/
[INFO] 2026-06-03 15:36:43,762 middleware 1437506 140123815896896 should_redirect: user_authenticated=True, status=200, location=, result=False, path=/components/archive-tree-embed/
[INFO] 2026-06-03 15:36:43,845 middleware 1437507 140123815896896 should_redirect: user_authenticated=True, status=200, location=, result=False, path=/components/archive-tree/
[INFO] 2026-06-03 15:36:44,008 middleware 1437511 140123815896896 should_redirect: user_authenticated=True, status=200, location=, result=False, path=/components/scan-stats/
[INFO] 2026-06-03 15:36:45,918 middleware 1437511 140123815896896 should_redirect: user_authenticated=True, status=200, location=, result=False, path=/components/archive-tree/
[INFO] 2026-06-03 15:36:48,385 middleware 1437512 140123815896896 should_redirect: user_authenticated=True, status=200, location=, result=False, path=/archives/image/api/scan-check/
[INFO] 2026-06-03 15:36:49,644 middleware 1437509 140123815896896 should_redirect: user_authenticated=True, status=200, location=, result=False, path=/archives/image/api/scan-generate-pdf/
[INFO] 2026-06-03 15:36:49,660 middleware 1437509 140123815896896 should_redirect: user_authenticated=True, status=200, location=, result=False, path=/archives/image/api/scan-pdf/
[INFO] 2026-06-03 15:36:56,472 middleware 1437510 140123815896896 should_redirect: user_authenticated=True, status=200, location=, result=False, path=/components/archive-tree/
[INFO] 2026-06-03 15:36:59,374 middleware 1437506 140123815896896 should_redirect: user_authenticated=True, status=200, location=, result=False, path=/archives/image/api/scan-check/
[INFO] 2026-06-03 15:37:00,740 middleware 1437510 140123815896896 should_redirect: user_authenticated=True, status=200, location=, result=False, path=/archives/image/api/scan-generate-pdf/
[INFO] 2026-06-03 15:37:00,751 middleware 1437510 140123815896896 should_redirect: user_authenticated=True, status=200, location=, result=False, path=/archives/image/api/scan-pdf/
[INFO] 2026-06-03 15:37:19,883 middleware 1437513 140123815896896 should_redirect: user_authenticated=True, status=200, location=, result=False, path=/components/archive-tree/
[INFO] 2026-06-03 15:37:21,591 middleware 1437510 140123815896896 should_redirect: user_authenticated=True, status=200, location=, result=False, path=/archives/image/api/scan-check/
[INFO] 2026-06-03 15:37:23,985 middleware 1437510 140123815896896 should_redirect: user_authenticated=True, status=200, location=, result=False, path=/archives/image/api/scan-generate-pdf/
[INFO] 2026-06-03 15:37:23,996 middleware 1437510 140123815896896 should_redirect: user_authenticated=True, status=200, location=, result=False, path=/archives/image/api/scan-pdf/
[INFO] 2026-06-03 15:37:39,990 middleware 1437510 140123815896896 should_redirect: user_authenticated=True, status=200, location=, result=False, path=/archives/image/api/scan-check/
[INFO] 2026-06-03 15:37:41,420 middleware 1437510 140123815896896 should_redirect: user_authenticated=True, status=200, location=, result=False, path=/archives/image/api/scan-generate-pdf/
[INFO] 2026-06-03 15:37:41,431 middleware 1437510 140123815896896 should_redirect: user_authenticated=True, status=200, location=, result=False, path=/archives/image/api/scan-pdf/
[INFO] 2026-06-03 15:38:10,226 middleware 1437508 140123815896896 should_redirect: user_authenticated=True, status=200, location=, result=False, path=/components/person-search/
[INFO] 2026-06-03 15:38:11,051 middleware 1437506 140123815896896 should_redirect: user_authenticated=True, status=200, location=, result=False, path=/components/archive-tree-embed/
[INFO] 2026-06-03 15:38:11,114 middleware 1437506 140123815896896 should_redirect: user_authenticated=True, status=200, location=, result=False, path=/components/archive-tree/
[INFO] 2026-06-03 15:38:11,186 middleware 1437508 140123815896896 should_redirect: user_authenticated=True, status=200, location=, result=False, path=/components/scan-stats/
[INFO] 2026-06-03 15:38:12,810 middleware 1437511 140123815896896 should_redirect: user_authenticated=True, status=200, location=, result=False, path=/components/archive-tree/
[INFO] 2026-06-03 15:38:14,094 middleware 1437512 140123815896896 should_redirect: user_authenticated=True, status=200, location=, result=False, path=/archives/image/api/scan-check/
[INFO] 2026-06-03 15:38:15,436 middleware 1437506 140123815896896 should_redirect: user_authenticated=True, status=200, location=, result=False, path=/archives/image/api/scan-generate-pdf/
[INFO] 2026-06-03 15:38:15,446 middleware 1437506 140123815896896 should_redirect: user_authenticated=True, status=200, location=, result=False, path=/archives/image/api/scan-pdf/
[INFO] 2026-06-03 15:38:26,532 middleware 1437510 140123815896896 should_redirect: user_authenticated=True, status=200, location=, result=False, path=/components/archive-tree/
[INFO] 2026-06-03 15:38:27,969 middleware 1437510 140123815896896 should_redirect: user_authenticated=True, status=200, location=, result=False, path=/archives/image/api/scan-check/
[INFO] 2026-06-03 15:38:29,331 middleware 1437510 140123815896896 should_redirect: user_authenticated=True, status=200, location=, result=False, path=/archives/image/api/scan-generate-pdf/
[INFO] 2026-06-03 15:38:29,343 middleware 1437510 140123815896896 should_redirect: user_authenticated=True, status=200, location=, result=False, path=/archives/image/api/scan-pdf/
[INFO] 2026-06-03 15:38:45,599 middleware 1437510 140123815896896 should_redirect: user_authenticated=True, status=200, location=, result=False, path=/archives/image/api/scan-check/
[INFO] 2026-06-03 15:38:46,278 middleware 1437510 140123815896896 should_redirect: user_authenticated=True, status=200, location=, result=False, path=/archives/image/api/scan-generate-pdf/
[INFO] 2026-06-03 15:38:46,289 middleware 1437510 140123815896896 should_redirect: user_authenticated=True, status=200, location=, result=False, path=/archives/image/api/scan-pdf/
[INFO] 2026-06-03 15:38:52,775 middleware 1437506 140123815896896 should_redirect: user_authenticated=True, status=200, location=, result=False, path=/components/archive-tree/
[INFO] 2026-06-03 15:38:54,551 middleware 1437509 140123815896896 should_redirect: user_authenticated=True, status=200, location=, result=False, path=/archives/image/api/scan-check/
[INFO] 2026-06-03 15:38:56,673 middleware 1437508 140123815896896 should_redirect: user_authenticated=True, status=200, location=, result=False, path=/archives/image/api/scan-generate-pdf/
[INFO] 2026-06-03 15:38:56,683 middleware 1437508 140123815896896 should_redirect: user_authenticated=True, status=200, location=, result=False, path=/archives/image/api/scan-pdf/
[INFO] 2026-06-03 15:39:11,745 middleware 1437512 140123815896896 should_redirect: user_authenticated=True, status=200, location=, result=False, path=/archives/image/api/scan-check/
[INFO] 2026-06-03 15:39:12,470 middleware 1437512 140123815896896 should_redirect: user_authenticated=True, status=200, location=, result=False, path=/archives/image/api/scan-generate-pdf/
[INFO] 2026-06-03 15:39:12,480 middleware 1437512 140123815896896 should_redirect: user_authenticated=True, status=200, location=, result=False, path=/archives/image/api/scan-pdf/
[INFO] 2026-06-03 15:39:16,661 middleware 1437509 140123815896896 should_redirect: user_authenticated=True, status=200, location=, result=False, path=/archives/image/api/scan-check/
[INFO] 2026-06-03 15:39:17,217 middleware 1437509 140123815896896 should_redirect: user_authenticated=True, status=200, location=, result=False, path=/archives/image/api/scan-generate-pdf/
[INFO] 2026-06-03 15:39:17,235 middleware 1437509 140123815896896 should_redirect: user_authenticated=True, status=200, location=, result=False, path=/archives/image/api/scan-pdf/
[INFO] 2026-06-03 15:39:24,533 middleware 1437509 140123815896896 should_redirect: user_authenticated=True, status=200, location=, result=False, path=/archives/image/api/scan-check/
[INFO] 2026-06-03 15:39:25,978 middleware 1437509 140123815896896 should_redirect: user_authenticated=True, status=200, location=, result=False, path=/archives/image/api/scan-generate-pdf/
[INFO] 2026-06-03 15:39:25,990 middleware 1437509 140123815896896 should_redirect: user_authenticated=True, status=200, location=, result=False, path=/archives/image/api/scan-pdf/
[INFO] 2026-06-03 15:39:56,880 middleware 1437509 140123815896896 should_redirect: user_authenticated=True, status=200, location=, result=False, path=/components/person-search/
[INFO] 2026-06-03 15:39:57,490 middleware 1437507 140123815896896 should_redirect: user_authenticated=True, status=200, location=, result=False, path=/components/archive-tree-embed/
[INFO] 2026-06-03 15:39:57,590 middleware 1437513 140123815896896 should_redirect: user_authenticated=True, status=200, location=, result=False, path=/components/archive-tree/
[INFO] 2026-06-03 15:39:57,605 middleware 1437510 140123815896896 should_redirect: user_authenticated=True, status=200, location=, result=False, path=/components/scan-stats/
[INFO] 2026-06-03 15:40:00,384 middleware 1437509 140123815896896 should_redirect: user_authenticated=True, status=200, location=, result=False, path=/components/archive-tree/
[INFO] 2026-06-03 15:40:01,989 middleware 1437508 140123815896896 should_redirect: user_authenticated=True, status=200, location=, result=False, path=/archives/image/api/scan-check/
[INFO] 2026-06-03 15:40:03,788 middleware 1437508 140123815896896 should_redirect: user_authenticated=True, status=200, location=, result=False, path=/archives/image/api/scan-generate-pdf/
[INFO] 2026-06-03 15:40:03,794 middleware 1437508 140123815896896 should_redirect: user_authenticated=True, status=200, location=, result=False, path=/archives/image/api/scan-pdf/
[INFO] 2026-06-03 15:40:33,821 middleware 1437513 140123815896896 should_redirect: user_authenticated=True, status=200, location=, result=False, path=/components/archive-tree/
[INFO] 2026-06-03 15:40:35,041 middleware 1437509 140123815896896 should_redirect: user_authenticated=True, status=200, location=, result=False, path=/archives/image/api/scan-check/
[INFO] 2026-06-03 15:40:36,571 middleware 1437509 140123815896896 should_redirect: user_authenticated=True, status=200, location=, result=False, path=/archives/image/api/scan-generate-pdf/
[INFO] 2026-06-03 15:40:36,580 middleware 1437509 140123815896896 should_redirect: user_authenticated=True, status=200, location=, result=False, path=/archives/image/api/scan-pdf/
[INFO] 2026-06-03 15:40:53,435 middleware 1437511 140123815896896 should_redirect: user_authenticated=True, status=200, location=, result=False, path=/archives/image/api/scan-check/
[INFO] 2026-06-03 15:40:54,272 middleware 1437510 140123815896896 should_redirect: user_authenticated=True, status=200, location=, result=False, path=/archives/image/api/scan-generate-pdf/
[INFO] 2026-06-03 15:40:54,284 middleware 1437510 140123815896896 should_redirect: user_authenticated=True, status=200, location=, result=False, path=/archives/image/api/scan-pdf/
[INFO] 2026-06-03 15:41:11,489 middleware 1437508 140123815896896 should_redirect: user_authenticated=True, status=200, location=, result=False, path=/components/archive-tree/
[INFO] 2026-06-03 15:41:12,828 middleware 1437510 140123815896896 should_redirect: user_authenticated=True, status=200, location=, result=False, path=/archives/image/api/scan-check/
[INFO] 2026-06-03 15:41:15,649 middleware 1437510 140123815896896 should_redirect: user_authenticated=True, status=200, location=, result=False, path=/archives/image/api/scan-generate-pdf/
[INFO] 2026-06-03 15:41:15,661 middleware 1437510 140123815896896 should_redirect: user_authenticated=True, status=200, location=, result=False, path=/archives/image/api/scan-pdf/
[INFO] 2026-06-03 15:41:44,087 middleware 1437509 140123815896896 should_redirect: user_authenticated=True, status=200, location=, result=False, path=/components/person-search/
[INFO] 2026-06-03 15:41:44,952 middleware 1437507 140123815896896 should_redirect: user_authenticated=True, status=200, location=, result=False, path=/archives/person-basic/
[INFO] 2026-06-03 15:41:45,215 middleware 1437508 140123815896896 should_redirect: user_authenticated=True, status=200, location=, result=False, path=/archives/api/person-detail/
[INFO] 2026-06-03 15:42:04,052 middleware 1437512 140123815896896 should_redirect: user_authenticated=True, status=200, location=, result=False, path=/components/person-search/
[INFO] 2026-06-03 15:42:04,789 middleware 1437508 140123815896896 should_redirect: user_authenticated=True, status=200, location=, result=False, path=/components/archive-tree-embed/
[INFO] 2026-06-03 15:42:04,856 middleware 1437508 140123815896896 should_redirect: user_authenticated=True, status=200, location=, result=False, path=/components/archive-tree/
[INFO] 2026-06-03 15:42:04,959 middleware 1437511 140123815896896 should_redirect: user_authenticated=True, status=200, location=, result=False, path=/components/scan-stats/
[INFO] 2026-06-03 15:42:06,993 middleware 1437509 140123815896896 should_redirect: user_authenticated=True, status=200, location=, result=False, path=/components/archive-tree/
[INFO] 2026-06-03 15:42:08,302 middleware 1437508 140123815896896 should_redirect: user_authenticated=True, status=200, location=, result=False, path=/archives/image/api/scan-check/
[INFO] 2026-06-03 15:42:10,150 middleware 1437513 140123815896896 should_redirect: user_authenticated=True, status=200, location=, result=False, path=/archives/image/api/scan-generate-pdf/
[INFO] 2026-06-03 15:42:10,163 middleware 1437513 140123815896896 should_redirect: user_authenticated=True, status=200, location=, result=False, path=/archives/image/api/scan-pdf/
[INFO] 2026-06-03 15:42:11,577 middleware 1437511 140123815896896 should_redirect: user_authenticated=True, status=200, location=, result=False, path=/archives/image/api/scan-check/
[INFO] 2026-06-03 15:42:13,774 middleware 1437512 140123815896896 should_redirect: user_authenticated=True, status=200, location=, result=False, path=/archives/image/api/scan-generate-pdf/
[INFO] 2026-06-03 15:42:13,781 middleware 1437512 140123815896896 should_redirect: user_authenticated=True, status=200, location=, result=False, path=/archives/image/api/scan-pdf/
[INFO] 2026-06-03 15:42:26,140 middleware 1437508 140123815896896 should_redirect: user_authenticated=True, status=200, location=, result=False, path=/components/archive-tree/
[INFO] 2026-06-03 15:42:27,030 middleware 1437508 140123815896896 should_redirect: user_authenticated=True, status=200, location=, result=False, path=/archives/image/api/scan-check/
[INFO] 2026-06-03 15:42:28,987 middleware 1437509 140123815896896 should_redirect: user_authenticated=True, status=200, location=, result=False, path=/archives/image/api/scan-generate-pdf/
[INFO] 2026-06-03 15:42:28,999 middleware 1437509 140123815896896 should_redirect: user_authenticated=True, status=200, location=, result=False, path=/archives/image/api/scan-pdf/
[INFO] 2026-06-03 15:42:42,954 middleware 1437508 140123815896896 should_redirect: user_authenticated=True, status=200, location=, result=False, path=/archives/image/api/scan-check/
[INFO] 2026-06-03 15:42:43,909 middleware 1437508 140123815896896 should_redirect: user_authenticated=True, status=200, location=, result=False, path=/archives/image/api/scan-generate-pdf/
[INFO] 2026-06-03 15:42:43,916 middleware 1437508 140123815896896 should_redirect: user_authenticated=True, status=200, location=, result=False, path=/archives/image/api/scan-pdf/
[INFO] 2026-06-03 15:42:50,734 middleware 1437507 140123815896896 should_redirect: user_authenticated=True, status=200, location=, result=False, path=/components/archive-tree/
[INFO] 2026-06-03 15:42:52,141 middleware 1437509 140123815896896 should_redirect: user_authenticated=True, status=200, location=, result=False, path=/archives/image/api/scan-check/
[INFO] 2026-06-03 15:42:55,751 middleware 1437507 140123815896896 should_redirect: user_authenticated=True, status=200, location=, result=False, path=/archives/image/api/scan-generate-pdf/
[INFO] 2026-06-03 15:42:55,763 middleware 1437507 140123815896896 should_redirect: user_authenticated=True, status=200, location=, result=False, path=/archives/image/api/scan-pdf/
[INFO] 2026-06-03 15:43:23,001 middleware 1437509 140123815896896 should_redirect: user_authenticated=True, status=200, location=, result=False, path=/components/person-search/
[INFO] 2026-06-03 15:43:24,389 middleware 1437511 140123815896896 should_redirect: user_authenticated=True, status=200, location=, result=False, path=/components/person-search/
[INFO] 2026-06-03 15:43:35,844 middleware 1437511 140123815896896 should_redirect: user_authenticated=True, status=200, location=, result=False, path=/components/person-search/
[INFO] 2026-06-03 15:43:37,079 middleware 1437506 140123815896896 should_redirect: user_authenticated=True, status=200, location=, result=False, path=/components/archive-tree-embed/
[INFO] 2026-06-03 15:43:37,159 middleware 1437506 140123815896896 should_redirect: user_authenticated=True, status=200, location=, result=False, path=/components/archive-tree/
[INFO] 2026-06-03 15:43:37,242 middleware 1437513 140123815896896 should_redirect: user_authenticated=True, status=200, location=, result=False, path=/components/scan-stats/
[INFO] 2026-06-03 15:43:44,146 middleware 1437507 140123815896896 should_redirect: user_authenticated=True, status=200, location=, result=False, path=/components/archive-tree/
[INFO] 2026-06-03 15:43:48,775 middleware 1437511 140123815896896 should_redirect: user_authenticated=True, status=200, location=, result=False, path=/components/archive-tree/
[INFO] 2026-06-03 15:43:51,083 middleware 1443726 139774716200640 should_redirect: user_authenticated=True, status=200, location=, result=False, path=/business/archive-stats/
[INFO] 2026-06-03 15:43:51,243 middleware 1443726 139774716200640 should_redirect: user_authenticated=True, status=200, location=, result=False, path=/business/api/archive-stats/
[INFO] 2026-06-03 15:43:51,271 middleware 1443726 139774716200640 should_redirect: user_authenticated=True, status=200, location=, result=False, path=/business/api/archive-stats/
[INFO] 2026-06-03 15:43:51,306 middleware 1443726 139774716200640 should_redirect: user_authenticated=True, status=200, location=, result=False, path=/business/api/archive-stats/
[INFO] 2026-06-03 15:43:51,334 middleware 1443726 139774716200640 should_redirect: user_authenticated=True, status=200, location=, result=False, path=/business/api/archive-stats/
[INFO] 2026-06-03 15:43:51,381 middleware 1443726 139774716200640 should_redirect: user_authenticated=True, status=200, location=, result=False, path=/business/api/archive-stats/
[INFO] 2026-06-03 15:43:51,408 middleware 1443726 139774716200640 should_redirect: user_authenticated=True, status=200, location=, result=False, path=/business/api/archive-stats/
[INFO] 2026-06-03 15:43:51,444 middleware 1443726 139774716200640 should_redirect: user_authenticated=True, status=200, location=, result=False, path=/business/api/archive-stats/
[INFO] 2026-06-03 15:43:51,475 middleware 1443726 139774716200640 should_redirect: user_authenticated=True, status=200, location=, result=False, path=/business/api/archive-stats/
[INFO] 2026-06-03 15:43:51,508 middleware 1443726 139774716200640 should_redirect: user_authenticated=True, status=200, location=, result=False, path=/business/api/archive-stats/
[INFO] 2026-06-03 15:43:51,538 middleware 1443726 139774716200640 should_redirect: user_authenticated=True, status=200, location=, result=False, path=/business/api/archive-stats/
[INFO] 2026-06-03 15:43:51,581 middleware 1437512 140123815896896 should_redirect: user_authenticated=True, status=200, location=, result=False, path=/archives/image/api/scan-check/
[INFO] 2026-06-03 15:43:52,525 middleware 1443726 139774716200640 should_redirect: user_authenticated=True, status=200, location=, result=False, path=/business/api/archive-stats/checked/
[INFO] 2026-06-03 15:43:52,916 middleware 1437511 140123815896896 should_redirect: user_authenticated=True, status=200, location=, result=False, path=/archives/image/api/scan-generate-pdf/
[INFO] 2026-06-03 15:43:52,927 middleware 1437511 140123815896896 should_redirect: user_authenticated=True, status=200, location=, result=False, path=/archives/image/api/scan-pdf/
[INFO] 2026-06-03 15:44:00,858 middleware 1443726 139774716200640 should_redirect: user_authenticated=True, status=200, location=, result=False, path=/business/api/archive-stats/checked/
[INFO] 2026-06-03 15:44:01,682 middleware 1443726 139774716200640 should_redirect: user_authenticated=True, status=200, location=, result=False, path=/business/api/archive-stats/checked/
[INFO] 2026-06-03 15:44:10,098 middleware 1437512 140123815896896 should_redirect: user_authenticated=True, status=200, location=, result=False, path=/components/archive-tree/
[INFO] 2026-06-03 15:44:11,997 middleware 1437508 140123815896896 should_redirect: user_authenticated=True, status=200, location=, result=False, path=/archives/image/api/scan-check/
[INFO] 2026-06-03 15:44:13,330 middleware 1437508 140123815896896 should_redirect: user_authenticated=True, status=200, location=, result=False, path=/archives/image/api/scan-generate-pdf/
[INFO] 2026-06-03 15:44:13,348 middleware 1437508 140123815896896 should_redirect: user_authenticated=True, status=200, location=, result=False, path=/archives/image/api/scan-pdf/
[INFO] 2026-06-03 15:44:22,870 middleware 1437510 140123815896896 should_redirect: user_authenticated=True, status=200, location=, result=False, path=/components/archive-tree/
[INFO] 2026-06-03 15:44:24,537 middleware 1437513 140123815896896 should_redirect: user_authenticated=True, status=200, location=, result=False, path=/archives/image/api/scan-check/
[INFO] 2026-06-03 15:44:26,693 middleware 1437513 140123815896896 should_redirect: user_authenticated=True, status=200, location=, result=False, path=/archives/image/api/scan-generate-pdf/
[INFO] 2026-06-03 15:44:26,717 middleware 1437512 140123815896896 should_redirect: user_authenticated=True, status=200, location=, result=False, path=/archives/image/api/scan-pdf/
[INFO] 2026-06-03 15:44:56,773 middleware 1437507 140123815896896 should_redirect: user_authenticated=True, status=200, location=, result=False, path=/components/person-search/
[INFO] 2026-06-03 15:44:58,225 middleware 1437508 140123815896896 should_redirect: user_authenticated=True, status=200, location=, result=False, path=/components/archive-tree-embed/
[INFO] 2026-06-03 15:44:58,311 middleware 1437508 140123815896896 should_redirect: user_authenticated=True, status=200, location=, result=False, path=/components/archive-tree/
[INFO] 2026-06-03 15:44:58,398 middleware 1437507 140123815896896 should_redirect: user_authenticated=True, status=200, location=, result=False, path=/components/scan-stats/
[INFO] 2026-06-03 15:45:06,631 middleware 1437506 140123815896896 should_redirect: user_authenticated=True, status=200, location=, result=False, path=/components/archive-tree/
[INFO] 2026-06-03 15:45:09,172 middleware 1437506 140123815896896 should_redirect: user_authenticated=True, status=200, location=, result=False, path=/archives/image/api/scan-check/
[INFO] 2026-06-03 15:45:11,396 middleware 1437506 140123815896896 should_redirect: user_authenticated=True, status=200, location=, result=False, path=/archives/image/api/scan-generate-pdf/
[INFO] 2026-06-03 15:45:11,407 middleware 1437506 140123815896896 should_redirect: user_authenticated=True, status=200, location=, result=False, path=/archives/image/api/scan-pdf/
[INFO] 2026-06-03 15:45:25,815 middleware 1437509 140123815896896 should_redirect: user_authenticated=True, status=200, location=, result=False, path=/components/archive-tree/
[INFO] 2026-06-03 15:45:29,786 middleware 1437509 140123815896896 should_redirect: user_authenticated=True, status=200, location=, result=False, path=/archives/image/api/scan-check/
[INFO] 2026-06-03 15:45:31,181 middleware 1437506 140123815896896 should_redirect: user_authenticated=True, status=200, location=, result=False, path=/archives/image/api/scan-generate-pdf/
[INFO] 2026-06-03 15:45:31,192 middleware 1437506 140123815896896 should_redirect: user_authenticated=True, status=200, location=, result=False, path=/archives/image/api/scan-pdf/
[INFO] 2026-06-03 15:45:50,286 middleware 1437506 140123815896896 should_redirect: user_authenticated=True, status=200, location=, result=False, path=/components/archive-tree/
[INFO] 2026-06-03 15:45:52,590 middleware 1437506 140123815896896 should_redirect: user_authenticated=True, status=200, location=, result=False, path=/archives/image/api/scan-check/
[INFO] 2026-06-03 15:45:54,671 middleware 1437506 140123815896896 should_redirect: user_authenticated=True, status=200, location=, result=False, path=/archives/image/api/scan-generate-pdf/
[INFO] 2026-06-03 15:45:54,678 middleware 1437506 140123815896896 should_redirect: user_authenticated=True, status=200, location=, result=False, path=/archives/image/api/scan-pdf/
[INFO] 2026-06-03 15:46:06,642 middleware 1437510 140123815896896 should_redirect: user_authenticated=True, status=200, location=, result=False, path=/archives/image/api/scan-check/
[INFO] 2026-06-03 15:46:09,002 middleware 1437507 140123815896896 should_redirect: user_authenticated=True, status=200, location=, result=False, path=/archives/image/api/scan-generate-pdf/
[INFO] 2026-06-03 15:46:09,012 middleware 1437507 140123815896896 should_redirect: user_authenticated=True, status=200, location=, result=False, path=/archives/image/api/scan-pdf/
[INFO] 2026-06-03 15:46:29,879 middleware 1437512 140123815896896 should_redirect: user_authenticated=True, status=200, location=, result=False, path=/components/person-search/
[INFO] 2026-06-03 15:46:30,522 middleware 1437506 140123815896896 should_redirect: user_authenticated=True, status=200, location=, result=False, path=/components/archive-tree-embed/
[INFO] 2026-06-03 15:46:30,601 middleware 1437507 140123815896896 should_redirect: user_authenticated=True, status=200, location=, result=False, path=/components/archive-tree/
[INFO] 2026-06-03 15:46:30,699 middleware 1437512 140123815896896 should_redirect: user_authenticated=True, status=200, location=, result=False, path=/components/scan-stats/
[INFO] 2026-06-03 15:46:32,832 middleware 1437509 140123815896896 should_redirect: user_authenticated=True, status=200, location=, result=False, path=/components/archive-tree/
[INFO] 2026-06-03 15:46:35,311 middleware 1437508 140123815896896 should_redirect: user_authenticated=True, status=200, location=, result=False, path=/archives/image/api/scan-check/
[INFO] 2026-06-03 15:46:36,433 middleware 1437508 140123815896896 should_redirect: user_authenticated=True, status=200, location=, result=False, path=/archives/image/api/scan-generate-pdf/
[INFO] 2026-06-03 15:46:36,443 middleware 1437508 140123815896896 should_redirect: user_authenticated=True, status=200, location=, result=False, path=/archives/image/api/scan-pdf/
[INFO] 2026-06-03 15:46:43,840 middleware 1437507 140123815896896 should_redirect: user_authenticated=True, status=200, location=, result=False, path=/components/archive-tree/
[INFO] 2026-06-03 15:46:44,899 middleware 1437507 140123815896896 should_redirect: user_authenticated=True, status=200, location=, result=False, path=/archives/image/api/scan-check/
[INFO] 2026-06-03 15:46:46,105 middleware 1437507 140123815896896 should_redirect: user_authenticated=True, status=200, location=, result=False, path=/archives/image/api/scan-generate-pdf/
[INFO] 2026-06-03 15:46:46,118 middleware 1437510 140123815896896 should_redirect: user_authenticated=True, status=200, location=, result=False, path=/archives/image/api/scan-pdf/
[INFO] 2026-06-03 15:46:57,616 middleware 1437510 140123815896896 should_redirect: user_authenticated=True, status=200, location=, result=False, path=/components/archive-tree/
[INFO] 2026-06-03 15:47:00,068 middleware 1437509 140123815896896 should_redirect: user_authenticated=True, status=200, location=, result=False, path=/archives/image/api/scan-check/
[INFO] 2026-06-03 15:47:01,862 middleware 1437509 140123815896896 should_redirect: user_authenticated=True, status=200, location=, result=False, path=/archives/image/api/scan-generate-pdf/
[INFO] 2026-06-03 15:47:01,874 middleware 1437509 140123815896896 should_redirect: user_authenticated=True, status=200, location=, result=False, path=/archives/image/api/scan-pdf/
[INFO] 2026-06-03 15:53:55,230 middleware 1437511 140123815896896 should_redirect: user_authenticated=True, status=200, location=, result=False, path=/components/person-search/
[INFO] 2026-06-03 15:53:55,893 middleware 1437511 140123815896896 should_redirect: user_authenticated=True, status=200, location=, result=False, path=/archives/person-basic/
[INFO] 2026-06-03 15:53:56,139 middleware 1437510 140123815896896 should_redirect: user_authenticated=True, status=200, location=, result=False, path=/archives/api/person-detail/
[INFO] 2026-06-03 15:53:57,160 middleware 1437508 140123815896896 should_redirect: user_authenticated=True, status=200, location=, result=False, path=/archives/person-family/
[INFO] 2026-06-03 15:53:57,263 middleware 1437510 140123815896896 should_redirect: user_authenticated=True, status=200, location=, result=False, path=/archives/api/family/
[INFO] 2026-06-03 15:54:06,797 middleware 1437510 140123815896896 should_redirect: user_authenticated=True, status=200, location=, result=False, path=/archives/api/family/
[INFO] 2026-06-03 15:55:37,052 backends 1437511 140123815896896 档案用户登录成功: YHBH=4, YHMC=章玲玲
[INFO] 2026-06-03 15:55:37,067 auth 1437511 140123815896896 用户 章玲玲 登录成功
[INFO] 2026-06-03 15:55:37,089 middleware 1437510 140123815896896 should_redirect: user_authenticated=True, status=200, location=, result=False, path=/
[INFO] 2026-06-03 15:55:37,112 middleware 1437511 140123815896896 should_redirect: user_authenticated=True, status=200, location=, result=False, path=/
[INFO] 2026-06-03 15:55:37,284 middleware 1437506 140123815896896 should_redirect: user_authenticated=True, status=200, location=, result=False, path=/welcome/
[INFO] 2026-06-03 15:55:37,479 middleware 1437509 140123815896896 should_redirect: user_authenticated=True, status=200, location=, result=False, path=/menus/
[INFO] 2026-06-03 15:57:15,054 middleware 1437507 140123815896896 should_redirect: user_authenticated=True, status=200, location=, result=False, path=/archives/person
[INFO] 2026-06-03 15:57:15,157 middleware 1437506 140123815896896 should_redirect: user_authenticated=True, status=200, location=, result=False, path=/components/person-panel-embed/
[INFO] 2026-06-03 15:57:15,238 middleware 1437506 140123815896896 should_redirect: user_authenticated=True, status=200, location=, result=False, path=/components/person-panel-embed/
[INFO] 2026-06-03 15:57:15,300 middleware 1437509 140123815896896 should_redirect: user_authenticated=True, status=200, location=, result=False, path=/components/tree/
[INFO] 2026-06-03 15:57:34,783 middleware 1437508 140123815896896 should_redirect: user_authenticated=True, status=200, location=, result=False, path=/components/person-search/
[INFO] 2026-06-03 15:57:36,019 middleware 1437512 140123815896896 should_redirect: user_authenticated=True, status=200, location=, result=False, path=/archives/person-family/
[INFO] 2026-06-03 15:57:36,152 middleware 1437506 140123815896896 should_redirect: user_authenticated=True, status=200, location=, result=False, path=/archives/api/family/
[INFO] 2026-06-03 15:57:38,751 middleware 1437506 140123815896896 should_redirect: user_authenticated=True, status=200, location=, result=False, path=/archives/person-supplement/
[INFO] 2026-06-03 15:57:38,870 middleware 1437512 140123815896896 should_redirect: user_authenticated=True, status=200, location=, result=False, path=/archives/api/supplement/
[INFO] 2026-06-03 15:57:45,799 middleware 1437507 140123815896896 should_redirect: user_authenticated=True, status=200, location=, result=False, path=/archives/person-basic/
[INFO] 2026-06-03 15:57:46,045 middleware 1437506 140123815896896 should_redirect: user_authenticated=True, status=200, location=, result=False, path=/archives/api/person-detail/
[INFO] 2026-06-03 15:57:51,014 middleware 1437508 140123815896896 should_redirect: user_authenticated=True, status=200, location=, result=False, path=/archives/person-cadre/
[INFO] 2026-06-03 15:57:51,145 middleware 1437513 140123815896896 should_redirect: user_authenticated=True, status=200, location=, result=False, path=/archives/api/cadre-list/
[INFO] 2026-06-03 15:57:54,282 middleware 1437511 140123815896896 should_redirect: user_authenticated=True, status=200, location=, result=False, path=/archives/api/cadre-detail/
[INFO] 2026-06-03 16:04:32,527 middleware 1437513 140123815896896 should_redirect: user_authenticated=True, status=200, location=, result=False, path=/archives/api/cadre-save/
[INFO] 2026-06-03 16:04:34,863 middleware 1437506 140123815896896 should_redirect: user_authenticated=True, status=200, location=, result=False, path=/archives/api/cadre-extract/
[INFO] 2026-06-03 16:13:59,429 middleware 1445544 140179036251840 should_redirect: user_authenticated=True, status=200, location=, result=False, path=/business/archive-stats/
[INFO] 2026-06-03 16:13:59,915 middleware 1445544 140179036251840 should_redirect: user_authenticated=True, status=200, location=, result=False, path=/business/api/archive-stats/
[INFO] 2026-06-03 16:14:00,055 middleware 1445544 140179036251840 should_redirect: user_authenticated=True, status=200, location=, result=False, path=/business/api/archive-stats/
[INFO] 2026-06-03 16:14:00,163 middleware 1445544 140179036251840 should_redirect: user_authenticated=True, status=200, location=, result=False, path=/business/api/archive-stats/
[INFO] 2026-06-03 16:14:00,249 middleware 1445544 140179036251840 should_redirect: user_authenticated=True, status=200, location=, result=False, path=/business/api/archive-stats/
[INFO] 2026-06-03 16:14:00,338 middleware 1445544 140179036251840 should_redirect: user_authenticated=True, status=200, location=, result=False, path=/business/api/archive-stats/
[INFO] 2026-06-03 16:14:00,405 middleware 1445544 140179036251840 should_redirect: user_authenticated=True, status=200, location=, result=False, path=/business/api/archive-stats/
[INFO] 2026-06-03 16:14:00,503 middleware 1445544 140179036251840 should_redirect: user_authenticated=True, status=200, location=, result=False, path=/business/api/archive-stats/
[INFO] 2026-06-03 16:14:00,580 middleware 1445544 140179036251840 should_redirect: user_authenticated=True, status=200, location=, result=False, path=/business/api/archive-stats/
[INFO] 2026-06-03 16:14:00,674 middleware 1445544 140179036251840 should_redirect: user_authenticated=True, status=200, location=, result=False, path=/business/api/archive-stats/
[INFO] 2026-06-03 16:14:00,776 middleware 1445544 140179036251840 should_redirect: user_authenticated=True, status=200, location=, result=False, path=/business/api/archive-stats/
[INFO] 2026-06-03 16:14:01,757 middleware 1445544 140179036251840 should_redirect: user_authenticated=True, status=200, location=, result=False, path=/business/api/archive-stats/checked/
[INFO] 2026-06-03 16:21:59,647 middleware 1445655 139896427366080 should_redirect: user_authenticated=True, status=200, location=, result=False, path=/archives/person
[INFO] 2026-06-03 16:21:59,746 middleware 1445655 139896427366080 should_redirect: user_authenticated=True, status=200, location=, result=False, path=/components/person-panel-embed/
[INFO] 2026-06-03 16:21:59,835 middleware 1445655 139896427366080 should_redirect: user_authenticated=True, status=200, location=, result=False, path=/components/person-panel-embed/
[INFO] 2026-06-03 16:21:59,910 middleware 1445655 139896427366080 should_redirect: user_authenticated=True, status=200, location=, result=False, path=/components/tree/
[INFO] 2026-06-03 16:22:00,831 middleware 1445655 139896427366080 should_redirect: user_authenticated=True, status=200, location=, result=False, path=/components/tree-children/
[INFO] 2026-06-03 16:22:01,387 middleware 1445655 139896427366080 should_redirect: user_authenticated=True, status=200, location=, result=False, path=/components/tree-children/
[INFO] 2026-06-03 16:22:02,189 middleware 1445655 139896427366080 should_redirect: user_authenticated=True, status=200, location=, result=False, path=/archives/person-basic/
[INFO] 2026-06-03 16:22:02,412 middleware 1445655 139896427366080 should_redirect: user_authenticated=True, status=200, location=, result=False, path=/archives/api/person-detail/
[INFO] 2026-06-03 16:22:04,013 middleware 1445655 139896427366080 should_redirect: user_authenticated=True, status=200, location=, result=False, path=/archives/person-family/
[INFO] 2026-06-03 16:22:04,149 middleware 1445655 139896427366080 should_redirect: user_authenticated=True, status=200, location=, result=False, path=/archives/api/family/
[INFO] 2026-06-03 16:22:18,868 middleware 1445655 139896427366080 should_redirect: user_authenticated=True, status=200, location=, result=False, path=/
[INFO] 2026-06-03 16:22:18,992 middleware 1445655 139896427366080 should_redirect: user_authenticated=True, status=200, location=, result=False, path=/welcome/
[INFO] 2026-06-03 16:22:19,027 middleware 1445655 139896427366080 should_redirect: user_authenticated=True, status=200, location=, result=False, path=/menus/
[INFO] 2026-06-03 16:22:21,062 middleware 1445655 139896427366080 should_redirect: user_authenticated=True, status=200, location=, result=False, path=/archives/person
[INFO] 2026-06-03 16:22:21,169 middleware 1445655 139896427366080 should_redirect: user_authenticated=True, status=200, location=, result=False, path=/components/person-panel-embed/
[INFO] 2026-06-03 16:22:21,261 middleware 1445655 139896427366080 should_redirect: user_authenticated=True, status=200, location=, result=False, path=/components/person-panel-embed/
[INFO] 2026-06-03 16:22:21,338 middleware 1445655 139896427366080 should_redirect: user_authenticated=True, status=200, location=, result=False, path=/components/tree/
[INFO] 2026-06-03 16:22:28,065 middleware 1445655 139896427366080 should_redirect: user_authenticated=True, status=200, location=, result=False, path=/components/tree-children/
[INFO] 2026-06-03 16:22:28,720 middleware 1445655 139896427366080 should_redirect: user_authenticated=True, status=200, location=, result=False, path=/components/tree-children/
[INFO] 2026-06-03 16:22:29,506 middleware 1445655 139896427366080 should_redirect: user_authenticated=True, status=200, location=, result=False, path=/archives/person-basic/
[INFO] 2026-06-03 16:22:29,676 middleware 1445655 139896427366080 should_redirect: user_authenticated=True, status=200, location=, result=False, path=/archives/api/person-detail/
[INFO] 2026-06-03 16:22:31,108 middleware 1445655 139896427366080 should_redirect: user_authenticated=True, status=200, location=, result=False, path=/archives/person-family/
[INFO] 2026-06-03 16:22:31,248 middleware 1445655 139896427366080 should_redirect: user_authenticated=True, status=200, location=, result=False, path=/archives/api/family/
[INFO] 2026-06-03 16:24:33,700 middleware 1445655 139896427366080 should_redirect: user_authenticated=True, status=200, location=, result=False, path=/archives/person
[INFO] 2026-06-03 16:24:33,788 middleware 1445655 139896427366080 should_redirect: user_authenticated=True, status=200, location=, result=False, path=/components/person-panel-embed/
[INFO] 2026-06-03 16:24:33,891 middleware 1445655 139896427366080 should_redirect: user_authenticated=True, status=200, location=, result=False, path=/components/person-panel-embed/
[INFO] 2026-06-03 16:24:33,956 middleware 1445655 139896427366080 should_redirect: user_authenticated=True, status=200, location=, result=False, path=/components/tree/
[INFO] 2026-06-03 16:24:34,849 middleware 1445655 139896427366080 should_redirect: user_authenticated=True, status=200, location=, result=False, path=/components/tree-children/
[INFO] 2026-06-03 16:24:35,405 middleware 1445655 139896427366080 should_redirect: user_authenticated=True, status=200, location=, result=False, path=/components/tree-children/
[INFO] 2026-06-03 16:24:36,038 middleware 1445655 139896427366080 should_redirect: user_authenticated=True, status=200, location=, result=False, path=/archives/person-basic/
[INFO] 2026-06-03 16:24:36,228 middleware 1445655 139896427366080 should_redirect: user_authenticated=True, status=200, location=, result=False, path=/archives/api/person-detail/
[INFO] 2026-06-03 16:24:37,151 middleware 1445655 139896427366080 should_redirect: user_authenticated=True, status=200, location=, result=False, path=/archives/person-supplement/
[INFO] 2026-06-03 16:24:37,259 middleware 1445655 139896427366080 should_redirect: user_authenticated=True, status=200, location=, result=False, path=/archives/api/supplement/
[INFO] 2026-06-03 16:25:25,287 middleware 1445655 139896427366080 should_redirect: user_authenticated=True, status=200, location=, result=False, path=/archives/person-supplement/
[INFO] 2026-06-03 16:25:25,412 middleware 1445655 139896427366080 should_redirect: user_authenticated=True, status=200, location=, result=False, path=/archives/api/supplement/
[INFO] 2026-06-03 16:25:25,935 middleware 1445655 139896427366080 should_redirect: user_authenticated=True, status=200, location=, result=False, path=/archives/person-family/
[INFO] 2026-06-03 16:25:26,055 middleware 1445655 139896427366080 should_redirect: user_authenticated=True, status=200, location=, result=False, path=/archives/api/family/
[INFO] 2026-06-03 16:25:36,261 middleware 1445655 139896427366080 should_redirect: user_authenticated=True, status=200, location=, result=False, path=/components/person-search/
[INFO] 2026-06-03 16:25:37,556 middleware 1445655 139896427366080 should_redirect: user_authenticated=True, status=200, location=, result=False, path=/archives/person-family/
[INFO] 2026-06-03 16:25:37,695 middleware 1445655 139896427366080 should_redirect: user_authenticated=True, status=200, location=, result=False, path=/archives/api/family/
[INFO] 2026-06-03 16:25:41,251 middleware 1445655 139896427366080 should_redirect: user_authenticated=True, status=200, location=, result=False, path=/archives/api/family-save/
[INFO] 2026-06-03 16:25:50,158 middleware 1445655 139896427366080 should_redirect: user_authenticated=True, status=200, location=, result=False, path=/archives/api/family-save/
[INFO] 2026-06-03 16:26:26,857 middleware 1445655 139896427366080 should_redirect: user_authenticated=True, status=200, location=, result=False, path=/archives/person-family/
[INFO] 2026-06-03 16:26:27,084 middleware 1445655 139896427366080 should_redirect: user_authenticated=True, status=200, location=, result=False, path=/archives/api/family/
[INFO] 2026-06-03 16:26:27,687 middleware 1445655 139896427366080 should_redirect: user_authenticated=True, status=200, location=, result=False, path=/archives/person-family/
[INFO] 2026-06-03 16:26:27,864 middleware 1445655 139896427366080 should_redirect: user_authenticated=True, status=200, location=, result=False, path=/archives/api/family/
[INFO] 2026-06-03 16:26:32,579 middleware 1445655 139896427366080 should_redirect: user_authenticated=True, status=200, location=, result=False, path=/components/person-search/
[INFO] 2026-06-03 16:26:35,208 middleware 1445655 139896427366080 should_redirect: user_authenticated=True, status=200, location=, result=False, path=/archives/person-family/
[INFO] 2026-06-03 16:26:35,394 middleware 1445655 139896427366080 should_redirect: user_authenticated=True, status=200, location=, result=False, path=/archives/api/family/
[INFO] 2026-06-03 16:26:35,902 middleware 1445655 139896345851584 should_redirect: user_authenticated=True, status=200, location=, result=False, path=/archives/person-family/
[INFO] 2026-06-03 16:26:36,093 middleware 1445655 139896345851584 should_redirect: user_authenticated=True, status=200, location=, result=False, path=/archives/api/family/
[INFO] 2026-06-03 16:26:36,796 middleware 1445655 139896427366080 should_redirect: user_authenticated=True, status=200, location=, result=False, path=/archives/person-family/
[INFO] 2026-06-03 16:26:37,051 middleware 1445655 139896427366080 should_redirect: user_authenticated=True, status=200, location=, result=False, path=/archives/api/family/
[INFO] 2026-06-03 16:26:37,533 middleware 1445655 139896345851584 should_redirect: user_authenticated=True, status=200, location=, result=False, path=/archives/person-family/
[INFO] 2026-06-03 16:26:37,690 middleware 1445655 139896345851584 should_redirect: user_authenticated=True, status=200, location=, result=False, path=/archives/api/family/
[INFO] 2026-06-03 16:26:38,797 middleware 1445655 139896427366080 should_redirect: user_authenticated=True, status=200, location=, result=False, path=/archives/person-family/
[INFO] 2026-06-03 16:26:38,985 middleware 1445655 139896427366080 should_redirect: user_authenticated=True, status=200, location=, result=False, path=/archives/api/family/
[INFO] 2026-06-03 16:26:39,427 middleware 1445655 139896345851584 should_redirect: user_authenticated=True, status=200, location=, result=False, path=/archives/person-family/
[INFO] 2026-06-03 16:26:39,608 middleware 1445655 139896345851584 should_redirect: user_authenticated=True, status=200, location=, result=False, path=/archives/api/family/
[INFO] 2026-06-03 16:26:40,294 middleware 1445655 139896427366080 should_redirect: user_authenticated=True, status=200, location=, result=False, path=/archives/person-family/
[INFO] 2026-06-03 16:26:40,474 middleware 1445655 139896427366080 should_redirect: user_authenticated=True, status=200, location=, result=False, path=/archives/api/family/
[INFO] 2026-06-03 16:26:44,924 middleware 1445655 139896345851584 should_redirect: user_authenticated=True, status=200, location=, result=False, path=/archives/api/family-save/
[INFO] 2026-06-03 16:27:45,121 middleware 1445655 139896345851584 should_redirect: user_authenticated=True, status=200, location=, result=False, path=/archives/person-family/
[INFO] 2026-06-03 16:27:45,316 middleware 1445655 139896345851584 should_redirect: user_authenticated=True, status=200, location=, result=False, path=/archives/api/family/
[INFO] 2026-06-03 16:27:53,352 middleware 1445655 139896427366080 should_redirect: user_authenticated=True, status=200, location=, result=False, path=/archives/person-family/
[INFO] 2026-06-03 16:27:53,576 middleware 1445655 139896427366080 should_redirect: user_authenticated=True, status=200, location=, result=False, path=/archives/api/family/
[INFO] 2026-06-03 16:27:53,951 middleware 1445655 139896427366080 should_redirect: user_authenticated=True, status=200, location=, result=False, path=/archives/person-family/
[INFO] 2026-06-03 16:27:54,153 middleware 1445655 139896427366080 should_redirect: user_authenticated=True, status=200, location=, result=False, path=/archives/api/family/
[INFO] 2026-06-03 16:27:55,490 middleware 1445655 139896427366080 should_redirect: user_authenticated=True, status=200, location=, result=False, path=/archives/api/family-save/
[INFO] 2026-06-03 16:27:59,171 middleware 1445655 139896427366080 should_redirect: user_authenticated=True, status=200, location=, result=False, path=/archives/person-family/
[INFO] 2026-06-03 16:27:59,356 middleware 1445655 139896427366080 should_redirect: user_authenticated=True, status=200, location=, result=False, path=/archives/api/family/
[INFO] 2026-06-03 16:27:59,727 middleware 1445655 139896345851584 should_redirect: user_authenticated=True, status=200, location=, result=False, path=/archives/person-family/
[INFO] 2026-06-03 16:27:59,907 middleware 1445655 139896345851584 should_redirect: user_authenticated=True, status=200, location=, result=False, path=/archives/api/family/
[INFO] 2026-06-03 16:28:01,751 middleware 1445655 139896345851584 should_redirect: user_authenticated=True, status=200, location=, result=False, path=/archives/api/family-save/
[INFO] 2026-06-03 16:30:39,917 middleware 1445655 139896345851584 should_redirect: user_authenticated=True, status=200, location=, result=False, path=/archives/api/family-save/
[INFO] 2026-06-03 16:30:42,035 middleware 1445655 139896345851584 should_redirect: user_authenticated=True, status=200, location=, result=False, path=/archives/person-family/
[INFO] 2026-06-03 16:30:42,248 middleware 1445655 139896345851584 should_redirect: user_authenticated=True, status=200, location=, result=False, path=/archives/api/family/
[INFO] 2026-06-03 16:30:42,962 middleware 1445655 139896345851584 should_redirect: user_authenticated=True, status=200, location=, result=False, path=/archives/person-family/
[INFO] 2026-06-03 16:30:43,175 middleware 1445655 139896345851584 should_redirect: user_authenticated=True, status=200, location=, result=False, path=/archives/api/family/
[INFO] 2026-06-03 16:32:02,044 middleware 1445655 139896345851584 should_redirect: user_authenticated=True, status=200, location=, result=False, path=/business/archive-stats/
[INFO] 2026-06-03 16:32:02,226 middleware 1445655 139896345851584 should_redirect: user_authenticated=True, status=200, location=, result=False, path=/business/api/archive-stats/
[INFO] 2026-06-03 16:32:02,253 middleware 1445655 139896345851584 should_redirect: user_authenticated=True, status=200, location=, result=False, path=/business/api/archive-stats/
[INFO] 2026-06-03 16:32:02,289 middleware 1445655 139896345851584 should_redirect: user_authenticated=True, status=200, location=, result=False, path=/business/api/archive-stats/
[INFO] 2026-06-03 16:32:02,315 middleware 1445655 139896345851584 should_redirect: user_authenticated=True, status=200, location=, result=False, path=/business/api/archive-stats/
[INFO] 2026-06-03 16:32:02,362 middleware 1445655 139896345851584 should_redirect: user_authenticated=True, status=200, location=, result=False, path=/business/api/archive-stats/
[INFO] 2026-06-03 16:32:02,394 middleware 1445655 139896345851584 should_redirect: user_authenticated=True, status=200, location=, result=False, path=/business/api/archive-stats/
[INFO] 2026-06-03 16:32:02,501 middleware 1445655 139896345851584 should_redirect: user_authenticated=True, status=200, location=, result=False, path=/business/api/archive-stats/
[INFO] 2026-06-03 16:32:02,534 middleware 1445655 139896345851584 should_redirect: user_authenticated=True, status=200, location=, result=False, path=/business/api/archive-stats/
[INFO] 2026-06-03 16:32:02,573 middleware 1445655 139896345851584 should_redirect: user_authenticated=True, status=200, location=, result=False, path=/business/api/archive-stats/
[INFO] 2026-06-03 16:32:02,601 middleware 1445655 139896345851584 should_redirect: user_authenticated=True, status=200, location=, result=False, path=/business/api/archive-stats/
[INFO] 2026-06-03 16:32:03,309 middleware 1445655 139896345851584 should_redirect: user_authenticated=True, status=200, location=, result=False, path=/business/api/archive-stats/checked/
[INFO] 2026-06-03 16:32:42,399 middleware 1445655 139896345851584 should_redirect: user_authenticated=True, status=200, location=, result=False, path=/business/api/archive-stats/checked/
[INFO] 2026-06-03 16:43:22,235 middleware 1448125 139797882255040 should_redirect: user_authenticated=True, status=200, location=, result=False, path=/business/archive-stats/
[INFO] 2026-06-03 16:43:22,488 middleware 1448125 139797882255040 should_redirect: user_authenticated=True, status=200, location=, result=False, path=/business/api/archive-stats/
[INFO] 2026-06-03 16:43:22,521 middleware 1448125 139797882255040 should_redirect: user_authenticated=True, status=200, location=, result=False, path=/business/api/archive-stats/
[INFO] 2026-06-03 16:43:22,550 middleware 1448125 139797882255040 should_redirect: user_authenticated=True, status=200, location=, result=False, path=/business/api/archive-stats/
[INFO] 2026-06-03 16:43:22,589 middleware 1448125 139797882255040 should_redirect: user_authenticated=True, status=200, location=, result=False, path=/business/api/archive-stats/
[INFO] 2026-06-03 16:43:22,628 middleware 1448125 139797882255040 should_redirect: user_authenticated=True, status=200, location=, result=False, path=/business/api/archive-stats/
[INFO] 2026-06-03 16:43:22,666 middleware 1448125 139797882255040 should_redirect: user_authenticated=True, status=200, location=, result=False, path=/business/api/archive-stats/
[INFO] 2026-06-03 16:43:22,694 middleware 1448125 139797882255040 should_redirect: user_authenticated=True, status=200, location=, result=False, path=/business/api/archive-stats/
[INFO] 2026-06-03 16:43:22,742 middleware 1448125 139797882255040 should_redirect: user_authenticated=True, status=200, location=, result=False, path=/business/api/archive-stats/
[INFO] 2026-06-03 16:43:22,770 middleware 1448125 139797882255040 should_redirect: user_authenticated=True, status=200, location=, result=False, path=/business/api/archive-stats/
[INFO] 2026-06-03 16:43:22,807 middleware 1448125 139797882255040 should_redirect: user_authenticated=True, status=200, location=, result=False, path=/business/api/archive-stats/
[INFO] 2026-06-03 16:43:29,494 middleware 1448125 139797869622976 should_redirect: user_authenticated=True, status=200, location=, result=False, path=/business/archive-stats/
[INFO] 2026-06-03 16:43:30,341 middleware 1448125 139797869622976 should_redirect: user_authenticated=True, status=200, location=, result=False, path=/business/api/archive-stats/
[INFO] 2026-06-03 16:43:30,377 middleware 1448125 139797869622976 should_redirect: user_authenticated=True, status=200, location=, result=False, path=/business/api/archive-stats/
[INFO] 2026-06-03 16:43:30,409 middleware 1448125 139797869622976 should_redirect: user_authenticated=True, status=200, location=, result=False, path=/business/api/archive-stats/
[INFO] 2026-06-03 16:43:30,446 middleware 1448125 139797869622976 should_redirect: user_authenticated=True, status=200, location=, result=False, path=/business/api/archive-stats/
[INFO] 2026-06-03 16:43:30,474 middleware 1448125 139797869622976 should_redirect: user_authenticated=True, status=200, location=, result=False, path=/business/api/archive-stats/
[INFO] 2026-06-03 16:43:30,524 middleware 1448125 139797869622976 should_redirect: user_authenticated=True, status=200, location=, result=False, path=/business/api/archive-stats/
[INFO] 2026-06-03 16:43:30,553 middleware 1448125 139797869622976 should_redirect: user_authenticated=True, status=200, location=, result=False, path=/business/api/archive-stats/
[INFO] 2026-06-03 16:43:30,590 middleware 1448125 139797869622976 should_redirect: user_authenticated=True, status=200, location=, result=False, path=/business/api/archive-stats/
[INFO] 2026-06-03 16:43:30,616 middleware 1448125 139797869622976 should_redirect: user_authenticated=True, status=200, location=, result=False, path=/business/api/archive-stats/
[INFO] 2026-06-03 16:43:30,656 middleware 1448125 139797869622976 should_redirect: user_authenticated=True, status=200, location=, result=False, path=/business/api/archive-stats/
[INFO] 2026-06-03 16:43:31,810 middleware 1448125 139797869622976 should_redirect: user_authenticated=True, status=200, location=, result=False, path=/business/api/archive-stats/checked/
[INFO] 2026-06-03 16:43:32,530 middleware 1448125 139797882255040 should_redirect: user_authenticated=True, status=200, location=, result=False, path=/business/api/archive-stats/checked/
[INFO] 2026-06-03 16:44:06,257 middleware 1448125 139797882255040 should_redirect: user_authenticated=True, status=200, location=, result=False, path=/business/api/archive-stats/checked/
[INFO] 2026-06-03 16:44:13,995 middleware 1448125 139797882255040 should_redirect: user_authenticated=True, status=200, location=, result=False, path=/business/api/archive-stats/checked/
[INFO] 2026-06-03 16:45:15,687 middleware 1448125 139797882255040 should_redirect: user_authenticated=True, status=200, location=, result=False, path=/business/student-archives/
[INFO] 2026-06-03 16:45:15,845 middleware 1448125 139797882255040 should_redirect: user_authenticated=True, status=200, location=, result=False, path=/business/api/student-archives/list/
[INFO] 2026-06-03 16:45:21,069 middleware 1448125 139797882255040 should_redirect: user_authenticated=True, status=200, location=, result=False, path=/business/archive-stats/
[INFO] 2026-06-03 16:45:21,243 middleware 1448125 139797882255040 should_redirect: user_authenticated=True, status=200, location=, result=False, path=/business/api/archive-stats/
[INFO] 2026-06-03 16:45:21,270 middleware 1448125 139797882255040 should_redirect: user_authenticated=True, status=200, location=, result=False, path=/business/api/archive-stats/
[INFO] 2026-06-03 16:45:21,311 middleware 1448125 139797882255040 should_redirect: user_authenticated=True, status=200, location=, result=False, path=/business/api/archive-stats/
[INFO] 2026-06-03 16:45:21,338 middleware 1448125 139797882255040 should_redirect: user_authenticated=True, status=200, location=, result=False, path=/business/api/archive-stats/
[INFO] 2026-06-03 16:45:21,372 middleware 1448125 139797882255040 should_redirect: user_authenticated=True, status=200, location=, result=False, path=/business/api/archive-stats/
[INFO] 2026-06-03 16:45:21,404 middleware 1448125 139797882255040 should_redirect: user_authenticated=True, status=200, location=, result=False, path=/business/api/archive-stats/
[INFO] 2026-06-03 16:45:21,445 middleware 1448125 139797882255040 should_redirect: user_authenticated=True, status=200, location=, result=False, path=/business/api/archive-stats/
[INFO] 2026-06-03 16:45:21,476 middleware 1448125 139797882255040 should_redirect: user_authenticated=True, status=200, location=, result=False, path=/business/api/archive-stats/
[INFO] 2026-06-03 16:45:21,517 middleware 1448125 139797882255040 should_redirect: user_authenticated=True, status=200, location=, result=False, path=/business/api/archive-stats/
[INFO] 2026-06-03 16:45:21,548 middleware 1448125 139797882255040 should_redirect: user_authenticated=True, status=200, location=, result=False, path=/business/api/archive-stats/
[INFO] 2026-06-03 16:45:22,517 middleware 1448125 139797882255040 should_redirect: user_authenticated=True, status=200, location=, result=False, path=/business/api/archive-stats/checked/
[INFO] 2026-06-03 16:45:32,960 middleware 1448125 139797882255040 should_redirect: user_authenticated=True, status=200, location=, result=False, path=/business/api/archive-stats/checked/
[INFO] 2026-06-03 16:46:11,388 middleware 1448125 139797882255040 should_redirect: user_authenticated=True, status=200, location=, result=False, path=/business/api/archive-stats/checked/
[INFO] 2026-06-03 16:46:12,288 middleware 1448125 139797869622976 should_redirect: user_authenticated=True, status=200, location=, result=False, path=/business/api/archive-stats/checked/
[INFO] 2026-06-03 16:46:24,024 middleware 1448125 139797882255040 should_redirect: user_authenticated=True, status=200, location=, result=False, path=/business/api/archive-stats/checked/
[INFO] 2026-06-03 16:46:30,524 middleware 1448125 139797869622976 should_redirect: user_authenticated=True, status=200, location=, result=False, path=/business/api/archive-stats/checked/
[INFO] 2026-06-03 16:46:33,116 middleware 1448125 139797869622976 should_redirect: user_authenticated=True, status=200, location=, result=False, path=/business/api/archive-stats/checked/
[INFO] 2026-06-03 16:46:51,301 middleware 1448125 139797869622976 should_redirect: user_authenticated=True, status=200, location=, result=False, path=/business/api/archive-stats/checked/
[INFO] 2026-06-03 16:47:06,747 middleware 1448125 139797869622976 should_redirect: user_authenticated=True, status=200, location=, result=False, path=/business/api/archive-stats/checked/
[INFO] 2026-06-03 16:47:16,174 middleware 1448125 139797869622976 should_redirect: user_authenticated=True, status=200, location=, result=False, path=/business/api/archive-stats/checked/
[INFO] 2026-06-03 16:47:56,212 middleware 1448125 139797869622976 should_redirect: user_authenticated=True, status=200, location=, result=False, path=/archives/person
[INFO] 2026-06-03 16:47:56,319 middleware 1448125 139797869622976 should_redirect: user_authenticated=True, status=200, location=, result=False, path=/components/person-panel-embed/
[INFO] 2026-06-03 16:47:56,413 middleware 1448125 139797869622976 should_redirect: user_authenticated=True, status=200, location=, result=False, path=/components/person-panel-embed/
[INFO] 2026-06-03 16:47:56,485 middleware 1448125 139797869622976 should_redirect: user_authenticated=True, status=200, location=, result=False, path=/components/tree/
[INFO] 2026-06-03 16:47:58,478 middleware 1448125 139797869622976 should_redirect: user_authenticated=True, status=200, location=, result=False, path=/components/tree-children/
[INFO] 2026-06-03 16:47:59,766 middleware 1448125 139797869622976 should_redirect: user_authenticated=True, status=200, location=, result=False, path=/components/tree-children/
[INFO] 2026-06-03 16:48:00,588 middleware 1448125 139797869622976 should_redirect: user_authenticated=True, status=200, location=, result=False, path=/archives/person-basic/
[INFO] 2026-06-03 16:48:00,823 middleware 1448125 139797869622976 should_redirect: user_authenticated=True, status=200, location=, result=False, path=/archives/api/person-detail/
[INFO] 2026-06-03 16:48:16,337 middleware 1448125 139797869622976 should_redirect: user_authenticated=True, status=200, location=, result=False, path=/business/api/archive-stats/checked/
[INFO] 2026-06-03 16:48:44,956 middleware 1448125 139797869622976 should_redirect: user_authenticated=True, status=200, location=, result=False, path=/business/api/archive-stats/checked/
[INFO] 2026-06-03 16:48:53,308 middleware 1448125 139797869622976 should_redirect: user_authenticated=True, status=200, location=, result=False, path=/archives/person-family/
[INFO] 2026-06-03 16:48:53,468 middleware 1448125 139797869622976 should_redirect: user_authenticated=True, status=200, location=, result=False, path=/archives/api/family/
[INFO] 2026-06-03 16:48:55,420 middleware 1448125 139797869622976 should_redirect: user_authenticated=True, status=200, location=, result=False, path=/components/tree-children/
[INFO] 2026-06-03 16:49:11,024 middleware 1448125 139797869622976 should_redirect: user_authenticated=True, status=200, location=, result=False, path=/archives/image/scan/
[INFO] 2026-06-03 16:49:11,204 middleware 1448125 139797869622976 should_redirect: user_authenticated=True, status=200, location=, result=False, path=/components/person-panel-embed/
[INFO] 2026-06-03 16:49:11,226 middleware 1448125 139797869622976 should_redirect: user_authenticated=True, status=200, location=, result=False, path=/components/archive-tree-embed/
[INFO] 2026-06-03 16:49:11,265 middleware 1448125 139797869622976 should_redirect: user_authenticated=True, status=200, location=, result=False, path=/components/tree/
[INFO] 2026-06-03 16:49:12,899 middleware 1448125 139797869622976 should_redirect: user_authenticated=True, status=200, location=, result=False, path=/archives/streamer/
[INFO] 2026-06-03 16:49:13,039 middleware 1448125 139797869622976 should_redirect: user_authenticated=True, status=200, location=, result=False, path=/archives/api/streamer/units/
[INFO] 2026-06-03 16:49:15,508 middleware 1448125 139797869622976 should_redirect: user_authenticated=True, status=200, location=, result=False, path=/archives/api/streamer/table/
[INFO] 2026-06-03 16:49:19,995 middleware 1448125 139797869622976 should_redirect: user_authenticated=True, status=200, location=, result=False, path=/archives/api/streamer/print-streamer/
[INFO] 2026-06-03 16:49:21,399 middleware 1448125 139797869622976 should_redirect: user_authenticated=True, status=200, location=, result=False, path=/archives/api/streamer/print-label/
[INFO] 2026-06-03 16:49:22,626 middleware 1448125 139797869622976 should_redirect: user_authenticated=True, status=200, location=, result=False, path=/archivesSystem/files/
[INFO] 2026-06-03 16:49:22,765 middleware 1448125 139797869622976 should_redirect: user_authenticated=True, status=200, location=, result=False, path=/archivesSystem/api/files/categories/
[INFO] 2026-06-03 16:49:24,841 middleware 1448125 139797869622976 should_redirect: user_authenticated=True, status=200, location=, result=False, path=/archivesSystem/api/files/list/
[INFO] 2026-06-03 16:49:26,562 middleware 1448125 139797869622976 should_redirect: user_authenticated=True, status=200, location=, result=False, path=/archivesSystem/api/files/list/
[INFO] 2026-06-03 16:49:29,877 middleware 1448125 139797869622976 should_redirect: user_authenticated=True, status=200, location=, result=False, path=/archives/image/editor/
[INFO] 2026-06-03 16:49:29,959 middleware 1448125 139797869622976 should_redirect: user_authenticated=True, status=200, location=, result=False, path=/components/person-panel-embed/
[INFO] 2026-06-03 16:49:30,067 middleware 1448125 139797869622976 should_redirect: user_authenticated=True, status=200, location=, result=False, path=/components/person-panel-embed/
[INFO] 2026-06-03 16:49:30,088 middleware 1448125 139797869622976 should_redirect: user_authenticated=True, status=200, location=, result=False, path=/components/archive-tree-embed/
[INFO] 2026-06-03 16:49:30,116 middleware 1448125 139797869622976 should_redirect: user_authenticated=True, status=200, location=, result=False, path=/archives/image/process/
[INFO] 2026-06-03 16:49:30,134 middleware 1448125 139797882255040 should_redirect: user_authenticated=True, status=200, location=, result=False, path=/components/tree/
[INFO] 2026-06-03 16:49:31,422 middleware 1448125 139797882255040 should_redirect: user_authenticated=True, status=200, location=, result=False, path=/components/tree-children/
[INFO] 2026-06-03 16:49:32,122 middleware 1448125 139797882255040 should_redirect: user_authenticated=True, status=200, location=, result=False, path=/components/tree-children/
[INFO] 2026-06-03 16:49:34,974 middleware 1448125 139797882255040 should_redirect: user_authenticated=True, status=200, location=, result=False, path=/archives/person-meeting/
[INFO] 2026-06-03 16:49:35,118 middleware 1448125 139797882255040 should_redirect: user_authenticated=True, status=200, location=, result=False, path=/archives/api/meeting-batches/
[INFO] 2026-06-03 16:49:36,282 middleware 1448125 139797882255040 should_redirect: user_authenticated=True, status=200, location=, result=False, path=/archives/api/meeting-list/
[INFO] 2026-06-03 16:49:37,876 middleware 1448125 139797882255040 should_redirect: user_authenticated=True, status=200, location=, result=False, path=/archives/api/meeting-list/
[INFO] 2026-06-03 16:49:41,439 middleware 1448125 139797882255040 should_redirect: user_authenticated=True, status=200, location=, result=False, path=/business/student-archives/
[INFO] 2026-06-03 16:49:41,593 middleware 1448125 139797882255040 should_redirect: user_authenticated=True, status=200, location=, result=False, path=/business/api/student-archives/list/
[INFO] 2026-06-03 16:49:47,024 middleware 1448125 139797882255040 should_redirect: user_authenticated=True, status=200, location=, result=False, path=/archivesSystem/organization/
[INFO] 2026-06-03 16:49:47,136 middleware 1448125 139797882255040 should_redirect: user_authenticated=True, status=200, location=, result=False, path=/archivesSystem/api/organization/tree/
[INFO] 2026-06-03 16:49:47,894 middleware 1448125 139797882255040 should_redirect: user_authenticated=True, status=200, location=, result=False, path=/archivesSystem/log/
[INFO] 2026-06-03 16:49:48,000 middleware 1448125 139797882255040 should_redirect: user_authenticated=True, status=200, location=, result=False, path=/archivesSystem/api/log/types/
[INFO] 2026-06-03 16:49:48,143 middleware 1448125 139797882255040 should_redirect: user_authenticated=True, status=200, location=, result=False, path=/archivesSystem/api/log/query/
[INFO] 2026-06-03 16:49:48,559 middleware 1448125 139797882255040 should_redirect: user_authenticated=True, status=200, location=, result=False, path=/archivesSystem/batch/
[INFO] 2026-06-03 16:49:48,683 middleware 1448125 139797882255040 should_redirect: user_authenticated=True, status=200, location=, result=False, path=/components/unit-tree-embed/
[INFO] 2026-06-03 16:49:48,706 middleware 1448125 139797882255040 should_redirect: user_authenticated=True, status=200, location=, result=False, path=/archivesSystem/api/batch/categories/
[INFO] 2026-06-03 16:49:49,741 middleware 1448125 139797882255040 should_redirect: user_authenticated=True, status=200, location=, result=False, path=/archivesSystem/auto-names/
[INFO] 2026-06-03 16:49:49,898 middleware 1448125 139797882255040 should_redirect: user_authenticated=True, status=200, location=, result=False, path=/archivesSystem/api/auto-names/fl/
[INFO] 2026-06-03 16:49:49,902 middleware 1448125 139797869622976 should_redirect: user_authenticated=True, status=200, location=, result=False, path=/archivesSystem/api/auto-names/list/
[INFO] 2026-06-03 16:49:50,857 middleware 1448125 139797882255040 should_redirect: user_authenticated=True, status=200, location=, result=False, path=/archivesSystem/files/manage/
[INFO] 2026-06-03 16:49:50,946 middleware 1448125 139797882255040 should_redirect: user_authenticated=True, status=200, location=, result=False, path=/archivesSystem/files/dialog/add/
[INFO] 2026-06-03 16:49:50,989 middleware 1448125 139797882255040 should_redirect: user_authenticated=True, status=200, location=, result=False, path=/archivesSystem/api/files/categories/
[INFO] 2026-06-03 16:49:51,680 middleware 1448125 139797882255040 should_redirect: user_authenticated=True, status=200, location=, result=False, path=/archivesSystem/transfer/
[INFO] 2026-06-03 16:49:51,833 middleware 1448125 139797882255040 should_redirect: user_authenticated=True, status=200, location=, result=False, path=/components/person-panel-embed/
[INFO] 2026-06-03 16:49:51,854 middleware 1448125 139797882255040 should_redirect: user_authenticated=True, status=200, location=, result=False, path=/components/unit-tree-embed/
[INFO] 2026-06-03 16:49:51,963 middleware 1448125 139797882255040 should_redirect: user_authenticated=True, status=200, location=, result=False, path=/components/tree/
[INFO] 2026-06-03 16:49:52,647 middleware 1448125 139797882255040 should_redirect: user_authenticated=True, status=200, location=, result=False, path=/archivesSystem/salary-standard/
[INFO] 2026-06-03 16:49:52,781 middleware 1448125 139797882255040 should_redirect: user_authenticated=True, status=200, location=, result=False, path=/archivesSystem/api/salary-standard-list/
[INFO] 2026-06-03 16:49:52,819 middleware 1448125 139797869622976 should_redirect: user_authenticated=True, status=200, location=, result=False, path=/archivesSystem/api/salary-standard-filters/
[INFO] 2026-06-03 16:49:53,436 middleware 1448125 139797869622976 should_redirect: user_authenticated=True, status=200, location=, result=False, path=/archivesSystem/meeting-admin/
[INFO] 2026-06-03 16:49:53,628 middleware 1448125 139797882255040 should_redirect: user_authenticated=True, status=200, location=, result=False, path=/archivesSystem/api/meeting-admin-batches/
[INFO] 2026-06-03 16:49:53,632 middleware 1448125 139797852837568 should_redirect: user_authenticated=True, status=200, location=, result=False, path=/archivesSystem/api/meeting-admin-all-batches/
[INFO] 2026-06-03 16:49:53,712 middleware 1448125 139797869622976 should_redirect: user_authenticated=True, status=200, location=, result=False, path=/archivesSystem/api/meeting-admin-list/
[INFO] 2026-06-03 16:50:46,433 middleware 1448125 139797869622976 should_redirect: user_authenticated=True, status=200, location=, result=False, path=/archives/person-meeting-form/
[INFO] 2026-06-03 16:50:46,502 middleware 1448125 139797869622976 should_redirect: user_authenticated=True, status=200, location=, result=False, path=/archives/api/meeting-detail/
[INFO] 2026-06-03 16:50:49,877 middleware 1448125 139797869622976 should_redirect: user_authenticated=True, status=200, location=, result=False, path=/archives/person-meeting-form/
[INFO] 2026-06-03 16:50:49,965 middleware 1448125 139797869622976 should_redirect: user_authenticated=True, status=200, location=, result=False, path=/archives/api/meeting-detail/
[INFO] 2026-06-03 16:51:01,230 middleware 1448125 139797869622976 should_redirect: user_authenticated=True, status=200, location=, result=False, path=/archives/person-meeting-form/
[INFO] 2026-06-03 16:51:01,313 middleware 1448125 139797869622976 should_redirect: user_authenticated=True, status=200, location=, result=False, path=/archives/api/meeting-detail/
[INFO] 2026-06-03 16:51:05,387 middleware 1448125 139797869622976 should_redirect: user_authenticated=True, status=200, location=, result=False, path=/archivesSystem/api/meeting-admin-list/
[INFO] 2026-06-03 16:51:28,539 middleware 1448125 139797869622976 should_redirect: user_authenticated=True, status=200, location=, result=False, path=/archives/api/meeting-list/
[INFO] 2026-06-03 16:51:29,702 middleware 1448125 139797869622976 should_redirect: user_authenticated=True, status=200, location=, result=False, path=/components/person-panel-embed/
[INFO] 2026-06-03 16:51:29,774 middleware 1448125 139797869622976 should_redirect: user_authenticated=True, status=200, location=, result=False, path=/components/tree/
[INFO] 2026-06-03 16:51:36,407 middleware 1448125 139797869622976 should_redirect: user_authenticated=True, status=200, location=, result=False, path=/components/person-search/
[INFO] 2026-06-03 16:51:38,038 middleware 1448125 139797869622976 should_redirect: user_authenticated=True, status=200, location=, result=False, path=/archives/person-meeting-form/
[INFO] 2026-06-03 16:51:38,115 middleware 1448125 139797869622976 should_redirect: user_authenticated=True, status=200, location=, result=False, path=/archives/api/meeting-detail/
[INFO] 2026-06-03 16:51:56,600 middleware 1448125 139797869622976 should_redirect: user_authenticated=True, status=200, location=, result=False, path=/archives/api/meeting-extract/
[INFO] 2026-06-03 16:52:22,234 middleware 1448125 139797869622976 should_redirect: user_authenticated=True, status=200, location=, result=False, path=/archivesSystem/api/meeting-admin-list/
[INFO] 2026-06-03 16:52:23,423 middleware 1448125 139797869622976 should_redirect: user_authenticated=True, status=200, location=, result=False, path=/archives/person-meeting-form/
[INFO] 2026-06-03 16:52:23,509 middleware 1448125 139797869622976 should_redirect: user_authenticated=True, status=200, location=, result=False, path=/archives/api/meeting-detail/
[INFO] 2026-06-03 16:52:30,532 middleware 1448125 139797869622976 should_redirect: user_authenticated=True, status=200, location=, result=False, path=/archivesSystem/api/meeting-admin-export/
[INFO] 2026-06-03 16:54:46,454 middleware 1448125 139797869622976 should_redirect: user_authenticated=True, status=200, location=, result=False, path=/business/archive-stats/
[INFO] 2026-06-03 16:54:46,635 middleware 1448125 139797869622976 should_redirect: user_authenticated=True, status=200, location=, result=False, path=/business/api/archive-stats/
[INFO] 2026-06-03 16:54:46,663 middleware 1448125 139797869622976 should_redirect: user_authenticated=True, status=200, location=, result=False, path=/business/api/archive-stats/
[INFO] 2026-06-03 16:54:46,694 middleware 1448125 139797869622976 should_redirect: user_authenticated=True, status=200, location=, result=False, path=/business/api/archive-stats/
[INFO] 2026-06-03 16:54:46,720 middleware 1448125 139797869622976 should_redirect: user_authenticated=True, status=200, location=, result=False, path=/business/api/archive-stats/
[INFO] 2026-06-03 16:54:46,767 middleware 1448125 139797869622976 should_redirect: user_authenticated=True, status=200, location=, result=False, path=/business/api/archive-stats/
[INFO] 2026-06-03 16:54:46,793 middleware 1448125 139797869622976 should_redirect: user_authenticated=True, status=200, location=, result=False, path=/business/api/archive-stats/
[INFO] 2026-06-03 16:54:46,841 middleware 1448125 139797869622976 should_redirect: user_authenticated=True, status=200, location=, result=False, path=/business/api/archive-stats/
[INFO] 2026-06-03 16:54:46,869 middleware 1448125 139797869622976 should_redirect: user_authenticated=True, status=200, location=, result=False, path=/business/api/archive-stats/
[INFO] 2026-06-03 16:54:46,907 middleware 1448125 139797869622976 should_redirect: user_authenticated=True, status=200, location=, result=False, path=/business/api/archive-stats/
[INFO] 2026-06-03 16:54:46,932 middleware 1448125 139797869622976 should_redirect: user_authenticated=True, status=200, location=, result=False, path=/business/api/archive-stats/
[INFO] 2026-06-03 16:54:47,997 middleware 1448125 139797869622976 should_redirect: user_authenticated=True, status=200, location=, result=False, path=/business/api/archive-stats/checked/
[INFO] 2026-06-03 16:57:45,866 middleware 1448125 139797869622976 should_redirect: user_authenticated=True, status=200, location=, result=False, path=/business/archive-stats/
[INFO] 2026-06-03 16:57:46,063 middleware 1448125 139797869622976 should_redirect: user_authenticated=True, status=200, location=, result=False, path=/business/api/archive-stats/
[INFO] 2026-06-03 16:57:46,109 middleware 1448125 139797869622976 should_redirect: user_authenticated=True, status=200, location=, result=False, path=/business/api/archive-stats/
[INFO] 2026-06-03 16:57:46,137 middleware 1448125 139797869622976 should_redirect: user_authenticated=True, status=200, location=, result=False, path=/business/api/archive-stats/
[INFO] 2026-06-03 16:57:46,183 middleware 1448125 139797869622976 should_redirect: user_authenticated=True, status=200, location=, result=False, path=/business/api/archive-stats/
[INFO] 2026-06-03 16:57:46,210 middleware 1448125 139797869622976 should_redirect: user_authenticated=True, status=200, location=, result=False, path=/business/api/archive-stats/
[INFO] 2026-06-03 16:57:46,261 middleware 1448125 139797869622976 should_redirect: user_authenticated=True, status=200, location=, result=False, path=/business/api/archive-stats/
[INFO] 2026-06-03 16:57:46,295 middleware 1448125 139797869622976 should_redirect: user_authenticated=True, status=200, location=, result=False, path=/business/api/archive-stats/
[INFO] 2026-06-03 16:57:46,335 middleware 1448125 139797869622976 should_redirect: user_authenticated=True, status=200, location=, result=False, path=/business/api/archive-stats/
[INFO] 2026-06-03 16:57:46,366 middleware 1448125 139797869622976 should_redirect: user_authenticated=True, status=200, location=, result=False, path=/business/api/archive-stats/
[INFO] 2026-06-03 16:57:46,420 middleware 1448125 139797869622976 should_redirect: user_authenticated=True, status=200, location=, result=False, path=/business/api/archive-stats/
[INFO] 2026-06-03 16:57:47,411 middleware 1448125 139797869622976 should_redirect: user_authenticated=True, status=200, location=, result=False, path=/business/api/archive-stats/checked/
[INFO] 2026-06-03 16:57:58,331 middleware 1448125 139797869622976 should_redirect: user_authenticated=True, status=200, location=, result=False, path=/business/api/archive-stats/checked/
[INFO] 2026-06-03 17:02:44,760 middleware 1448125 139797869622976 should_redirect: user_authenticated=True, status=200, location=, result=False, path=/business/archive-stats/
[INFO] 2026-06-03 17:02:44,889 middleware 1448125 139797869622976 should_redirect: user_authenticated=True, status=200, location=, result=False, path=/business/api/archive-stats/
[INFO] 2026-06-03 17:02:44,936 middleware 1448125 139797869622976 should_redirect: user_authenticated=True, status=200, location=, result=False, path=/business/api/archive-stats/
[INFO] 2026-06-03 17:02:44,962 middleware 1448125 139797869622976 should_redirect: user_authenticated=True, status=200, location=, result=False, path=/business/api/archive-stats/
[INFO] 2026-06-03 17:02:45,009 middleware 1448125 139797869622976 should_redirect: user_authenticated=True, status=200, location=, result=False, path=/business/api/archive-stats/
[INFO] 2026-06-03 17:02:45,036 middleware 1448125 139797869622976 should_redirect: user_authenticated=True, status=200, location=, result=False, path=/business/api/archive-stats/
[INFO] 2026-06-03 17:02:45,082 middleware 1448125 139797869622976 should_redirect: user_authenticated=True, status=200, location=, result=False, path=/business/api/archive-stats/
[INFO] 2026-06-03 17:02:45,108 middleware 1448125 139797869622976 should_redirect: user_authenticated=True, status=200, location=, result=False, path=/business/api/archive-stats/
[INFO] 2026-06-03 17:02:45,154 middleware 1448125 139797869622976 should_redirect: user_authenticated=True, status=200, location=, result=False, path=/business/api/archive-stats/
[INFO] 2026-06-03 17:02:45,185 middleware 1448125 139797869622976 should_redirect: user_authenticated=True, status=200, location=, result=False, path=/business/api/archive-stats/
[INFO] 2026-06-03 17:02:45,225 middleware 1448125 139797869622976 should_redirect: user_authenticated=True, status=200, location=, result=False, path=/business/api/archive-stats/
[INFO] 2026-06-03 17:02:46,253 middleware 1448125 139797869622976 should_redirect: user_authenticated=True, status=200, location=, result=False, path=/business/api/archive-stats/checked/
[INFO] 2026-06-03 17:03:33,574 middleware 1448125 139797869622976 should_redirect: user_authenticated=True, status=200, location=, result=False, path=/business/api/archive-stats/checked/
[INFO] 2026-06-03 17:03:48,676 middleware 1448125 139797869622976 should_redirect: user_authenticated=True, status=200, location=, result=False, path=/business/api/archive-stats/checked/
[INFO] 2026-06-03 17:06:25,830 middleware 1448125 139797869622976 should_redirect: user_authenticated=True, status=200, location=, result=False, path=/business/archive-stats/
[INFO] 2026-06-03 17:06:25,961 middleware 1448125 139797869622976 should_redirect: user_authenticated=True, status=200, location=, result=False, path=/business/api/archive-stats/
[INFO] 2026-06-03 17:06:25,998 middleware 1448125 139797869622976 should_redirect: user_authenticated=True, status=200, location=, result=False, path=/business/api/archive-stats/
[INFO] 2026-06-03 17:06:26,024 middleware 1448125 139797869622976 should_redirect: user_authenticated=True, status=200, location=, result=False, path=/business/api/archive-stats/
[INFO] 2026-06-03 17:06:26,059 middleware 1448125 139797869622976 should_redirect: user_authenticated=True, status=200, location=, result=False, path=/business/api/archive-stats/
[INFO] 2026-06-03 17:06:26,086 middleware 1448125 139797869622976 should_redirect: user_authenticated=True, status=200, location=, result=False, path=/business/api/archive-stats/
[INFO] 2026-06-03 17:06:26,134 middleware 1448125 139797869622976 should_redirect: user_authenticated=True, status=200, location=, result=False, path=/business/api/archive-stats/
[INFO] 2026-06-03 17:06:26,160 middleware 1448125 139797869622976 should_redirect: user_authenticated=True, status=200, location=, result=False, path=/business/api/archive-stats/
[INFO] 2026-06-03 17:06:26,206 middleware 1448125 139797869622976 should_redirect: user_authenticated=True, status=200, location=, result=False, path=/business/api/archive-stats/
[INFO] 2026-06-03 17:06:26,240 middleware 1448125 139797869622976 should_redirect: user_authenticated=True, status=200, location=, result=False, path=/business/api/archive-stats/
[INFO] 2026-06-03 17:06:26,283 middleware 1448125 139797869622976 should_redirect: user_authenticated=True, status=200, location=, result=False, path=/business/api/archive-stats/
[INFO] 2026-06-03 17:06:27,350 middleware 1448125 139797869622976 should_redirect: user_authenticated=True, status=200, location=, result=False, path=/business/api/archive-stats/checked/
[INFO] 2026-06-03 17:06:38,056 middleware 1448125 139797869622976 should_redirect: user_authenticated=True, status=200, location=, result=False, path=/business/api/archive-stats/checked/
[INFO] 2026-06-03 17:08:14,646 middleware 1448125 139797869622976 should_redirect: user_authenticated=True, status=200, location=, result=False, path=/business/archive-stats/
[INFO] 2026-06-03 17:08:14,774 middleware 1448125 139797869622976 should_redirect: user_authenticated=True, status=200, location=, result=False, path=/business/api/archive-stats/
[INFO] 2026-06-03 17:08:14,805 middleware 1448125 139797869622976 should_redirect: user_authenticated=True, status=200, location=, result=False, path=/business/api/archive-stats/
[INFO] 2026-06-03 17:08:14,832 middleware 1448125 139797869622976 should_redirect: user_authenticated=True, status=200, location=, result=False, path=/business/api/archive-stats/
[INFO] 2026-06-03 17:08:14,880 middleware 1448125 139797869622976 should_redirect: user_authenticated=True, status=200, location=, result=False, path=/business/api/archive-stats/
[INFO] 2026-06-03 17:08:14,907 middleware 1448125 139797869622976 should_redirect: user_authenticated=True, status=200, location=, result=False, path=/business/api/archive-stats/
[INFO] 2026-06-03 17:08:14,942 middleware 1448125 139797869622976 should_redirect: user_authenticated=True, status=200, location=, result=False, path=/business/api/archive-stats/
[INFO] 2026-06-03 17:08:14,968 middleware 1448125 139797869622976 should_redirect: user_authenticated=True, status=200, location=, result=False, path=/business/api/archive-stats/
[INFO] 2026-06-03 17:08:15,015 middleware 1448125 139797869622976 should_redirect: user_authenticated=True, status=200, location=, result=False, path=/business/api/archive-stats/
[INFO] 2026-06-03 17:08:15,046 middleware 1448125 139797869622976 should_redirect: user_authenticated=True, status=200, location=, result=False, path=/business/api/archive-stats/
[INFO] 2026-06-03 17:08:15,085 middleware 1448125 139797869622976 should_redirect: user_authenticated=True, status=200, location=, result=False, path=/business/api/archive-stats/
[INFO] 2026-06-03 17:08:16,059 middleware 1448125 139797869622976 should_redirect: user_authenticated=True, status=200, location=, result=False, path=/business/api/archive-stats/checked/
[INFO] 2026-06-03 17:08:43,758 middleware 1448125 139797869622976 should_redirect: user_authenticated=True, status=200, location=, result=False, path=/business/api/archive-stats/checked/
[INFO] 2026-06-03 17:08:54,202 middleware 1448125 139797869622976 should_redirect: user_authenticated=True, status=200, location=, result=False, path=/business/api/archive-stats/checked/
[INFO] 2026-06-03 17:09:22,168 middleware 1448125 139797869622976 should_redirect: user_authenticated=True, status=200, location=, result=False, path=/business/api/archive-stats/export/
[INFO] 2026-06-03 17:10:14,572 middleware 1448125 139797869622976 should_redirect: user_authenticated=True, status=200, location=, result=False, path=/business/api/archive-stats/checked/
[INFO] 2026-06-03 17:10:33,616 middleware 1448125 139797869622976 should_redirect: user_authenticated=True, status=200, location=, result=False, path=/business/api/archive-stats/checked/
[INFO] 2026-06-03 17:10:55,411 middleware 1448125 139797869622976 should_redirect: user_authenticated=True, status=200, location=, result=False, path=/archive-users/
[INFO] 2026-06-03 17:10:55,563 middleware 1448125 139797869622976 should_redirect: user_authenticated=True, status=200, location=, result=False, path=/api/depart-list/
[INFO] 2026-06-03 17:10:55,573 middleware 1448125 139797852837568 should_redirect: user_authenticated=True, status=200, location=, result=False, path=/components/tree/
[INFO] 2026-06-03 17:10:58,089 middleware 1448125 139797852837568 should_redirect: user_authenticated=True, status=200, location=, result=False, path=/platform-users/
[INFO] 2026-06-03 17:10:58,205 middleware 1448125 139797852837568 should_redirect: user_authenticated=True, status=200, location=, result=False, path=/api/platform-users/list/
[INFO] 2026-06-03 17:10:58,222 middleware 1448125 139797852837568 should_redirect: user_authenticated=True, status=200, location=, result=False, path=/api/platform-groups/list/
[INFO] 2026-06-03 17:10:59,672 middleware 1448125 139797852837568 should_redirect: user_authenticated=True, status=200, location=, result=False, path=/groups/
[INFO] 2026-06-03 17:10:59,783 middleware 1448125 139797852837568 should_redirect: user_authenticated=True, status=200, location=, result=False, path=/api/platform-groups/list/
[INFO] 2026-06-03 17:10:59,808 middleware 1448125 139797852837568 should_redirect: user_authenticated=True, status=200, location=, result=False, path=/api/menu-tree/
[INFO] 2026-06-03 17:11:00,818 middleware 1448125 139797852837568 should_redirect: user_authenticated=True, status=200, location=, result=False, path=/api/group-menus/
[INFO] 2026-06-03 17:11:05,388 middleware 1448125 139797852837568 should_redirect: user_authenticated=True, status=200, location=, result=False, path=/api/group-menus/
[INFO] 2026-06-03 17:11:10,596 middleware 1448125 139797852837568 should_redirect: user_authenticated=True, status=200, location=, result=False, path=/api/platform-groups/save/
[INFO] 2026-06-03 17:11:10,634 middleware 1448125 139797852837568 should_redirect: user_authenticated=True, status=200, location=, result=False, path=/api/platform-groups/list/
[INFO] 2026-06-03 17:11:12,042 middleware 1448125 139797852837568 should_redirect: user_authenticated=True, status=200, location=, result=False, path=/api/group-menus/
[INFO] 2026-06-03 17:11:15,663 middleware 1448125 139797852837568 should_redirect: user_authenticated=True, status=200, location=, result=False, path=/api/platform-groups/save/
[INFO] 2026-06-03 17:11:15,691 middleware 1448125 139797852837568 should_redirect: user_authenticated=True, status=200, location=, result=False, path=/api/platform-groups/list/
[INFO] 2026-06-03 17:11:16,549 middleware 1448125 139797852837568 should_redirect: user_authenticated=True, status=200, location=, result=False, path=/api/group-menus/
[INFO] 2026-06-03 17:11:24,362 middleware 1448125 139797852837568 should_redirect: user_authenticated=True, status=200, location=, result=False, path=/api/group-menus/
[INFO] 2026-06-03 17:11:38,699 middleware 1448125 139797852837568 should_redirect: user_authenticated=True, status=200, location=, result=False, path=/tools/diary/
[INFO] 2026-06-03 17:11:39,507 middleware 1448125 139797852837568 should_redirect: user_authenticated=True, status=200, location=, result=False, path=/tools/api/diary/list/
[INFO] 2026-06-03 17:11:41,183 middleware 1448125 139797852837568 should_redirect: user_authenticated=True, status=200, location=, result=False, path=/tools/decrypt/
[INFO] 2026-06-03 17:11:42,008 middleware 1448125 139797852837568 should_redirect: user_authenticated=True, status=200, location=, result=False, path=/tools/encrypt/
[INFO] 2026-06-03 17:11:46,527 middleware 1448125 139797852837568 should_redirect: user_authenticated=True, status=200, location=, result=False, path=/tools/linux/
[INFO] 2026-06-03 18:11:13,846 middleware 1450794 139891064203072 should_redirect: user_authenticated=False, status=302, location=/login/?next=/, result=True, path=/
[INFO] 2026-06-03 18:11:13,846 middleware 1450794 139891064203072 为用户 AnonymousUser 执行iframe登录跳转
[INFO] 2026-06-03 18:11:14,735 middleware 1450794 139891064203072 should_redirect: user_authenticated=False, status=404, location=, result=False, path=/favicon.ico
[INFO] 2026-06-03 18:11:46,653 auth 1450791 139891064203072 用户 李家贤 登录成功
[INFO] 2026-06-03 18:11:46,707 middleware 1450791 139891064203072 should_redirect: user_authenticated=True, status=200, location=, result=False, path=/
[INFO] 2026-06-03 18:11:46,761 middleware 1450793 139891064203072 should_redirect: user_authenticated=True, status=200, location=, result=False, path=/
[INFO] 2026-06-03 18:11:47,119 middleware 1450788 139891064203072 should_redirect: user_authenticated=True, status=200, location=, result=False, path=/welcome/
[INFO] 2026-06-03 18:11:47,129 middleware 1450794 139891064203072 should_redirect: user_authenticated=True, status=200, location=, result=False, path=/menus/
[INFO] 2026-06-03 18:11:58,362 middleware 1450793 139891064203072 should_redirect: user_authenticated=True, status=200, location=, result=False, path=/archivesSystem/files/manage/
[INFO] 2026-06-03 18:12:00,185 middleware 1450789 139891064203072 should_redirect: user_authenticated=True, status=200, location=, result=False, path=/archivesSystem/files/dialog/add/
[INFO] 2026-06-03 18:12:00,231 middleware 1450788 139891064203072 should_redirect: user_authenticated=True, status=200, location=, result=False, path=/archivesSystem/api/files/categories/
[INFO] 2026-06-03 18:12:02,619 middleware 1450792 139891064203072 should_redirect: user_authenticated=True, status=200, location=, result=False, path=/archivesSystem/api/files/manage/list/
[INFO] 2026-06-03 18:12:09,775 middleware 1450794 139891064203072 should_redirect: user_authenticated=True, status=200, location=, result=False, path=/archivesSystem/api/files/manage/list/
[INFO] 2026-06-03 18:12:14,754 middleware 1450795 139891064203072 should_redirect: user_authenticated=True, status=200, location=, result=False, path=/archivesSystem/api/files/manage/list/
[INFO] 2026-06-03 18:12:52,742 middleware 1450792 139891064203072 should_redirect: user_authenticated=True, status=200, location=, result=False, path=/archivesSystem/api/files/manage/persons/
[INFO] 2026-06-03 18:12:52,783 middleware 1450792 139891064203072 should_redirect: user_authenticated=True, status=200, location=, result=False, path=/archivesSystem/api/files/download/
[INFO] 2026-06-03 18:12:56,198 middleware 1450789 139891064203072 should_redirect: user_authenticated=True, status=200, location=, result=False, path=/archivesSystem/files/dialog/edit/
[INFO] 2026-06-03 18:12:56,830 middleware 1450793 139891064203072 should_redirect: user_authenticated=True, status=200, location=, result=False, path=/archivesSystem/api/files/manage/persons/
[INFO] 2026-06-03 18:13:09,982 middleware 1450792 139891064203072 should_redirect: user_authenticated=True, status=200, location=, result=False, path=/archivesSystem/files/dialog/edit/
[INFO] 2026-06-03 18:13:10,090 middleware 1450790 139891064203072 should_redirect: user_authenticated=True, status=200, location=, result=False, path=/archivesSystem/api/files/manage/persons/
[INFO] 2026-06-03 18:13:10,108 middleware 1450793 139891064203072 should_redirect: user_authenticated=True, status=200, location=, result=False, path=/archivesSystem/api/files/manage/persons/
[INFO] 2026-06-03 18:13:10,129 middleware 1450794 139891064203072 should_redirect: user_authenticated=True, status=200, location=, result=False, path=/archivesSystem/api/files/download/
[INFO] 2026-06-03 18:13:29,759 middleware 1450793 139891064203072 should_redirect: user_authenticated=True, status=200, location=, result=False, path=/archivesSystem/api/files/manage/list/
[INFO] 2026-06-03 18:13:35,230 middleware 1450792 139891064203072 should_redirect: user_authenticated=True, status=200, location=, result=False, path=/archivesSystem/api/files/manage/persons/
[INFO] 2026-06-03 18:13:35,242 middleware 1450792 139891064203072 should_redirect: user_authenticated=True, status=200, location=, result=False, path=/archivesSystem/files/dialog/edit/
[INFO] 2026-06-03 18:13:35,305 middleware 1450793 139891064203072 should_redirect: user_authenticated=True, status=200, location=, result=False, path=/archivesSystem/api/files/download/
[INFO] 2026-06-03 18:13:35,438 middleware 1450790 139891064203072 should_redirect: user_authenticated=True, status=200, location=, result=False, path=/archivesSystem/api/files/manage/persons/
[INFO] 2026-06-03 18:13:46,484 middleware 1450788 139891064203072 should_redirect: user_authenticated=True, status=200, location=, result=False, path=/archivesSystem/api/files/manage/persons/
[INFO] 2026-06-03 18:13:46,486 middleware 1450793 139891064203072 should_redirect: user_authenticated=True, status=200, location=, result=False, path=/archivesSystem/files/dialog/edit/
[INFO] 2026-06-03 18:13:46,551 middleware 1450793 139891064203072 should_redirect: user_authenticated=True, status=200, location=, result=False, path=/archivesSystem/api/files/download/
[INFO] 2026-06-03 18:13:46,609 middleware 1450793 139891064203072 should_redirect: user_authenticated=True, status=200, location=, result=False, path=/archivesSystem/api/files/manage/persons/
[INFO] 2026-06-03 18:13:57,451 middleware 1450792 139891064203072 should_redirect: user_authenticated=True, status=200, location=, result=False, path=/archivesSystem/api/files/manage/list/
[INFO] 2026-06-03 18:14:00,076 middleware 1450793 139891064203072 should_redirect: user_authenticated=True, status=200, location=, result=False, path=/archivesSystem/api/files/manage/persons/
[INFO] 2026-06-03 18:14:00,088 middleware 1450795 139891064203072 should_redirect: user_authenticated=True, status=200, location=, result=False, path=/archivesSystem/files/dialog/edit/
[INFO] 2026-06-03 18:14:00,185 middleware 1450792 139891064203072 should_redirect: user_authenticated=True, status=200, location=, result=False, path=/archivesSystem/api/files/download/
[INFO] 2026-06-03 18:14:00,272 middleware 1450792 139891064203072 should_redirect: user_authenticated=True, status=200, location=, result=False, path=/archivesSystem/api/files/manage/persons/
[INFO] 2026-06-03 18:14:22,079 middleware 1450790 139891064203072 should_redirect: user_authenticated=True, status=200, location=, result=False, path=/archivesSystem/api/files/manage/list/
[INFO] 2026-06-03 18:14:22,084 middleware 1450794 139891064203072 should_redirect: user_authenticated=True, status=200, location=, result=False, path=/archivesSystem/files/dialog/edit/
[INFO] 2026-06-03 18:14:28,050 middleware 1450789 139891064203072 should_redirect: user_authenticated=True, status=200, location=, result=False, path=/archivesSystem/api/files/manage/persons/
[INFO] 2026-06-03 18:14:28,050 middleware 1450790 139891064203072 should_redirect: user_authenticated=True, status=200, location=, result=False, path=/archivesSystem/files/dialog/edit/
[INFO] 2026-06-03 18:14:28,082 middleware 1450789 139891064203072 should_redirect: user_authenticated=True, status=200, location=, result=False, path=/archivesSystem/api/files/download/
[INFO] 2026-06-03 18:14:28,220 middleware 1450789 139891064203072 should_redirect: user_authenticated=True, status=200, location=, result=False, path=/archivesSystem/api/files/manage/persons/
[INFO] 2026-06-03 18:16:23,132 middleware 1450795 139891064203072 should_redirect: user_authenticated=True, status=200, location=, result=False, path=/archivesSystem/files/dialog/edit/
[INFO] 2026-06-03 18:16:23,174 middleware 1450790 139891064203072 should_redirect: user_authenticated=True, status=200, location=, result=False, path=/archivesSystem/api/files/manage/list/
[INFO] 2026-06-03 18:16:33,430 middleware 1450792 139891064203072 should_redirect: user_authenticated=True, status=200, location=, result=False, path=/archivesSystem/api/files/manage/persons/
[INFO] 2026-06-03 18:16:33,439 middleware 1450792 139891064203072 should_redirect: user_authenticated=True, status=200, location=, result=False, path=/archivesSystem/files/dialog/edit/
[INFO] 2026-06-03 18:16:33,468 middleware 1450792 139891064203072 should_redirect: user_authenticated=True, status=200, location=, result=False, path=/archivesSystem/api/files/download/
[INFO] 2026-06-03 18:16:33,620 middleware 1450795 139891064203072 should_redirect: user_authenticated=True, status=200, location=, result=False, path=/archivesSystem/api/files/manage/persons/
[INFO] 2026-06-03 18:16:41,264 middleware 1450789 139891064203072 should_redirect: user_authenticated=True, status=200, location=, result=False, path=/archivesSystem/files/dialog/edit/
[INFO] 2026-06-03 18:16:41,276 middleware 1450793 139891064203072 should_redirect: user_authenticated=True, status=200, location=, result=False, path=/archivesSystem/api/files/manage/persons/
[INFO] 2026-06-03 18:16:41,351 middleware 1450788 139891064203072 should_redirect: user_authenticated=True, status=200, location=, result=False, path=/archivesSystem/api/files/download/
[INFO] 2026-06-03 18:16:41,398 middleware 1450794 139891064203072 should_redirect: user_authenticated=True, status=200, location=, result=False, path=/archivesSystem/api/files/manage/persons/
[INFO] 2026-06-03 18:16:51,487 middleware 1450789 139891064203072 should_redirect: user_authenticated=True, status=200, location=, result=False, path=/archivesSystem/files/dialog/edit/
[INFO] 2026-06-03 18:16:51,494 middleware 1450790 139891064203072 should_redirect: user_authenticated=True, status=200, location=, result=False, path=/archivesSystem/api/files/manage/list/
[INFO] 2026-06-03 18:17:08,365 middleware 1450793 139891064203072 should_redirect: user_authenticated=True, status=200, location=, result=False, path=/archivesSystem/files/dialog/edit/
[INFO] 2026-06-03 18:17:08,439 middleware 1450794 139891064203072 should_redirect: user_authenticated=True, status=200, location=, result=False, path=/archivesSystem/api/files/manage/persons/
[INFO] 2026-06-03 18:17:08,490 middleware 1450794 139891064203072 should_redirect: user_authenticated=True, status=200, location=, result=False, path=/archivesSystem/api/files/download/
[INFO] 2026-06-03 18:17:08,534 middleware 1450792 139891064203072 should_redirect: user_authenticated=True, status=200, location=, result=False, path=/archivesSystem/api/files/manage/persons/
[INFO] 2026-06-03 18:17:20,181 middleware 1450789 139891064203072 should_redirect: user_authenticated=True, status=200, location=, result=False, path=/archivesSystem/api/files/manage/list/
[INFO] 2026-06-03 18:17:20,186 middleware 1450791 139891064203072 should_redirect: user_authenticated=True, status=200, location=, result=False, path=/archivesSystem/files/dialog/edit/
[INFO] 2026-06-03 18:17:23,095 middleware 1450793 139891064203072 should_redirect: user_authenticated=True, status=200, location=, result=False, path=/archivesSystem/files/dialog/edit/
[INFO] 2026-06-03 18:17:23,101 middleware 1450790 139891064203072 should_redirect: user_authenticated=True, status=200, location=, result=False, path=/archivesSystem/api/files/manage/persons/
[INFO] 2026-06-03 18:17:23,170 middleware 1450790 139891064203072 should_redirect: user_authenticated=True, status=200, location=, result=False, path=/archivesSystem/api/files/download/
[INFO] 2026-06-03 18:17:23,231 middleware 1450790 139891064203072 should_redirect: user_authenticated=True, status=200, location=, result=False, path=/archivesSystem/api/files/manage/persons/
[INFO] 2026-06-03 18:19:16,730 middleware 1450789 139891064203072 should_redirect: user_authenticated=True, status=200, location=, result=False, path=/archivesSystem/files/dialog/edit/
[INFO] 2026-06-03 18:19:16,753 middleware 1450795 139891064203072 should_redirect: user_authenticated=True, status=200, location=, result=False, path=/archivesSystem/api/files/manage/persons/
[INFO] 2026-06-03 18:19:16,810 middleware 1450791 139891064203072 should_redirect: user_authenticated=True, status=200, location=, result=False, path=/archivesSystem/api/files/download/
[INFO] 2026-06-03 18:19:16,857 middleware 1450794 139891064203072 should_redirect: user_authenticated=True, status=200, location=, result=False, path=/archivesSystem/api/files/manage/persons/
[INFO] 2026-06-03 18:19:17,601 middleware 1450790 139891064203072 should_redirect: user_authenticated=True, status=200, location=, result=False, path=/archivesSystem/files/dialog/edit/
[INFO] 2026-06-03 18:19:17,615 middleware 1450793 139891064203072 should_redirect: user_authenticated=True, status=200, location=, result=False, path=/archivesSystem/api/files/manage/persons/
[INFO] 2026-06-03 18:19:17,909 middleware 1450793 139891064203072 should_redirect: user_authenticated=True, status=200, location=, result=False, path=/archivesSystem/api/files/download/
[INFO] 2026-06-03 18:19:17,983 middleware 1450792 139891064203072 should_redirect: user_authenticated=True, status=200, location=, result=False, path=/archivesSystem/api/files/manage/persons/
[INFO] 2026-06-03 18:19:19,234 middleware 1450790 139891064203072 should_redirect: user_authenticated=True, status=200, location=, result=False, path=/archivesSystem/files/dialog/edit/
[INFO] 2026-06-03 18:19:19,245 middleware 1450795 139891064203072 should_redirect: user_authenticated=True, status=200, location=, result=False, path=/archivesSystem/api/files/manage/persons/
[INFO] 2026-06-03 18:19:19,322 middleware 1450790 139891064203072 should_redirect: user_authenticated=True, status=200, location=, result=False, path=/archivesSystem/api/files/download/
[INFO] 2026-06-03 18:19:19,366 middleware 1450789 139891064203072 should_redirect: user_authenticated=True, status=200, location=, result=False, path=/archivesSystem/api/files/manage/persons/
[INFO] 2026-06-03 18:19:22,891 middleware 1450790 139891064203072 should_redirect: user_authenticated=True, status=200, location=, result=False, path=/archivesSystem/files/dialog/edit/
[INFO] 2026-06-03 18:19:22,900 middleware 1450794 139891064203072 should_redirect: user_authenticated=True, status=200, location=, result=False, path=/archivesSystem/api/files/manage/list/
[INFO] 2026-06-03 18:19:26,332 middleware 1450793 139891064203072 should_redirect: user_authenticated=True, status=200, location=, result=False, path=/archivesSystem/api/files/manage/list/
[INFO] 2026-06-03 18:19:28,791 middleware 1450795 139891064203072 should_redirect: user_authenticated=True, status=200, location=, result=False, path=/archivesSystem/files/dialog/edit/
[INFO] 2026-06-03 18:19:28,792 middleware 1450791 139891064203072 should_redirect: user_authenticated=True, status=200, location=, result=False, path=/archivesSystem/api/files/manage/persons/
[INFO] 2026-06-03 18:19:28,816 middleware 1450791 139891064203072 should_redirect: user_authenticated=True, status=200, location=, result=False, path=/archivesSystem/api/files/download/
[INFO] 2026-06-03 18:19:28,943 middleware 1450791 139891064203072 should_redirect: user_authenticated=True, status=200, location=, result=False, path=/archivesSystem/api/files/manage/persons/
[INFO] 2026-06-03 18:21:21,383 middleware 1450788 139891064203072 should_redirect: user_authenticated=True, status=200, location=, result=False, path=/archivesSystem/files/dialog/edit/
[INFO] 2026-06-03 18:21:21,397 middleware 1450792 139891064203072 should_redirect: user_authenticated=True, status=200, location=, result=False, path=/archivesSystem/api/files/manage/persons/
[INFO] 2026-06-03 18:21:21,442 middleware 1450792 139891064203072 should_redirect: user_authenticated=True, status=200, location=, result=False, path=/archivesSystem/api/files/download/
[INFO] 2026-06-03 18:21:21,527 middleware 1450794 139891064203072 should_redirect: user_authenticated=True, status=200, location=, result=False, path=/archivesSystem/api/files/manage/persons/
[INFO] 2026-06-03 18:21:25,480 middleware 1450789 139891064203072 should_redirect: user_authenticated=True, status=200, location=, result=False, path=/archivesSystem/files/dialog/edit/
[INFO] 2026-06-03 18:21:25,498 middleware 1450788 139891064203072 should_redirect: user_authenticated=True, status=200, location=, result=False, path=/archivesSystem/api/files/manage/list/
[INFO] 2026-06-03 18:21:29,975 middleware 1450790 139891064203072 should_redirect: user_authenticated=True, status=200, location=, result=False, path=/archivesSystem/api/files/manage/persons/
[INFO] 2026-06-03 18:21:29,978 middleware 1450789 139891064203072 should_redirect: user_authenticated=True, status=200, location=, result=False, path=/archivesSystem/files/dialog/edit/
[INFO] 2026-06-03 18:21:30,015 middleware 1450789 139891064203072 should_redirect: user_authenticated=True, status=200, location=, result=False, path=/archivesSystem/api/files/download/
[INFO] 2026-06-03 18:21:30,145 middleware 1450790 139891064203072 should_redirect: user_authenticated=True, status=200, location=, result=False, path=/archivesSystem/api/files/manage/persons/
[INFO] 2026-06-03 18:21:46,123 middleware 1450791 139891064203072 should_redirect: user_authenticated=True, status=200, location=, result=False, path=/archivesSystem/api/files/manage/persons/
[INFO] 2026-06-03 18:21:46,126 middleware 1450794 139891064203072 should_redirect: user_authenticated=True, status=200, location=, result=False, path=/archivesSystem/files/dialog/edit/
[INFO] 2026-06-03 18:21:46,161 middleware 1450790 139891064203072 should_redirect: user_authenticated=True, status=200, location=, result=False, path=/archivesSystem/api/files/download/
[INFO] 2026-06-03 18:21:46,254 middleware 1450789 139891064203072 should_redirect: user_authenticated=True, status=200, location=, result=False, path=/archivesSystem/api/files/manage/persons/
[INFO] 2026-06-03 18:23:19,224 middleware 1450791 139891064203072 should_redirect: user_authenticated=True, status=200, location=, result=False, path=/archivesSystem/files/dialog/edit/
[INFO] 2026-06-03 18:23:19,243 middleware 1450792 139891064203072 should_redirect: user_authenticated=True, status=200, location=, result=False, path=/archivesSystem/api/files/manage/persons/
[INFO] 2026-06-03 18:23:19,282 middleware 1450791 139891064203072 should_redirect: user_authenticated=True, status=200, location=, result=False, path=/archivesSystem/api/files/download/
[INFO] 2026-06-03 18:23:19,355 middleware 1450791 139891064203072 should_redirect: user_authenticated=True, status=200, location=, result=False, path=/archivesSystem/api/files/manage/persons/
[INFO] 2026-06-03 18:23:32,328 middleware 1450795 139891064203072 should_redirect: user_authenticated=True, status=200, location=, result=False, path=/archivesSystem/api/files/manage/persons/
[INFO] 2026-06-03 18:23:32,328 middleware 1450790 139891064203072 should_redirect: user_authenticated=True, status=200, location=, result=False, path=/archivesSystem/files/dialog/edit/
[INFO] 2026-06-03 18:23:32,345 middleware 1450795 139891064203072 should_redirect: user_authenticated=True, status=200, location=, result=False, path=/archivesSystem/api/files/download/
[INFO] 2026-06-03 18:23:32,465 middleware 1450792 139891064203072 should_redirect: user_authenticated=True, status=200, location=, result=False, path=/archivesSystem/api/files/manage/persons/
[INFO] 2026-06-03 18:27:33,486 middleware 1450791 139891064203072 should_redirect: user_authenticated=True, status=200, location=, result=False, path=/archivesSystem/files/dialog/edit/
[INFO] 2026-06-03 18:27:33,497 middleware 1450788 139891064203072 should_redirect: user_authenticated=True, status=200, location=, result=False, path=/archivesSystem/api/files/manage/persons/
[INFO] 2026-06-03 18:27:33,543 middleware 1450789 139891064203072 should_redirect: user_authenticated=True, status=200, location=, result=False, path=/archivesSystem/api/files/download/
[INFO] 2026-06-03 18:27:33,598 middleware 1450789 139891064203072 should_redirect: user_authenticated=True, status=200, location=, result=False, path=/archivesSystem/api/files/manage/persons/
[INFO] 2026-06-03 18:28:29,780 middleware 1450789 139891064203072 should_redirect: user_authenticated=True, status=200, location=, result=False, path=/archivesSystem/api/files/manage/persons/
[INFO] 2026-06-03 18:28:29,785 middleware 1450791 139891064203072 should_redirect: user_authenticated=True, status=200, location=, result=False, path=/archivesSystem/files/dialog/edit/
[INFO] 2026-06-03 18:28:29,822 middleware 1450790 139891064203072 should_redirect: user_authenticated=True, status=200, location=, result=False, path=/archivesSystem/api/files/download/
[INFO] 2026-06-03 18:28:29,911 middleware 1450790 139891064203072 should_redirect: user_authenticated=True, status=200, location=, result=False, path=/archivesSystem/api/files/manage/persons/
[INFO] 2026-06-03 18:30:38,229 middleware 1450794 139891064203072 should_redirect: user_authenticated=True, status=200, location=, result=False, path=/archivesSystem/files/dialog/edit/
[INFO] 2026-06-03 18:30:38,249 middleware 1450795 139891064203072 should_redirect: user_authenticated=True, status=200, location=, result=False, path=/archivesSystem/api/files/manage/persons/
[INFO] 2026-06-03 18:30:38,306 middleware 1450788 139891064203072 should_redirect: user_authenticated=True, status=200, location=, result=False, path=/archivesSystem/api/files/download/
[INFO] 2026-06-03 18:30:38,351 middleware 1450790 139891064203072 should_redirect: user_authenticated=True, status=200, location=, result=False, path=/archivesSystem/api/files/manage/persons/
[INFO] 2026-06-03 18:42:05,405 middleware 1450790 139891064203072 should_redirect: user_authenticated=True, status=200, location=, result=False, path=/archivesSystem/files/dialog/edit/
[INFO] 2026-06-03 18:42:05,431 middleware 1450789 139891064203072 should_redirect: user_authenticated=True, status=200, location=, result=False, path=/archivesSystem/api/files/manage/persons/
[INFO] 2026-06-03 18:42:05,486 middleware 1450789 139891064203072 should_redirect: user_authenticated=True, status=200, location=, result=False, path=/archivesSystem/api/files/download/
[INFO] 2026-06-03 18:42:05,513 middleware 1450789 139891064203072 should_redirect: user_authenticated=True, status=200, location=, result=False, path=/archivesSystem/api/files/manage/persons/
[INFO] 2026-06-03 18:42:10,023 middleware 1450794 139891064203072 should_redirect: user_authenticated=True, status=200, location=, result=False, path=/archivesSystem/files/dialog/edit/
[INFO] 2026-06-03 18:42:10,036 middleware 1450792 139891064203072 should_redirect: user_authenticated=True, status=200, location=, result=False, path=/archivesSystem/api/files/manage/persons/
[INFO] 2026-06-03 18:42:10,086 middleware 1450792 139891064203072 should_redirect: user_authenticated=True, status=200, location=, result=False, path=/archivesSystem/api/files/download/
[INFO] 2026-06-03 18:42:10,129 middleware 1450792 139891064203072 should_redirect: user_authenticated=True, status=200, location=, result=False, path=/archivesSystem/api/files/manage/persons/
[INFO] 2026-06-03 18:42:27,903 middleware 1450794 139891064203072 should_redirect: user_authenticated=True, status=200, location=, result=False, path=/archivesSystem/files/dialog/edit/
[INFO] 2026-06-03 18:42:27,906 middleware 1450791 139891064203072 should_redirect: user_authenticated=True, status=200, location=, result=False, path=/archivesSystem/api/files/manage/persons/
[INFO] 2026-06-03 18:42:27,925 middleware 1450791 139891064203072 should_redirect: user_authenticated=True, status=200, location=, result=False, path=/archivesSystem/api/files/download/
[INFO] 2026-06-03 18:42:28,049 middleware 1450792 139891064203072 should_redirect: user_authenticated=True, status=200, location=, result=False, path=/archivesSystem/api/files/manage/persons/
[INFO] 2026-06-03 18:42:44,681 middleware 1450795 139891064203072 should_redirect: user_authenticated=True, status=200, location=, result=False, path=/archivesSystem/files/dialog/edit/
[INFO] 2026-06-03 18:42:44,685 middleware 1450792 139891064203072 should_redirect: user_authenticated=True, status=200, location=, result=False, path=/archivesSystem/api/files/manage/persons/
[INFO] 2026-06-03 18:42:44,704 middleware 1450792 139891064203072 should_redirect: user_authenticated=True, status=200, location=, result=False, path=/archivesSystem/api/files/download/
[INFO] 2026-06-03 18:42:44,800 middleware 1450792 139891064203072 should_redirect: user_authenticated=True, status=200, location=, result=False, path=/archivesSystem/api/files/manage/persons/
[INFO] 2026-06-03 18:43:09,282 middleware 1450791 139891064203072 should_redirect: user_authenticated=True, status=200, location=, result=False, path=/archivesSystem/files/dialog/edit/
[INFO] 2026-06-03 18:43:09,286 middleware 1450793 139891064203072 should_redirect: user_authenticated=True, status=200, location=, result=False, path=/archivesSystem/api/files/manage/persons/
[INFO] 2026-06-03 18:43:09,336 middleware 1450791 139891064203072 should_redirect: user_authenticated=True, status=200, location=, result=False, path=/archivesSystem/api/files/download/
[INFO] 2026-06-03 18:43:09,402 middleware 1450791 139891064203072 should_redirect: user_authenticated=True, status=200, location=, result=False, path=/archivesSystem/api/files/manage/persons/
[INFO] 2026-06-03 18:57:35,341 middleware 1450790 139891064203072 should_redirect: user_authenticated=True, status=200, location=, result=False, path=/archivesSystem/files/dialog/edit/
[INFO] 2026-06-03 18:57:35,358 middleware 1450792 139891064203072 should_redirect: user_authenticated=True, status=200, location=, result=False, path=/archivesSystem/api/files/manage/persons/
[INFO] 2026-06-03 18:57:35,423 middleware 1450792 139891064203072 should_redirect: user_authenticated=True, status=200, location=, result=False, path=/archivesSystem/api/files/download/
[INFO] 2026-06-03 18:57:35,449 middleware 1450792 139891064203072 should_redirect: user_authenticated=True, status=200, location=, result=False, path=/archivesSystem/api/files/manage/persons/
[INFO] 2026-06-03 18:59:09,464 middleware 1450788 139891064203072 should_redirect: user_authenticated=True, status=200, location=, result=False, path=/archivesSystem/files/dialog/edit/
[INFO] 2026-06-03 18:59:09,474 middleware 1450793 139891064203072 should_redirect: user_authenticated=True, status=200, location=, result=False, path=/archivesSystem/api/files/manage/persons/
[INFO] 2026-06-03 18:59:09,511 middleware 1450793 139891064203072 should_redirect: user_authenticated=True, status=200, location=, result=False, path=/archivesSystem/api/files/download/
[INFO] 2026-06-03 18:59:09,592 middleware 1450789 139891064203072 should_redirect: user_authenticated=True, status=200, location=, result=False, path=/archivesSystem/api/files/manage/persons/
[INFO] 2026-06-03 18:59:25,352 middleware 1450793 139891064203072 should_redirect: user_authenticated=True, status=200, location=, result=False, path=/archivesSystem/api/files/manage/persons/
[INFO] 2026-06-03 18:59:25,358 middleware 1450794 139891064203072 should_redirect: user_authenticated=True, status=200, location=, result=False, path=/archivesSystem/files/dialog/edit/
[INFO] 2026-06-03 18:59:25,393 middleware 1450795 139891064203072 should_redirect: user_authenticated=True, status=200, location=, result=False, path=/archivesSystem/api/files/download/
[INFO] 2026-06-03 18:59:25,489 middleware 1450788 139891064203072 should_redirect: user_authenticated=True, status=200, location=, result=False, path=/archivesSystem/api/files/manage/persons/
[INFO] 2026-06-03 18:59:29,848 middleware 1450794 139891064203072 should_redirect: user_authenticated=True, status=200, location=, result=False, path=/archivesSystem/files/dialog/edit/
[INFO] 2026-06-03 18:59:29,853 middleware 1450790 139891064203072 should_redirect: user_authenticated=True, status=200, location=, result=False, path=/archivesSystem/api/files/manage/persons/
[INFO] 2026-06-03 18:59:29,879 middleware 1450790 139891064203072 should_redirect: user_authenticated=True, status=200, location=, result=False, path=/archivesSystem/api/files/download/
[INFO] 2026-06-03 18:59:30,001 middleware 1450792 139891064203072 should_redirect: user_authenticated=True, status=200, location=, result=False, path=/archivesSystem/api/files/manage/persons/
[INFO] 2026-06-03 18:59:35,958 middleware 1450791 139891064203072 should_redirect: user_authenticated=True, status=200, location=, result=False, path=/archivesSystem/files/dialog/edit/
[INFO] 2026-06-03 18:59:35,967 middleware 1450793 139891064203072 should_redirect: user_authenticated=True, status=200, location=, result=False, path=/archivesSystem/api/files/manage/persons/
[INFO] 2026-06-03 18:59:36,006 middleware 1450795 139891064203072 should_redirect: user_authenticated=True, status=200, location=, result=False, path=/archivesSystem/api/files/download/
[INFO] 2026-06-03 18:59:36,101 middleware 1450789 139891064203072 should_redirect: user_authenticated=True, status=200, location=, result=False, path=/archivesSystem/api/files/manage/persons/
[INFO] 2026-06-03 18:59:40,325 middleware 1450790 139891064203072 should_redirect: user_authenticated=True, status=200, location=, result=False, path=/archivesSystem/api/files/manage/persons/
[INFO] 2026-06-03 18:59:40,331 middleware 1450790 139891064203072 should_redirect: user_authenticated=True, status=200, location=, result=False, path=/archivesSystem/files/dialog/edit/
[INFO] 2026-06-03 18:59:40,344 middleware 1450790 139891064203072 should_redirect: user_authenticated=True, status=200, location=, result=False, path=/archivesSystem/api/files/download/
[INFO] 2026-06-03 18:59:40,444 middleware 1450790 139891064203072 should_redirect: user_authenticated=True, status=200, location=, result=False, path=/archivesSystem/api/files/manage/persons/
[INFO] 2026-06-03 19:02:52,066 middleware 1450795 139891064203072 should_redirect: user_authenticated=True, status=200, location=, result=False, path=/archivesSystem/files/dialog/edit/
[INFO] 2026-06-03 19:02:52,073 middleware 1450792 139891064203072 should_redirect: user_authenticated=True, status=200, location=, result=False, path=/archivesSystem/api/files/manage/persons/
[INFO] 2026-06-03 19:02:52,117 middleware 1450788 139891064203072 should_redirect: user_authenticated=True, status=200, location=, result=False, path=/archivesSystem/api/files/download/
[INFO] 2026-06-03 19:02:52,197 middleware 1450791 139891064203072 should_redirect: user_authenticated=True, status=200, location=, result=False, path=/archivesSystem/api/files/manage/persons/
[INFO] 2026-06-03 19:04:24,113 middleware 1450795 139891064203072 should_redirect: user_authenticated=True, status=200, location=, result=False, path=/archivesSystem/files/dialog/edit/
[INFO] 2026-06-03 19:04:24,125 middleware 1450791 139891064203072 should_redirect: user_authenticated=True, status=200, location=, result=False, path=/archivesSystem/api/files/manage/persons/
[INFO] 2026-06-03 19:04:24,180 middleware 1450795 139891064203072 should_redirect: user_authenticated=True, status=200, location=, result=False, path=/archivesSystem/api/files/download/
[INFO] 2026-06-03 19:04:24,223 middleware 1450795 139891064203072 should_redirect: user_authenticated=True, status=200, location=, result=False, path=/archivesSystem/api/files/manage/persons/
[INFO] 2026-06-03 19:04:25,621 middleware 1450789 139891064203072 should_redirect: user_authenticated=True, status=200, location=, result=False, path=/archivesSystem/files/dialog/edit/
[INFO] 2026-06-03 19:04:25,627 middleware 1450793 139891064203072 should_redirect: user_authenticated=True, status=200, location=, result=False, path=/archivesSystem/api/files/manage/persons/
[INFO] 2026-06-03 19:04:25,677 middleware 1450790 139891064203072 should_redirect: user_authenticated=True, status=200, location=, result=False, path=/archivesSystem/api/files/download/
[INFO] 2026-06-03 19:04:25,761 middleware 1450789 139891064203072 should_redirect: user_authenticated=True, status=200, location=, result=False, path=/archivesSystem/api/files/manage/persons/
[INFO] 2026-06-03 19:05:00,186 middleware 1450792 139891064203072 should_redirect: user_authenticated=True, status=200, location=, result=False, path=/archivesSystem/files/dialog/edit/
[INFO] 2026-06-03 19:05:00,190 middleware 1450789 139891064203072 should_redirect: user_authenticated=True, status=200, location=, result=False, path=/archivesSystem/api/files/manage/persons/
[INFO] 2026-06-03 19:05:00,233 middleware 1450788 139891064203072 should_redirect: user_authenticated=True, status=200, location=, result=False, path=/archivesSystem/api/files/download/
[INFO] 2026-06-03 19:05:00,296 middleware 1450788 139891064203072 should_redirect: user_authenticated=True, status=200, location=, result=False, path=/archivesSystem/api/files/manage/persons/
[INFO] 2026-06-03 19:24:58,635 middleware 1450789 139891064203072 should_redirect: user_authenticated=True, status=200, location=, result=False, path=/archivesSystem/files/dialog/edit/
[INFO] 2026-06-03 19:24:58,669 middleware 1450791 139891064203072 should_redirect: user_authenticated=True, status=200, location=, result=False, path=/archivesSystem/api/files/manage/list/
[INFO] 2026-06-03 19:25:04,038 middleware 1450793 139891064203072 should_redirect: user_authenticated=True, status=200, location=, result=False, path=/archivesSystem/api/files/manage/list/
[INFO] 2026-06-03 19:25:07,593 middleware 1450793 139891064203072 should_redirect: user_authenticated=True, status=200, location=, result=False, path=/archivesSystem/api/files/manage/persons/
[INFO] 2026-06-03 19:25:07,593 middleware 1450792 139891064203072 should_redirect: user_authenticated=True, status=200, location=, result=False, path=/archivesSystem/files/dialog/edit/
[INFO] 2026-06-03 19:25:07,636 middleware 1450792 139891064203072 should_redirect: user_authenticated=True, status=200, location=, result=False, path=/archivesSystem/api/files/download/
[INFO] 2026-06-03 19:25:07,741 middleware 1450792 139891064203072 should_redirect: user_authenticated=True, status=200, location=, result=False, path=/archivesSystem/api/files/manage/persons/
[INFO] 2026-06-03 19:26:07,330 middleware 1450793 139891064203072 should_redirect: user_authenticated=True, status=200, location=, result=False, path=/archivesSystem/files/dialog/edit/
[INFO] 2026-06-03 19:26:07,338 middleware 1450788 139891064203072 should_redirect: user_authenticated=True, status=200, location=, result=False, path=/archivesSystem/api/files/manage/persons/
[INFO] 2026-06-03 19:26:07,376 middleware 1450788 139891064203072 should_redirect: user_authenticated=True, status=200, location=, result=False, path=/archivesSystem/api/files/download/
[INFO] 2026-06-03 19:26:07,438 middleware 1450788 139891064203072 should_redirect: user_authenticated=True, status=200, location=, result=False, path=/archivesSystem/api/files/manage/persons/
[INFO] 2026-06-03 19:26:14,386 middleware 1450788 139891064203072 should_redirect: user_authenticated=True, status=200, location=, result=False, path=/archivesSystem/files/dialog/edit/
[INFO] 2026-06-03 19:26:14,406 middleware 1450795 139891064203072 should_redirect: user_authenticated=True, status=200, location=, result=False, path=/archivesSystem/api/files/manage/persons/
[INFO] 2026-06-03 19:26:14,457 middleware 1450795 139891064203072 should_redirect: user_authenticated=True, status=200, location=, result=False, path=/archivesSystem/api/files/download/
[INFO] 2026-06-03 19:26:14,501 middleware 1450795 139891064203072 should_redirect: user_authenticated=True, status=200, location=, result=False, path=/archivesSystem/api/files/manage/persons/
[INFO] 2026-06-03 19:26:56,071 middleware 1450795 139891064203072 should_redirect: user_authenticated=True, status=200, location=, result=False, path=/archivesSystem/api/files/manage/save/
[INFO] 2026-06-03 19:26:56,140 middleware 1450795 139891064203072 should_redirect: user_authenticated=True, status=200, location=, result=False, path=/archivesSystem/api/files/manage/list/
[INFO] 2026-06-03 19:26:59,095 middleware 1450792 139891064203072 should_redirect: user_authenticated=True, status=200, location=, result=False, path=/archivesSystem/files/dialog/edit/
[INFO] 2026-06-03 19:26:59,106 middleware 1450795 139891064203072 should_redirect: user_authenticated=True, status=200, location=, result=False, path=/archivesSystem/api/files/manage/persons/
[INFO] 2026-06-03 19:26:59,167 middleware 1450790 139891064203072 should_redirect: user_authenticated=True, status=200, location=, result=False, path=/archivesSystem/api/files/download/
[INFO] 2026-06-03 19:26:59,230 middleware 1450791 139891064203072 should_redirect: user_authenticated=True, status=200, location=, result=False, path=/archivesSystem/api/files/manage/persons/
[INFO] 2026-06-03 19:27:29,310 middleware 1450791 139891064203072 should_redirect: user_authenticated=True, status=200, location=, result=False, path=/archivesSystem/api/files/manage/save/
[INFO] 2026-06-03 19:27:29,391 middleware 1450791 139891064203072 should_redirect: user_authenticated=True, status=200, location=, result=False, path=/archivesSystem/api/files/manage/list/
[INFO] 2026-06-03 19:27:31,019 middleware 1450788 139891064203072 should_redirect: user_authenticated=True, status=200, location=, result=False, path=/archivesSystem/files/dialog/edit/
[INFO] 2026-06-03 19:27:31,035 middleware 1450791 139891064203072 should_redirect: user_authenticated=True, status=200, location=, result=False, path=/archivesSystem/api/files/manage/persons/
[INFO] 2026-06-03 19:27:31,119 middleware 1450795 139891064203072 should_redirect: user_authenticated=True, status=200, location=, result=False, path=/archivesSystem/api/files/download/
[INFO] 2026-06-03 19:27:31,142 middleware 1450790 139891064203072 should_redirect: user_authenticated=True, status=200, location=, result=False, path=/archivesSystem/api/files/manage/persons/
[INFO] 2026-06-03 19:27:40,555 middleware 1450788 139891064203072 should_redirect: user_authenticated=True, status=200, location=, result=False, path=/archivesSystem/api/files/manage/persons/
[INFO] 2026-06-03 19:27:40,560 middleware 1450788 139891064203072 should_redirect: user_authenticated=True, status=200, location=, result=False, path=/archivesSystem/files/dialog/edit/
[INFO] 2026-06-03 19:27:40,599 middleware 1450792 139891064203072 should_redirect: user_authenticated=True, status=200, location=, result=False, path=/archivesSystem/api/files/download/
[INFO] 2026-06-03 19:27:40,700 middleware 1450789 139891064203072 should_redirect: user_authenticated=True, status=200, location=, result=False, path=/archivesSystem/api/files/manage/persons/
[INFO] 2026-06-03 19:27:51,711 middleware 1450795 139891064203072 should_redirect: user_authenticated=True, status=200, location=, result=False, path=/archivesSystem/files/dialog/edit/
[INFO] 2026-06-03 19:27:51,714 middleware 1450792 139891064203072 should_redirect: user_authenticated=True, status=200, location=, result=False, path=/archivesSystem/api/files/manage/persons/
[INFO] 2026-06-03 19:27:51,752 middleware 1450790 139891064203072 should_redirect: user_authenticated=True, status=200, location=, result=False, path=/archivesSystem/api/files/download/
[INFO] 2026-06-03 19:27:51,848 middleware 1450793 139891064203072 should_redirect: user_authenticated=True, status=200, location=, result=False, path=/archivesSystem/api/files/manage/persons/
[INFO] 2026-06-03 19:29:43,860 middleware 1450790 139891064203072 should_redirect: user_authenticated=True, status=200, location=, result=False, path=/archivesSystem/api/files/manage/save/
[INFO] 2026-06-03 19:29:43,947 middleware 1450790 139891064203072 should_redirect: user_authenticated=True, status=200, location=, result=False, path=/archivesSystem/api/files/manage/list/
[INFO] 2026-06-03 19:29:46,567 middleware 1450792 139891064203072 should_redirect: user_authenticated=True, status=200, location=, result=False, path=/archivesSystem/files/dialog/edit/
[INFO] 2026-06-03 19:29:46,568 middleware 1450788 139891064203072 should_redirect: user_authenticated=True, status=200, location=, result=False, path=/archivesSystem/api/files/manage/persons/
[INFO] 2026-06-03 19:29:46,589 middleware 1450788 139891064203072 should_redirect: user_authenticated=True, status=200, location=, result=False, path=/archivesSystem/api/files/download/
[INFO] 2026-06-03 19:29:46,674 middleware 1450788 139891064203072 should_redirect: user_authenticated=True, status=200, location=, result=False, path=/archivesSystem/api/files/manage/persons/
[INFO] 2026-06-03 19:29:54,363 middleware 1450790 139891064203072 should_redirect: user_authenticated=True, status=200, location=, result=False, path=/archivesSystem/api/files/manage/persons/
[INFO] 2026-06-03 19:30:38,040 middleware 1450794 139891064203072 should_redirect: user_authenticated=True, status=200, location=, result=False, path=/archivesSystem/api/files/manage/rename/
[INFO] 2026-06-03 19:30:38,104 middleware 1450793 139891064203072 should_redirect: user_authenticated=True, status=200, location=, result=False, path=/archivesSystem/files/dialog/edit/
[INFO] 2026-06-03 19:30:38,107 middleware 1450790 139891064203072 should_redirect: user_authenticated=True, status=200, location=, result=False, path=/archivesSystem/api/files/manage/persons/
[INFO] 2026-06-03 19:30:38,114 middleware 1450794 139891064203072 should_redirect: user_authenticated=True, status=200, location=, result=False, path=/archivesSystem/api/files/manage/list/
[INFO] 2026-06-03 19:30:38,776 middleware 1450790 139891064203072 should_redirect: user_authenticated=True, status=200, location=, result=False, path=/archivesSystem/api/files/manage/persons/
[INFO] 2026-06-03 19:31:26,485 middleware 1450790 139891064203072 should_redirect: user_authenticated=True, status=200, location=, result=False, path=/archivesSystem/api/files/manage/save/
[INFO] 2026-06-03 19:31:26,585 middleware 1450789 139891064203072 should_redirect: user_authenticated=True, status=200, location=, result=False, path=/archivesSystem/api/files/manage/list/
[INFO] 2026-06-03 19:31:32,265 middleware 1450792 139891064203072 should_redirect: user_authenticated=True, status=200, location=, result=False, path=/archivesSystem/files/dialog/edit/
[INFO] 2026-06-03 19:31:32,270 middleware 1450791 139891064203072 should_redirect: user_authenticated=True, status=200, location=, result=False, path=/archivesSystem/api/files/manage/persons/
[INFO] 2026-06-03 19:31:32,292 middleware 1450791 139891064203072 should_redirect: user_authenticated=True, status=200, location=, result=False, path=/archivesSystem/api/files/download/
[INFO] 2026-06-03 19:31:32,386 middleware 1450791 139891064203072 should_redirect: user_authenticated=True, status=200, location=, result=False, path=/archivesSystem/api/files/manage/persons/
[INFO] 2026-06-03 19:31:39,381 middleware 1450789 139891064203072 should_redirect: user_authenticated=True, status=200, location=, result=False, path=/archivesSystem/files/dialog/edit/
[INFO] 2026-06-03 19:31:39,397 middleware 1450790 139891064203072 should_redirect: user_authenticated=True, status=200, location=, result=False, path=/archivesSystem/api/files/manage/persons/
[INFO] 2026-06-03 19:31:39,452 middleware 1450790 139891064203072 should_redirect: user_authenticated=True, status=200, location=, result=False, path=/archivesSystem/api/files/download/
[INFO] 2026-06-03 19:31:39,496 middleware 1450790 139891064203072 should_redirect: user_authenticated=True, status=200, location=, result=False, path=/archivesSystem/api/files/manage/persons/
[INFO] 2026-06-03 19:31:46,474 middleware 1450794 139891064203072 should_redirect: user_authenticated=True, status=200, location=, result=False, path=/archivesSystem/api/files/manage/persons/
[INFO] 2026-06-03 19:32:20,299 middleware 1450794 139891064203072 should_redirect: user_authenticated=True, status=200, location=, result=False, path=/archivesSystem/api/files/manage/rename/
[INFO] 2026-06-03 19:32:20,353 middleware 1450794 139891064203072 should_redirect: user_authenticated=True, status=200, location=, result=False, path=/archivesSystem/api/files/manage/list/
[INFO] 2026-06-03 19:32:20,353 middleware 1450795 139891064203072 should_redirect: user_authenticated=True, status=200, location=, result=False, path=/archivesSystem/files/dialog/edit/
[INFO] 2026-06-03 19:32:20,357 middleware 1450792 139891064203072 should_redirect: user_authenticated=True, status=200, location=, result=False, path=/archivesSystem/api/files/manage/persons/
[INFO] 2026-06-03 19:32:20,864 middleware 1450792 139891064203072 should_redirect: user_authenticated=True, status=200, location=, result=False, path=/archivesSystem/api/files/manage/persons/
[INFO] 2026-06-03 19:32:25,716 middleware 1450790 139891064203072 should_redirect: user_authenticated=True, status=200, location=, result=False, path=/archivesSystem/api/files/manage/persons/
[INFO] 2026-06-03 19:32:25,720 middleware 1450788 139891064203072 should_redirect: user_authenticated=True, status=200, location=, result=False, path=/archivesSystem/files/dialog/edit/
[INFO] 2026-06-03 19:32:25,759 middleware 1450788 139891064203072 should_redirect: user_authenticated=True, status=200, location=, result=False, path=/archivesSystem/api/files/download/
[INFO] 2026-06-03 19:32:25,866 middleware 1450794 139891064203072 should_redirect: user_authenticated=True, status=200, location=, result=False, path=/archivesSystem/api/files/manage/persons/
[INFO] 2026-06-03 19:32:31,522 middleware 1450793 139891064203072 should_redirect: user_authenticated=True, status=200, location=, result=False, path=/archivesSystem/api/files/manage/persons/
[INFO] 2026-06-03 19:32:38,015 middleware 1450792 139891064203072 should_redirect: user_authenticated=True, status=200, location=, result=False, path=/archivesSystem/api/files/manage/rename/
[INFO] 2026-06-03 19:32:38,109 middleware 1450788 139891064203072 should_redirect: user_authenticated=True, status=200, location=, result=False, path=/archivesSystem/api/files/manage/list/
[INFO] 2026-06-03 19:32:41,851 middleware 1450795 139891064203072 should_redirect: user_authenticated=True, status=200, location=, result=False, path=/archivesSystem/files/dialog/edit/
[INFO] 2026-06-03 19:32:41,893 middleware 1450788 139891064203072 should_redirect: user_authenticated=True, status=200, location=, result=False, path=/archivesSystem/api/files/manage/persons/
[INFO] 2026-06-03 19:32:41,919 middleware 1450788 139891064203072 should_redirect: user_authenticated=True, status=200, location=, result=False, path=/archivesSystem/api/files/download/
[INFO] 2026-06-03 19:32:41,982 middleware 1450795 139891064203072 should_redirect: user_authenticated=True, status=200, location=, result=False, path=/archivesSystem/api/files/manage/persons/
[INFO] 2026-06-03 19:32:45,927 middleware 1450793 139891064203072 should_redirect: user_authenticated=True, status=200, location=, result=False, path=/archivesSystem/files/dialog/edit/
[INFO] 2026-06-03 19:32:45,938 middleware 1450791 139891064203072 should_redirect: user_authenticated=True, status=200, location=, result=False, path=/archivesSystem/api/files/manage/persons/
[INFO] 2026-06-03 19:32:45,979 middleware 1450791 139891064203072 should_redirect: user_authenticated=True, status=200, location=, result=False, path=/archivesSystem/api/files/download/
[INFO] 2026-06-03 19:32:46,066 middleware 1450791 139891064203072 should_redirect: user_authenticated=True, status=200, location=, result=False, path=/archivesSystem/api/files/manage/persons/
[INFO] 2026-06-03 19:32:52,560 middleware 1450792 139891064203072 should_redirect: user_authenticated=True, status=200, location=, result=False, path=/archivesSystem/api/files/manage/persons/
[INFO] 2026-06-03 19:32:58,764 middleware 1450788 139891064203072 should_redirect: user_authenticated=True, status=200, location=, result=False, path=/archivesSystem/api/files/manage/persons/
[INFO] 2026-06-03 19:33:43,066 middleware 1450789 139891064203072 should_redirect: user_authenticated=True, status=200, location=, result=False, path=/archivesSystem/api/files/manage/rename/
[INFO] 2026-06-03 19:33:43,114 middleware 1450794 139891064203072 should_redirect: user_authenticated=True, status=200, location=, result=False, path=/archivesSystem/files/dialog/edit/
[INFO] 2026-06-03 19:33:43,118 middleware 1450790 139891064203072 should_redirect: user_authenticated=True, status=200, location=, result=False, path=/archivesSystem/api/files/manage/persons/
[INFO] 2026-06-03 19:33:43,142 middleware 1450792 139891064203072 should_redirect: user_authenticated=True, status=200, location=, result=False, path=/archivesSystem/api/files/manage/list/
[INFO] 2026-06-03 19:33:43,531 middleware 1450792 139891064203072 should_redirect: user_authenticated=True, status=200, location=, result=False, path=/archivesSystem/api/files/manage/persons/
[INFO] 2026-06-03 19:33:48,603 middleware 1450788 139891064203072 should_redirect: user_authenticated=True, status=200, location=, result=False, path=/archivesSystem/files/dialog/edit/
[INFO] 2026-06-03 19:33:48,612 middleware 1450793 139891064203072 should_redirect: user_authenticated=True, status=200, location=, result=False, path=/archivesSystem/api/files/manage/persons/
[INFO] 2026-06-03 19:33:48,657 middleware 1450793 139891064203072 should_redirect: user_authenticated=True, status=200, location=, result=False, path=/archivesSystem/api/files/download/
[INFO] 2026-06-03 19:33:48,725 middleware 1450793 139891064203072 should_redirect: user_authenticated=True, status=200, location=, result=False, path=/archivesSystem/api/files/manage/persons/
[INFO] 2026-06-03 19:33:53,995 middleware 1450789 139891064203072 should_redirect: user_authenticated=True, status=200, location=, result=False, path=/archivesSystem/api/files/manage/persons/
[INFO] 2026-06-03 19:34:24,038 middleware 1450791 139891064203072 should_redirect: user_authenticated=True, status=200, location=, result=False, path=/archivesSystem/api/files/manage/rename/
[INFO] 2026-06-03 19:34:24,077 middleware 1450788 139891064203072 should_redirect: user_authenticated=True, status=200, location=, result=False, path=/archivesSystem/files/dialog/edit/
[INFO] 2026-06-03 19:34:24,081 middleware 1450790 139891064203072 should_redirect: user_authenticated=True, status=200, location=, result=False, path=/archivesSystem/api/files/manage/persons/
[INFO] 2026-06-03 19:34:24,089 middleware 1450791 139891064203072 should_redirect: user_authenticated=True, status=200, location=, result=False, path=/archivesSystem/api/files/manage/list/
[INFO] 2026-06-03 19:34:24,526 middleware 1450791 139891064203072 should_redirect: user_authenticated=True, status=200, location=, result=False, path=/archivesSystem/api/files/manage/persons/
[INFO] 2026-06-03 19:34:36,030 middleware 1450795 139891064203072 should_redirect: user_authenticated=True, status=200, location=, result=False, path=/archivesSystem/api/files/manage/persons/
[INFO] 2026-06-03 19:34:36,039 middleware 1450795 139891064203072 should_redirect: user_authenticated=True, status=200, location=, result=False, path=/archivesSystem/files/dialog/edit/
[INFO] 2026-06-03 19:34:36,055 middleware 1450795 139891064203072 should_redirect: user_authenticated=True, status=200, location=, result=False, path=/archivesSystem/api/files/download/
[INFO] 2026-06-03 19:34:36,181 middleware 1450789 139891064203072 should_redirect: user_authenticated=True, status=200, location=, result=False, path=/archivesSystem/api/files/manage/persons/
[INFO] 2026-06-03 19:34:43,865 middleware 1450792 139891064203072 should_redirect: user_authenticated=True, status=200, location=, result=False, path=/archivesSystem/api/files/manage/persons/
[INFO] 2026-06-03 19:35:26,389 middleware 1450790 139891064203072 should_redirect: user_authenticated=True, status=200, location=, result=False, path=/archivesSystem/api/files/manage/rename/
[INFO] 2026-06-03 19:35:26,428 middleware 1450793 139891064203072 should_redirect: user_authenticated=True, status=200, location=, result=False, path=/archivesSystem/files/dialog/edit/
[INFO] 2026-06-03 19:35:26,438 middleware 1450788 139891064203072 should_redirect: user_authenticated=True, status=200, location=, result=False, path=/archivesSystem/api/files/manage/persons/
[INFO] 2026-06-03 19:35:26,461 middleware 1450794 139891064203072 should_redirect: user_authenticated=True, status=200, location=, result=False, path=/archivesSystem/api/files/manage/list/
[INFO] 2026-06-03 19:35:26,867 middleware 1450794 139891064203072 should_redirect: user_authenticated=True, status=200, location=, result=False, path=/archivesSystem/api/files/manage/persons/
[INFO] 2026-06-03 19:35:56,452 middleware 1450790 139891064203072 should_redirect: user_authenticated=True, status=200, location=, result=False, path=/archivesSystem/files/dialog/edit/
[INFO] 2026-06-03 19:35:56,454 middleware 1450788 139891064203072 should_redirect: user_authenticated=True, status=200, location=, result=False, path=/archivesSystem/api/files/manage/persons/
[INFO] 2026-06-03 19:35:56,473 middleware 1450788 139891064203072 should_redirect: user_authenticated=True, status=200, location=, result=False, path=/archivesSystem/api/files/download/
[INFO] 2026-06-03 19:35:56,624 middleware 1450789 139891064203072 should_redirect: user_authenticated=True, status=200, location=, result=False, path=/archivesSystem/api/files/manage/persons/
[INFO] 2026-06-03 19:36:01,645 middleware 1450790 139891064203072 should_redirect: user_authenticated=True, status=200, location=, result=False, path=/archivesSystem/files/dialog/edit/
[INFO] 2026-06-03 19:36:01,652 middleware 1450792 139891064203072 should_redirect: user_authenticated=True, status=200, location=, result=False, path=/archivesSystem/api/files/manage/persons/
[INFO] 2026-06-03 19:36:01,698 middleware 1450792 139891064203072 should_redirect: user_authenticated=True, status=200, location=, result=False, path=/archivesSystem/api/files/download/
[INFO] 2026-06-03 19:36:02,077 middleware 1450795 139891064203072 should_redirect: user_authenticated=True, status=200, location=, result=False, path=/archivesSystem/api/files/manage/persons/
[INFO] 2026-06-03 19:36:09,427 middleware 1450795 139891064203072 should_redirect: user_authenticated=True, status=200, location=, result=False, path=/archivesSystem/files/dialog/edit/
[INFO] 2026-06-03 19:36:09,441 middleware 1450793 139891064203072 should_redirect: user_authenticated=True, status=200, location=, result=False, path=/archivesSystem/api/files/manage/persons/
[INFO] 2026-06-03 19:36:09,504 middleware 1450789 139891064203072 should_redirect: user_authenticated=True, status=200, location=, result=False, path=/archivesSystem/api/files/download/
[INFO] 2026-06-03 19:36:09,537 middleware 1450789 139891064203072 should_redirect: user_authenticated=True, status=200, location=, result=False, path=/archivesSystem/api/files/manage/persons/
[INFO] 2026-06-03 19:36:13,964 middleware 1450793 139891064203072 should_redirect: user_authenticated=True, status=200, location=, result=False, path=/archivesSystem/files/dialog/edit/
[INFO] 2026-06-03 19:36:13,981 middleware 1450792 139891064203072 should_redirect: user_authenticated=True, status=200, location=, result=False, path=/archivesSystem/api/files/manage/persons/
[INFO] 2026-06-03 19:36:14,082 middleware 1450792 139891064203072 should_redirect: user_authenticated=True, status=200, location=, result=False, path=/archivesSystem/api/files/download/
[INFO] 2026-06-03 19:36:14,376 middleware 1450789 139891064203072 should_redirect: user_authenticated=True, status=200, location=, result=False, path=/archivesSystem/api/files/manage/persons/
[INFO] 2026-06-03 19:36:16,897 middleware 1450795 139891064203072 should_redirect: user_authenticated=True, status=200, location=, result=False, path=/archivesSystem/api/files/manage/list/
[INFO] 2026-06-03 19:36:16,908 middleware 1450795 139891064203072 should_redirect: user_authenticated=True, status=200, location=, result=False, path=/archivesSystem/files/dialog/edit/
[INFO] 2026-06-03 19:36:17,895 middleware 1450795 139891064203072 should_redirect: user_authenticated=True, status=200, location=, result=False, path=/archivesSystem/api/files/manage/list/
[INFO] 2026-06-03 19:36:19,008 middleware 1450793 139891064203072 should_redirect: user_authenticated=True, status=200, location=, result=False, path=/archivesSystem/api/files/manage/list/
[INFO] 2026-06-03 19:36:41,715 middleware 1450789 139891064203072 should_redirect: user_authenticated=True, status=200, location=, result=False, path=/archivesSystem/api/files/manage/persons/
[INFO] 2026-06-03 19:36:41,721 middleware 1450789 139891064203072 should_redirect: user_authenticated=True, status=200, location=, result=False, path=/archivesSystem/files/dialog/edit/
[INFO] 2026-06-03 19:36:41,747 middleware 1450789 139891064203072 should_redirect: user_authenticated=True, status=200, location=, result=False, path=/archivesSystem/api/files/download/
[INFO] 2026-06-03 19:36:42,002 middleware 1450790 139891064203072 should_redirect: user_authenticated=True, status=200, location=, result=False, path=/archivesSystem/api/files/manage/persons/
[INFO] 2026-06-03 19:36:53,591 middleware 1450789 139891064203072 should_redirect: user_authenticated=True, status=200, location=, result=False, path=/archivesSystem/auto-names/
[INFO] 2026-06-03 19:36:53,883 middleware 1450794 139891064203072 should_redirect: user_authenticated=True, status=200, location=, result=False, path=/archivesSystem/api/auto-names/list/
[INFO] 2026-06-03 19:36:53,884 middleware 1450791 139891064203072 should_redirect: user_authenticated=True, status=200, location=, result=False, path=/archivesSystem/api/auto-names/fl/
[INFO] 2026-06-03 19:36:57,603 middleware 1450790 139891064203072 should_redirect: user_authenticated=True, status=200, location=, result=False, path=/archivesSystem/files/dialog/edit/
[INFO] 2026-06-03 19:36:57,621 middleware 1450788 139891064203072 should_redirect: user_authenticated=True, status=200, location=, result=False, path=/archivesSystem/api/files/manage/list/
[INFO] 2026-06-03 19:36:58,585 middleware 1450793 139891064203072 should_redirect: user_authenticated=True, status=200, location=, result=False, path=/archivesSystem/api/files/manage/list/
[INFO] 2026-06-03 19:37:03,443 middleware 1450788 139891064203072 should_redirect: user_authenticated=True, status=200, location=, result=False, path=/archivesSystem/files/dialog/edit/
[INFO] 2026-06-03 19:37:03,447 middleware 1450791 139891064203072 should_redirect: user_authenticated=True, status=200, location=, result=False, path=/archivesSystem/api/files/manage/persons/
[INFO] 2026-06-03 19:37:03,496 middleware 1450793 139891064203072 should_redirect: user_authenticated=True, status=200, location=, result=False, path=/archivesSystem/api/files/download/
[INFO] 2026-06-03 19:37:03,610 middleware 1450793 139891064203072 should_redirect: user_authenticated=True, status=200, location=, result=False, path=/archivesSystem/api/files/manage/persons/
[INFO] 2026-06-03 19:37:05,735 middleware 1450794 139891064203072 should_redirect: user_authenticated=True, status=200, location=, result=False, path=/archivesSystem/files/dialog/edit/
[INFO] 2026-06-03 19:37:05,745 middleware 1450793 139891064203072 should_redirect: user_authenticated=True, status=200, location=, result=False, path=/archivesSystem/api/files/manage/persons/
[INFO] 2026-06-03 19:37:05,785 middleware 1450791 139891064203072 should_redirect: user_authenticated=True, status=200, location=, result=False, path=/archivesSystem/api/files/download/
[INFO] 2026-06-03 19:37:05,987 middleware 1450790 139891064203072 should_redirect: user_authenticated=True, status=200, location=, result=False, path=/archivesSystem/api/files/manage/persons/
[INFO] 2026-06-03 19:37:12,880 middleware 1450790 139891064203072 should_redirect: user_authenticated=True, status=200, location=, result=False, path=/archivesSystem/files/dialog/edit/
[INFO] 2026-06-03 19:37:12,885 middleware 1450788 139891064203072 should_redirect: user_authenticated=True, status=200, location=, result=False, path=/archivesSystem/api/files/manage/persons/
[INFO] 2026-06-03 19:37:12,945 middleware 1450788 139891064203072 should_redirect: user_authenticated=True, status=200, location=, result=False, path=/archivesSystem/api/files/download/
[INFO] 2026-06-03 19:37:13,162 middleware 1450788 139891064203072 should_redirect: user_authenticated=True, status=200, location=, result=False, path=/archivesSystem/api/files/manage/persons/
[INFO] 2026-06-03 19:37:27,713 middleware 1450791 139891064203072 should_redirect: user_authenticated=True, status=200, location=, result=False, path=/archivesSystem/files/dialog/edit/
[INFO] 2026-06-03 19:37:27,721 middleware 1450792 139891064203072 should_redirect: user_authenticated=True, status=200, location=, result=False, path=/archivesSystem/api/files/manage/persons/
[INFO] 2026-06-03 19:37:27,749 middleware 1450792 139891064203072 should_redirect: user_authenticated=True, status=200, location=, result=False, path=/archivesSystem/api/files/download/
[INFO] 2026-06-03 19:37:27,957 middleware 1450795 139891064203072 should_redirect: user_authenticated=True, status=200, location=, result=False, path=/archivesSystem/api/files/manage/persons/
[INFO] 2026-06-03 19:38:51,206 middleware 1450788 139891064203072 should_redirect: user_authenticated=True, status=200, location=, result=False, path=/archivesSystem/files/dialog/edit/
[INFO] 2026-06-03 19:38:51,243 middleware 1450794 139891064203072 should_redirect: user_authenticated=True, status=200, location=, result=False, path=/archivesSystem/api/files/manage/list/
[INFO] 2026-06-03 19:39:00,339 middleware 1450793 139891064203072 should_redirect: user_authenticated=True, status=200, location=, result=False, path=/archivesSystem/files/dialog/edit/
[INFO] 2026-06-03 19:39:00,340 middleware 1450789 139891064203072 should_redirect: user_authenticated=True, status=200, location=, result=False, path=/archivesSystem/api/files/manage/persons/
[INFO] 2026-06-03 19:39:00,367 middleware 1450789 139891064203072 should_redirect: user_authenticated=True, status=200, location=, result=False, path=/archivesSystem/api/files/download/
[INFO] 2026-06-03 19:39:00,521 middleware 1450789 139891064203072 should_redirect: user_authenticated=True, status=200, location=, result=False, path=/archivesSystem/api/files/manage/persons/
[INFO] 2026-06-03 19:39:08,663 middleware 1450791 139891064203072 should_redirect: user_authenticated=True, status=200, location=, result=False, path=/archivesSystem/files/dialog/edit/
[INFO] 2026-06-03 19:39:08,671 middleware 1450795 139891064203072 should_redirect: user_authenticated=True, status=200, location=, result=False, path=/archivesSystem/api/files/manage/persons/
[INFO] 2026-06-03 19:39:08,750 middleware 1450790 139891064203072 should_redirect: user_authenticated=True, status=200, location=, result=False, path=/archivesSystem/api/files/download/
[INFO] 2026-06-03 19:39:08,795 middleware 1450790 139891064203072 should_redirect: user_authenticated=True, status=200, location=, result=False, path=/archivesSystem/api/files/manage/persons/
[INFO] 2026-06-03 19:39:19,289 middleware 1450793 139891064203072 should_redirect: user_authenticated=True, status=200, location=, result=False, path=/archivesSystem/files/dialog/edit/
[INFO] 2026-06-03 19:39:19,298 middleware 1450792 139891064203072 should_redirect: user_authenticated=True, status=200, location=, result=False, path=/archivesSystem/api/files/manage/persons/
[INFO] 2026-06-03 19:39:19,321 middleware 1450792 139891064203072 should_redirect: user_authenticated=True, status=200, location=, result=False, path=/archivesSystem/api/files/download/
[INFO] 2026-06-03 19:39:19,425 middleware 1450792 139891064203072 should_redirect: user_authenticated=True, status=200, location=, result=False, path=/archivesSystem/api/files/manage/persons/
[INFO] 2026-06-03 19:39:33,642 middleware 1450792 139891064203072 should_redirect: user_authenticated=True, status=200, location=, result=False, path=/archivesSystem/files/dialog/edit/
[INFO] 2026-06-03 19:39:33,651 middleware 1450789 139891064203072 should_redirect: user_authenticated=True, status=200, location=, result=False, path=/archivesSystem/api/files/manage/persons/
[INFO] 2026-06-03 19:39:33,669 middleware 1450789 139891064203072 should_redirect: user_authenticated=True, status=200, location=, result=False, path=/archivesSystem/api/files/download/
[INFO] 2026-06-03 19:39:33,775 middleware 1450791 139891064203072 should_redirect: user_authenticated=True, status=200, location=, result=False, path=/archivesSystem/api/files/manage/persons/
[INFO] 2026-06-03 19:39:38,914 middleware 1450789 139891064203072 should_redirect: user_authenticated=True, status=200, location=, result=False, path=/archivesSystem/files/dialog/edit/
[INFO] 2026-06-03 19:39:38,922 middleware 1450788 139891064203072 should_redirect: user_authenticated=True, status=200, location=, result=False, path=/archivesSystem/api/files/manage/persons/
[INFO] 2026-06-03 19:39:38,968 middleware 1450788 139891064203072 should_redirect: user_authenticated=True, status=200, location=, result=False, path=/archivesSystem/api/files/download/
[INFO] 2026-06-03 19:39:39,050 middleware 1450788 139891064203072 should_redirect: user_authenticated=True, status=200, location=, result=False, path=/archivesSystem/api/files/manage/persons/
[INFO] 2026-06-03 19:40:02,033 middleware 1450795 139891064203072 should_redirect: user_authenticated=True, status=200, location=, result=False, path=/archivesSystem/files/dialog/edit/
[INFO] 2026-06-03 19:40:02,040 middleware 1450790 139891064203072 should_redirect: user_authenticated=True, status=200, location=, result=False, path=/archivesSystem/api/files/manage/persons/
[INFO] 2026-06-03 19:40:02,106 middleware 1450790 139891064203072 should_redirect: user_authenticated=True, status=200, location=, result=False, path=/archivesSystem/api/files/download/
[INFO] 2026-06-03 19:40:02,205 middleware 1450790 139891064203072 should_redirect: user_authenticated=True, status=200, location=, result=False, path=/archivesSystem/api/files/manage/persons/
[INFO] 2026-06-03 19:40:07,773 middleware 1450792 139891064203072 should_redirect: user_authenticated=True, status=200, location=, result=False, path=/archivesSystem/files/dialog/edit/
[INFO] 2026-06-03 19:40:07,791 middleware 1450793 139891064203072 should_redirect: user_authenticated=True, status=200, location=, result=False, path=/archivesSystem/api/files/manage/persons/
[INFO] 2026-06-03 19:40:07,837 middleware 1450793 139891064203072 should_redirect: user_authenticated=True, status=200, location=, result=False, path=/archivesSystem/api/files/download/
[INFO] 2026-06-03 19:40:07,876 middleware 1450793 139891064203072 should_redirect: user_authenticated=True, status=200, location=, result=False, path=/archivesSystem/api/files/manage/persons/
[INFO] 2026-06-03 19:40:27,451 middleware 1450790 139891064203072 should_redirect: user_authenticated=True, status=200, location=, result=False, path=/archivesSystem/files/dialog/edit/
[INFO] 2026-06-03 19:40:27,467 middleware 1450791 139891064203072 should_redirect: user_authenticated=True, status=200, location=, result=False, path=/archivesSystem/api/files/manage/persons/
[INFO] 2026-06-03 19:40:27,501 middleware 1450791 139891064203072 should_redirect: user_authenticated=True, status=200, location=, result=False, path=/archivesSystem/api/files/download/
[INFO] 2026-06-03 19:40:27,559 middleware 1450791 139891064203072 should_redirect: user_authenticated=True, status=200, location=, result=False, path=/archivesSystem/api/files/manage/persons/
[INFO] 2026-06-03 19:40:33,801 middleware 1450789 139891064203072 should_redirect: user_authenticated=True, status=200, location=, result=False, path=/archivesSystem/files/dialog/edit/
[INFO] 2026-06-03 19:40:33,809 middleware 1450793 139891064203072 should_redirect: user_authenticated=True, status=200, location=, result=False, path=/archivesSystem/api/files/manage/persons/
[INFO] 2026-06-03 19:40:33,849 middleware 1450790 139891064203072 should_redirect: user_authenticated=True, status=200, location=, result=False, path=/archivesSystem/api/files/download/
[INFO] 2026-06-03 19:40:33,930 middleware 1450788 139891064203072 should_redirect: user_authenticated=True, status=200, location=, result=False, path=/archivesSystem/api/files/manage/persons/
[INFO] 2026-06-03 19:40:36,951 middleware 1450788 139891064203072 should_redirect: user_authenticated=True, status=200, location=, result=False, path=/archivesSystem/files/dialog/edit/
[INFO] 2026-06-03 19:40:36,958 middleware 1450794 139891064203072 should_redirect: user_authenticated=True, status=200, location=, result=False, path=/archivesSystem/api/files/manage/persons/
[INFO] 2026-06-03 19:40:37,012 middleware 1450795 139891064203072 should_redirect: user_authenticated=True, status=200, location=, result=False, path=/archivesSystem/api/files/download/
[INFO] 2026-06-03 19:40:37,055 middleware 1450795 139891064203072 should_redirect: user_authenticated=True, status=200, location=, result=False, path=/archivesSystem/api/files/manage/persons/
[INFO] 2026-06-03 20:05:08,945 middleware 1450790 139891064203072 should_redirect: user_authenticated=True, status=200, location=, result=False, path=/archivesSystem/files/dialog/edit/
[INFO] 2026-06-03 20:05:08,967 middleware 1450793 139891064203072 should_redirect: user_authenticated=True, status=200, location=, result=False, path=/archivesSystem/api/files/manage/persons/
[INFO] 2026-06-03 20:05:08,996 middleware 1450793 139891064203072 should_redirect: user_authenticated=True, status=200, location=, result=False, path=/archivesSystem/api/files/download/
[INFO] 2026-06-03 20:05:09,106 middleware 1450795 139891064203072 should_redirect: user_authenticated=True, status=200, location=, result=False, path=/archivesSystem/api/files/manage/persons/
[INFO] 2026-06-03 20:08:58,294 middleware 1450788 139891064203072 should_redirect: user_authenticated=True, status=200, location=, result=False, path=/archivesSystem/files/dialog/edit/
[INFO] 2026-06-03 20:08:58,316 middleware 1450789 139891064203072 should_redirect: user_authenticated=True, status=200, location=, result=False, path=/archivesSystem/api/files/manage/persons/
[INFO] 2026-06-03 20:08:58,368 middleware 1450792 139891064203072 should_redirect: user_authenticated=True, status=200, location=, result=False, path=/archivesSystem/api/files/download/
[INFO] 2026-06-03 20:08:58,409 middleware 1450792 139891064203072 should_redirect: user_authenticated=True, status=200, location=, result=False, path=/archivesSystem/api/files/manage/persons/
[INFO] 2026-06-03 20:13:22,045 middleware 1450795 139891064203072 should_redirect: user_authenticated=True, status=200, location=, result=False, path=/archivesSystem/files/dialog/edit/
[INFO] 2026-06-03 20:13:22,049 middleware 1450789 139891064203072 should_redirect: user_authenticated=True, status=200, location=, result=False, path=/archivesSystem/api/files/manage/persons/
[INFO] 2026-06-03 20:13:22,099 middleware 1450790 139891064203072 should_redirect: user_authenticated=True, status=200, location=, result=False, path=/archivesSystem/api/files/download/
[INFO] 2026-06-03 20:13:22,256 middleware 1450790 139891064203072 should_redirect: user_authenticated=True, status=200, location=, result=False, path=/archivesSystem/api/files/manage/persons/
[INFO] 2026-06-03 20:14:15,596 middleware 1450792 139891064203072 should_redirect: user_authenticated=True, status=200, location=, result=False, path=/archivesSystem/files/dialog/edit/
[INFO] 2026-06-03 20:14:15,598 middleware 1450795 139891064203072 should_redirect: user_authenticated=True, status=200, location=, result=False, path=/archivesSystem/api/files/manage/persons/
[INFO] 2026-06-03 20:14:15,634 middleware 1450795 139891064203072 should_redirect: user_authenticated=True, status=200, location=, result=False, path=/archivesSystem/api/files/download/
[INFO] 2026-06-03 20:14:15,761 middleware 1450795 139891064203072 should_redirect: user_authenticated=True, status=200, location=, result=False, path=/archivesSystem/api/files/manage/persons/
[INFO] 2026-06-03 20:14:33,529 middleware 1450794 139891064203072 should_redirect: user_authenticated=True, status=200, location=, result=False, path=/archivesSystem/files/dialog/edit/
[INFO] 2026-06-03 20:14:33,549 middleware 1450789 139891064203072 should_redirect: user_authenticated=True, status=200, location=, result=False, path=/archivesSystem/api/files/manage/persons/
[INFO] 2026-06-03 20:14:33,639 middleware 1450790 139891064203072 should_redirect: user_authenticated=True, status=200, location=, result=False, path=/archivesSystem/api/files/download/
[INFO] 2026-06-03 20:14:33,691 middleware 1450790 139891064203072 should_redirect: user_authenticated=True, status=200, location=, result=False, path=/archivesSystem/api/files/manage/persons/
[INFO] 2026-06-03 20:14:35,429 middleware 1450790 139891064203072 should_redirect: user_authenticated=True, status=200, location=, result=False, path=/archivesSystem/files/dialog/edit/
[INFO] 2026-06-03 20:14:35,448 middleware 1450791 139891064203072 should_redirect: user_authenticated=True, status=200, location=, result=False, path=/archivesSystem/api/files/manage/persons/
[INFO] 2026-06-03 20:14:35,481 middleware 1450791 139891064203072 should_redirect: user_authenticated=True, status=200, location=, result=False, path=/archivesSystem/api/files/download/
[INFO] 2026-06-03 20:14:35,541 middleware 1450791 139891064203072 should_redirect: user_authenticated=True, status=200, location=, result=False, path=/archivesSystem/api/files/manage/persons/
[INFO] 2026-06-03 20:14:37,278 middleware 1450789 139891064203072 should_redirect: user_authenticated=True, status=200, location=, result=False, path=/archivesSystem/files/dialog/edit/
[INFO] 2026-06-03 20:14:37,293 middleware 1450795 139891064203072 should_redirect: user_authenticated=True, status=200, location=, result=False, path=/archivesSystem/api/files/manage/persons/
[INFO] 2026-06-03 20:14:37,353 middleware 1450790 139891064203072 should_redirect: user_authenticated=True, status=200, location=, result=False, path=/archivesSystem/api/files/download/
[INFO] 2026-06-03 20:14:37,392 middleware 1450790 139891064203072 should_redirect: user_authenticated=True, status=200, location=, result=False, path=/archivesSystem/api/files/manage/persons/
[INFO] 2026-06-03 20:14:41,843 middleware 1450788 139891064203072 should_redirect: user_authenticated=True, status=200, location=, result=False, path=/archivesSystem/files/dialog/edit/
[INFO] 2026-06-03 20:14:41,848 middleware 1450795 139891064203072 should_redirect: user_authenticated=True, status=200, location=, result=False, path=/archivesSystem/api/files/manage/persons/
[INFO] 2026-06-03 20:14:41,868 middleware 1450795 139891064203072 should_redirect: user_authenticated=True, status=200, location=, result=False, path=/archivesSystem/api/files/download/
[INFO] 2026-06-03 20:14:41,988 middleware 1450793 139891064203072 should_redirect: user_authenticated=True, status=200, location=, result=False, path=/archivesSystem/api/files/manage/persons/
[INFO] 2026-06-03 20:14:43,769 middleware 1450793 139891064203072 should_redirect: user_authenticated=True, status=200, location=, result=False, path=/archivesSystem/files/dialog/edit/
[INFO] 2026-06-03 20:14:43,773 middleware 1450789 139891064203072 should_redirect: user_authenticated=True, status=200, location=, result=False, path=/archivesSystem/api/files/manage/persons/
[INFO] 2026-06-03 20:14:43,796 middleware 1450789 139891064203072 should_redirect: user_authenticated=True, status=200, location=, result=False, path=/archivesSystem/api/files/download/
[INFO] 2026-06-03 20:14:43,910 middleware 1450789 139891064203072 should_redirect: user_authenticated=True, status=200, location=, result=False, path=/archivesSystem/api/files/manage/persons/
[INFO] 2026-06-03 20:14:52,758 middleware 1450794 139891064203072 should_redirect: user_authenticated=True, status=200, location=, result=False, path=/archivesSystem/files/dialog/edit/
[INFO] 2026-06-03 20:14:52,773 middleware 1450788 139891064203072 should_redirect: user_authenticated=True, status=200, location=, result=False, path=/archivesSystem/api/files/manage/persons/
[INFO] 2026-06-03 20:14:52,801 middleware 1450788 139891064203072 should_redirect: user_authenticated=True, status=200, location=, result=False, path=/archivesSystem/api/files/download/
[INFO] 2026-06-03 20:14:52,892 middleware 1450791 139891064203072 should_redirect: user_authenticated=True, status=200, location=, result=False, path=/archivesSystem/api/files/manage/persons/
[INFO] 2026-06-03 20:14:57,282 middleware 1450790 139891064203072 should_redirect: user_authenticated=True, status=200, location=, result=False, path=/archivesSystem/api/files/manage/persons/
[INFO] 2026-06-03 20:14:57,284 middleware 1450793 139891064203072 should_redirect: user_authenticated=True, status=200, location=, result=False, path=/archivesSystem/files/dialog/edit/
[INFO] 2026-06-03 20:14:57,315 middleware 1450793 139891064203072 should_redirect: user_authenticated=True, status=200, location=, result=False, path=/archivesSystem/api/files/download/
[INFO] 2026-06-03 20:14:57,405 middleware 1450789 139891064203072 should_redirect: user_authenticated=True, status=200, location=, result=False, path=/archivesSystem/api/files/manage/persons/
[INFO] 2026-06-03 20:15:06,426 middleware 1450795 139891064203072 should_redirect: user_authenticated=True, status=200, location=, result=False, path=/archivesSystem/files/dialog/edit/
[INFO] 2026-06-03 20:15:06,434 middleware 1450790 139891064203072 should_redirect: user_authenticated=True, status=200, location=, result=False, path=/archivesSystem/api/files/manage/persons/
[INFO] 2026-06-03 20:15:06,490 middleware 1450794 139891064203072 should_redirect: user_authenticated=True, status=200, location=, result=False, path=/archivesSystem/api/files/download/
[INFO] 2026-06-03 20:15:06,592 middleware 1450794 139891064203072 should_redirect: user_authenticated=True, status=200, location=, result=False, path=/archivesSystem/api/files/manage/persons/
[INFO] 2026-06-03 20:15:11,673 middleware 1450788 139891064203072 should_redirect: user_authenticated=True, status=200, location=, result=False, path=/archivesSystem/api/files/manage/persons/
[INFO] 2026-06-03 20:15:11,745 middleware 1450793 139891064203072 should_redirect: user_authenticated=True, status=200, location=, result=False, path=/archivesSystem/files/dialog/edit/
[INFO] 2026-06-03 20:15:11,768 middleware 1450792 139891064203072 should_redirect: user_authenticated=True, status=200, location=, result=False, path=/archivesSystem/api/files/download/
[INFO] 2026-06-03 20:15:11,873 middleware 1450792 139891064203072 should_redirect: user_authenticated=True, status=200, location=, result=False, path=/archivesSystem/api/files/manage/persons/
[INFO] 2026-06-03 20:15:17,027 middleware 1450792 139891064203072 should_redirect: user_authenticated=True, status=200, location=, result=False, path=/archivesSystem/files/dialog/edit/
[INFO] 2026-06-03 20:15:17,039 middleware 1450791 139891064203072 should_redirect: user_authenticated=True, status=200, location=, result=False, path=/archivesSystem/api/files/manage/persons/
[INFO] 2026-06-03 20:15:17,093 middleware 1450790 139891064203072 should_redirect: user_authenticated=True, status=200, location=, result=False, path=/archivesSystem/api/files/download/
[INFO] 2026-06-03 20:15:17,154 middleware 1450793 139891064203072 should_redirect: user_authenticated=True, status=200, location=, result=False, path=/archivesSystem/api/files/manage/persons/
[INFO] 2026-06-03 20:15:20,153 middleware 1450789 139891064203072 should_redirect: user_authenticated=True, status=200, location=, result=False, path=/archivesSystem/files/dialog/edit/
[INFO] 2026-06-03 20:15:20,155 middleware 1450788 139891064203072 should_redirect: user_authenticated=True, status=200, location=, result=False, path=/archivesSystem/api/files/manage/persons/
[INFO] 2026-06-03 20:15:20,185 middleware 1450788 139891064203072 should_redirect: user_authenticated=True, status=200, location=, result=False, path=/archivesSystem/api/files/download/
[INFO] 2026-06-03 20:15:20,294 middleware 1450790 139891064203072 should_redirect: user_authenticated=True, status=200, location=, result=False, path=/archivesSystem/api/files/manage/persons/
[INFO] 2026-06-03 20:15:22,514 middleware 1450791 139891064203072 should_redirect: user_authenticated=True, status=200, location=, result=False, path=/archivesSystem/files/dialog/edit/
[INFO] 2026-06-03 20:15:22,522 middleware 1450792 139891064203072 should_redirect: user_authenticated=True, status=200, location=, result=False, path=/archivesSystem/api/files/manage/persons/
[INFO] 2026-06-03 20:15:22,545 middleware 1450792 139891064203072 should_redirect: user_authenticated=True, status=200, location=, result=False, path=/archivesSystem/api/files/download/
[INFO] 2026-06-03 20:15:22,649 middleware 1450794 139891064203072 should_redirect: user_authenticated=True, status=200, location=, result=False, path=/archivesSystem/api/files/manage/persons/
[INFO] 2026-06-03 20:15:24,635 middleware 1450795 139891064203072 should_redirect: user_authenticated=True, status=200, location=, result=False, path=/archivesSystem/files/dialog/edit/
[INFO] 2026-06-03 20:15:24,651 middleware 1450788 139891064203072 should_redirect: user_authenticated=True, status=200, location=, result=False, path=/archivesSystem/api/files/manage/persons/
[INFO] 2026-06-03 20:15:24,709 middleware 1450794 139891064203072 should_redirect: user_authenticated=True, status=200, location=, result=False, path=/archivesSystem/api/files/download/
[INFO] 2026-06-03 20:15:24,751 middleware 1450795 139891064203072 should_redirect: user_authenticated=True, status=200, location=, result=False, path=/archivesSystem/api/files/manage/persons/
[INFO] 2026-06-03 20:15:29,983 middleware 1450795 139891064203072 should_redirect: user_authenticated=True, status=200, location=, result=False, path=/archivesSystem/files/dialog/edit/
[INFO] 2026-06-03 20:15:29,997 middleware 1450793 139891064203072 should_redirect: user_authenticated=True, status=200, location=, result=False, path=/archivesSystem/api/files/manage/persons/
[INFO] 2026-06-03 20:15:30,036 middleware 1450795 139891064203072 should_redirect: user_authenticated=True, status=200, location=, result=False, path=/archivesSystem/api/files/download/
[INFO] 2026-06-03 20:15:30,114 middleware 1450790 139891064203072 should_redirect: user_authenticated=True, status=200, location=, result=False, path=/archivesSystem/api/files/manage/persons/
[INFO] 2026-06-03 20:15:36,408 middleware 1450790 139891064203072 should_redirect: user_authenticated=True, status=200, location=, result=False, path=/archivesSystem/files/dialog/edit/
[INFO] 2026-06-03 20:15:36,424 middleware 1450792 139891064203072 should_redirect: user_authenticated=True, status=200, location=, result=False, path=/archivesSystem/api/files/manage/persons/
[INFO] 2026-06-03 20:15:36,469 middleware 1450792 139891064203072 should_redirect: user_authenticated=True, status=200, location=, result=False, path=/archivesSystem/api/files/download/
[INFO] 2026-06-03 20:15:36,536 middleware 1450793 139891064203072 should_redirect: user_authenticated=True, status=200, location=, result=False, path=/archivesSystem/api/files/manage/persons/
[INFO] 2026-06-03 20:15:38,760 middleware 1450788 139891064203072 should_redirect: user_authenticated=True, status=200, location=, result=False, path=/archivesSystem/api/files/manage/persons/
[INFO] 2026-06-03 20:15:38,767 middleware 1450790 139891064203072 should_redirect: user_authenticated=True, status=200, location=, result=False, path=/archivesSystem/files/dialog/edit/
[INFO] 2026-06-03 20:15:38,813 middleware 1450792 139891064203072 should_redirect: user_authenticated=True, status=200, location=, result=False, path=/archivesSystem/api/files/download/
[INFO] 2026-06-03 20:15:38,887 middleware 1450795 139891064203072 should_redirect: user_authenticated=True, status=200, location=, result=False, path=/archivesSystem/api/files/manage/persons/
[INFO] 2026-06-03 20:15:40,999 middleware 1450789 139891064203072 should_redirect: user_authenticated=True, status=200, location=, result=False, path=/archivesSystem/files/dialog/edit/
[INFO] 2026-06-03 20:15:41,014 middleware 1450794 139891064203072 should_redirect: user_authenticated=True, status=200, location=, result=False, path=/archivesSystem/api/files/manage/persons/
[INFO] 2026-06-03 20:15:41,045 middleware 1450794 139891064203072 should_redirect: user_authenticated=True, status=200, location=, result=False, path=/archivesSystem/api/files/download/
[INFO] 2026-06-03 20:15:41,124 middleware 1450788 139891064203072 should_redirect: user_authenticated=True, status=200, location=, result=False, path=/archivesSystem/api/files/manage/persons/
[INFO] 2026-06-03 20:15:47,634 middleware 1450793 139891064203072 should_redirect: user_authenticated=True, status=200, location=, result=False, path=/archivesSystem/files/dialog/edit/
[INFO] 2026-06-03 20:15:47,657 middleware 1450792 139891064203072 should_redirect: user_authenticated=True, status=200, location=, result=False, path=/archivesSystem/api/files/manage/persons/
[INFO] 2026-06-03 20:15:47,734 middleware 1450789 139891064203072 should_redirect: user_authenticated=True, status=200, location=, result=False, path=/archivesSystem/api/files/download/
[INFO] 2026-06-03 20:15:47,775 middleware 1450789 139891064203072 should_redirect: user_authenticated=True, status=200, location=, result=False, path=/archivesSystem/api/files/manage/persons/
[INFO] 2026-06-03 20:15:50,229 middleware 1450793 139891064203072 should_redirect: user_authenticated=True, status=200, location=, result=False, path=/archivesSystem/files/dialog/edit/
[INFO] 2026-06-03 20:15:50,237 middleware 1450790 139891064203072 should_redirect: user_authenticated=True, status=200, location=, result=False, path=/archivesSystem/api/files/manage/persons/
[INFO] 2026-06-03 20:15:50,298 middleware 1450793 139891064203072 should_redirect: user_authenticated=True, status=200, location=, result=False, path=/archivesSystem/api/files/download/
[INFO] 2026-06-03 20:15:50,339 middleware 1450793 139891064203072 should_redirect: user_authenticated=True, status=200, location=, result=False, path=/archivesSystem/api/files/manage/persons/
[INFO] 2026-06-03 20:15:53,353 middleware 1450792 139891064203072 should_redirect: user_authenticated=True, status=200, location=, result=False, path=/archivesSystem/files/dialog/edit/
[INFO] 2026-06-03 20:15:53,358 middleware 1450790 139891064203072 should_redirect: user_authenticated=True, status=200, location=, result=False, path=/archivesSystem/api/files/manage/persons/
[INFO] 2026-06-03 20:15:53,383 middleware 1450790 139891064203072 should_redirect: user_authenticated=True, status=200, location=, result=False, path=/archivesSystem/api/files/download/
[INFO] 2026-06-03 20:15:53,492 middleware 1450790 139891064203072 should_redirect: user_authenticated=True, status=200, location=, result=False, path=/archivesSystem/api/files/manage/persons/
[INFO] 2026-06-03 20:15:57,914 middleware 1450795 139891064203072 should_redirect: user_authenticated=True, status=200, location=, result=False, path=/archivesSystem/files/dialog/edit/
[INFO] 2026-06-03 20:15:57,923 middleware 1450791 139891064203072 should_redirect: user_authenticated=True, status=200, location=, result=False, path=/archivesSystem/api/files/manage/persons/
[INFO] 2026-06-03 20:15:57,968 middleware 1450795 139891064203072 should_redirect: user_authenticated=True, status=200, location=, result=False, path=/archivesSystem/api/files/download/
[INFO] 2026-06-03 20:15:58,077 middleware 1450792 139891064203072 should_redirect: user_authenticated=True, status=200, location=, result=False, path=/archivesSystem/api/files/manage/persons/
[INFO] 2026-06-03 20:16:00,851 middleware 1450793 139891064203072 should_redirect: user_authenticated=True, status=200, location=, result=False, path=/archivesSystem/files/dialog/edit/
[INFO] 2026-06-03 20:16:00,863 middleware 1450792 139891064203072 should_redirect: user_authenticated=True, status=200, location=, result=False, path=/archivesSystem/api/files/manage/persons/
[INFO] 2026-06-03 20:16:00,923 middleware 1450793 139891064203072 should_redirect: user_authenticated=True, status=200, location=, result=False, path=/archivesSystem/api/files/download/
[INFO] 2026-06-03 20:16:00,983 middleware 1450790 139891064203072 should_redirect: user_authenticated=True, status=200, location=, result=False, path=/archivesSystem/api/files/manage/persons/
[INFO] 2026-06-03 20:16:02,537 middleware 1450792 139891064203072 should_redirect: user_authenticated=True, status=200, location=, result=False, path=/archivesSystem/files/dialog/edit/
[INFO] 2026-06-03 20:16:02,552 middleware 1450791 139891064203072 should_redirect: user_authenticated=True, status=200, location=, result=False, path=/archivesSystem/api/files/manage/persons/
[INFO] 2026-06-03 20:16:02,605 middleware 1450792 139891064203072 should_redirect: user_authenticated=True, status=200, location=, result=False, path=/archivesSystem/api/files/download/
[INFO] 2026-06-03 20:16:02,661 middleware 1450789 139891064203072 should_redirect: user_authenticated=True, status=200, location=, result=False, path=/archivesSystem/api/files/manage/persons/
[INFO] 2026-06-03 20:16:05,292 middleware 1450793 139891064203072 should_redirect: user_authenticated=True, status=200, location=, result=False, path=/archivesSystem/files/dialog/edit/
[INFO] 2026-06-03 20:16:05,307 middleware 1450794 139891064203072 should_redirect: user_authenticated=True, status=200, location=, result=False, path=/archivesSystem/api/files/manage/persons/
[INFO] 2026-06-03 20:16:05,344 middleware 1450794 139891064203072 should_redirect: user_authenticated=True, status=200, location=, result=False, path=/archivesSystem/api/files/download/
[INFO] 2026-06-03 20:16:05,408 middleware 1450794 139891064203072 should_redirect: user_authenticated=True, status=200, location=, result=False, path=/archivesSystem/api/files/manage/persons/
[INFO] 2026-06-03 20:16:07,213 middleware 1450795 139891064203072 should_redirect: user_authenticated=True, status=200, location=, result=False, path=/archivesSystem/files/dialog/edit/
[INFO] 2026-06-03 20:16:07,223 middleware 1450790 139891064203072 should_redirect: user_authenticated=True, status=200, location=, result=False, path=/archivesSystem/api/files/manage/persons/
[INFO] 2026-06-03 20:16:07,257 middleware 1450790 139891064203072 should_redirect: user_authenticated=True, status=200, location=, result=False, path=/archivesSystem/api/files/download/
[INFO] 2026-06-03 20:16:07,311 middleware 1450790 139891064203072 should_redirect: user_authenticated=True, status=200, location=, result=False, path=/archivesSystem/api/files/manage/persons/
[INFO] 2026-06-03 20:16:09,701 middleware 1450790 139891064203072 should_redirect: user_authenticated=True, status=200, location=, result=False, path=/archivesSystem/files/dialog/edit/
[INFO] 2026-06-03 20:16:09,707 middleware 1450794 139891064203072 should_redirect: user_authenticated=True, status=200, location=, result=False, path=/archivesSystem/api/files/manage/persons/
[INFO] 2026-06-03 20:16:09,724 middleware 1450794 139891064203072 should_redirect: user_authenticated=True, status=200, location=, result=False, path=/archivesSystem/api/files/download/
[INFO] 2026-06-03 20:16:09,851 middleware 1450792 139891064203072 should_redirect: user_authenticated=True, status=200, location=, result=False, path=/archivesSystem/api/files/manage/persons/
[INFO] 2026-06-03 20:16:11,822 middleware 1450789 139891064203072 should_redirect: user_authenticated=True, status=200, location=, result=False, path=/archivesSystem/files/dialog/edit/
[INFO] 2026-06-03 20:16:11,834 middleware 1450788 139891064203072 should_redirect: user_authenticated=True, status=200, location=, result=False, path=/archivesSystem/api/files/manage/persons/
[INFO] 2026-06-03 20:16:11,892 middleware 1450794 139891064203072 should_redirect: user_authenticated=True, status=200, location=, result=False, path=/archivesSystem/api/files/download/
[INFO] 2026-06-03 20:16:11,933 middleware 1450794 139891064203072 should_redirect: user_authenticated=True, status=200, location=, result=False, path=/archivesSystem/api/files/manage/persons/
[INFO] 2026-06-03 20:16:13,744 middleware 1450790 139891064203072 should_redirect: user_authenticated=True, status=200, location=, result=False, path=/archivesSystem/files/dialog/edit/
[INFO] 2026-06-03 20:16:13,762 middleware 1450795 139891064203072 should_redirect: user_authenticated=True, status=200, location=, result=False, path=/archivesSystem/api/files/manage/persons/
[INFO] 2026-06-03 20:16:13,800 middleware 1450795 139891064203072 should_redirect: user_authenticated=True, status=200, location=, result=False, path=/archivesSystem/api/files/download/
[INFO] 2026-06-03 20:16:13,874 middleware 1450792 139891064203072 should_redirect: user_authenticated=True, status=200, location=, result=False, path=/archivesSystem/api/files/manage/persons/
[INFO] 2026-06-03 20:16:16,432 middleware 1450792 139891064203072 should_redirect: user_authenticated=True, status=200, location=, result=False, path=/archivesSystem/files/dialog/edit/
[INFO] 2026-06-03 20:16:16,440 middleware 1450788 139891064203072 should_redirect: user_authenticated=True, status=200, location=, result=False, path=/archivesSystem/api/files/manage/persons/
[INFO] 2026-06-03 20:16:16,463 middleware 1450788 139891064203072 should_redirect: user_authenticated=True, status=200, location=, result=False, path=/archivesSystem/api/files/download/
[INFO] 2026-06-03 20:16:16,595 middleware 1450790 139891064203072 should_redirect: user_authenticated=True, status=200, location=, result=False, path=/archivesSystem/api/files/manage/persons/
[INFO] 2026-06-03 20:16:24,398 middleware 1450788 139891064203072 should_redirect: user_authenticated=True, status=200, location=, result=False, path=/archivesSystem/api/files/manage/persons/
[INFO] 2026-06-03 20:16:24,407 middleware 1450795 139891064203072 should_redirect: user_authenticated=True, status=200, location=, result=False, path=/archivesSystem/files/dialog/edit/
[INFO] 2026-06-03 20:16:24,442 middleware 1450795 139891064203072 should_redirect: user_authenticated=True, status=200, location=, result=False, path=/archivesSystem/api/files/download/
[INFO] 2026-06-03 20:16:24,544 middleware 1450789 139891064203072 should_redirect: user_authenticated=True, status=200, location=, result=False, path=/archivesSystem/api/files/manage/persons/
[INFO] 2026-06-03 20:16:29,689 middleware 1450791 139891064203072 should_redirect: user_authenticated=True, status=200, location=, result=False, path=/archivesSystem/files/dialog/edit/
[INFO] 2026-06-03 20:16:29,704 middleware 1450792 139891064203072 should_redirect: user_authenticated=True, status=200, location=, result=False, path=/archivesSystem/api/files/manage/persons/
[INFO] 2026-06-03 20:16:29,747 middleware 1450792 139891064203072 should_redirect: user_authenticated=True, status=200, location=, result=False, path=/archivesSystem/api/files/download/
[INFO] 2026-06-03 20:16:29,803 middleware 1450792 139891064203072 should_redirect: user_authenticated=True, status=200, location=, result=False, path=/archivesSystem/api/files/manage/persons/
[INFO] 2026-06-03 20:16:32,748 middleware 1450790 139891064203072 should_redirect: user_authenticated=True, status=200, location=, result=False, path=/archivesSystem/files/dialog/edit/
[INFO] 2026-06-03 20:16:32,763 middleware 1450794 139891064203072 should_redirect: user_authenticated=True, status=200, location=, result=False, path=/archivesSystem/api/files/manage/persons/
[INFO] 2026-06-03 20:16:32,799 middleware 1450792 139891064203072 should_redirect: user_authenticated=True, status=200, location=, result=False, path=/archivesSystem/api/files/download/
[INFO] 2026-06-03 20:16:32,902 middleware 1450794 139891064203072 should_redirect: user_authenticated=True, status=200, location=, result=False, path=/archivesSystem/api/files/manage/persons/
[INFO] 2026-06-03 20:16:35,582 middleware 1450794 139891064203072 should_redirect: user_authenticated=True, status=200, location=, result=False, path=/archivesSystem/files/dialog/edit/
[INFO] 2026-06-03 20:16:35,588 middleware 1450790 139891064203072 should_redirect: user_authenticated=True, status=200, location=, result=False, path=/archivesSystem/api/files/manage/persons/
[INFO] 2026-06-03 20:16:35,616 middleware 1450790 139891064203072 should_redirect: user_authenticated=True, status=200, location=, result=False, path=/archivesSystem/api/files/download/
[INFO] 2026-06-03 20:16:35,713 middleware 1450790 139891064203072 should_redirect: user_authenticated=True, status=200, location=, result=False, path=/archivesSystem/api/files/manage/persons/
[INFO] 2026-06-03 20:16:39,269 middleware 1450792 139891064203072 should_redirect: user_authenticated=True, status=200, location=, result=False, path=/archivesSystem/files/dialog/edit/
[INFO] 2026-06-03 20:16:39,279 middleware 1450793 139891064203072 should_redirect: user_authenticated=True, status=200, location=, result=False, path=/archivesSystem/api/files/manage/persons/
[INFO] 2026-06-03 20:16:39,297 middleware 1450793 139891064203072 should_redirect: user_authenticated=True, status=200, location=, result=False, path=/archivesSystem/api/files/download/
[INFO] 2026-06-03 20:16:39,395 middleware 1450793 139891064203072 should_redirect: user_authenticated=True, status=200, location=, result=False, path=/archivesSystem/api/files/manage/persons/
[INFO] 2026-06-03 20:16:40,951 middleware 1450794 139891064203072 should_redirect: user_authenticated=True, status=200, location=, result=False, path=/archivesSystem/files/dialog/edit/
[INFO] 2026-06-03 20:16:40,971 middleware 1450791 139891064203072 should_redirect: user_authenticated=True, status=200, location=, result=False, path=/archivesSystem/api/files/manage/persons/
[INFO] 2026-06-03 20:16:41,028 middleware 1450791 139891064203072 should_redirect: user_authenticated=True, status=200, location=, result=False, path=/archivesSystem/api/files/download/
[INFO] 2026-06-03 20:16:41,057 middleware 1450791 139891064203072 should_redirect: user_authenticated=True, status=200, location=, result=False, path=/archivesSystem/api/files/manage/persons/
[INFO] 2026-06-03 20:16:42,629 middleware 1450792 139891064203072 should_redirect: user_authenticated=True, status=200, location=, result=False, path=/archivesSystem/files/dialog/edit/
[INFO] 2026-06-03 20:16:42,646 middleware 1450791 139891064203072 should_redirect: user_authenticated=True, status=200, location=, result=False, path=/archivesSystem/api/files/manage/persons/
[INFO] 2026-06-03 20:16:42,694 middleware 1450791 139891064203072 should_redirect: user_authenticated=True, status=200, location=, result=False, path=/archivesSystem/api/files/download/
[INFO] 2026-06-03 20:16:42,765 middleware 1450794 139891064203072 should_redirect: user_authenticated=True, status=200, location=, result=False, path=/archivesSystem/api/files/manage/persons/
[INFO] 2026-06-03 20:16:43,948 middleware 1450789 139891064203072 should_redirect: user_authenticated=True, status=200, location=, result=False, path=/archivesSystem/files/dialog/edit/
[INFO] 2026-06-03 20:16:43,958 middleware 1450790 139891064203072 should_redirect: user_authenticated=True, status=200, location=, result=False, path=/archivesSystem/api/files/manage/persons/
[INFO] 2026-06-03 20:16:43,980 middleware 1450790 139891064203072 should_redirect: user_authenticated=True, status=200, location=, result=False, path=/archivesSystem/api/files/download/
[INFO] 2026-06-03 20:16:44,087 middleware 1450790 139891064203072 should_redirect: user_authenticated=True, status=200, location=, result=False, path=/archivesSystem/api/files/manage/persons/
[INFO] 2026-06-03 20:16:45,394 middleware 1450790 139891064203072 should_redirect: user_authenticated=True, status=200, location=, result=False, path=/archivesSystem/files/dialog/edit/
[INFO] 2026-06-03 20:16:45,405 middleware 1450793 139891064203072 should_redirect: user_authenticated=True, status=200, location=, result=False, path=/archivesSystem/api/files/manage/persons/
[INFO] 2026-06-03 20:16:45,462 middleware 1450791 139891064203072 should_redirect: user_authenticated=True, status=200, location=, result=False, path=/archivesSystem/api/files/download/
[INFO] 2026-06-03 20:16:45,504 middleware 1450791 139891064203072 should_redirect: user_authenticated=True, status=200, location=, result=False, path=/archivesSystem/api/files/manage/persons/
[INFO] 2026-06-03 20:16:46,466 middleware 1450794 139891064203072 should_redirect: user_authenticated=True, status=200, location=, result=False, path=/archivesSystem/files/dialog/edit/
[INFO] 2026-06-03 20:16:46,473 middleware 1450793 139891064203072 should_redirect: user_authenticated=True, status=200, location=, result=False, path=/archivesSystem/api/files/manage/persons/
[INFO] 2026-06-03 20:16:46,519 middleware 1450790 139891064203072 should_redirect: user_authenticated=True, status=200, location=, result=False, path=/archivesSystem/api/files/download/
[INFO] 2026-06-03 20:16:46,596 middleware 1450791 139891064203072 should_redirect: user_authenticated=True, status=200, location=, result=False, path=/archivesSystem/api/files/manage/persons/
[INFO] 2026-06-03 20:16:47,894 middleware 1450794 139891064203072 should_redirect: user_authenticated=True, status=200, location=, result=False, path=/archivesSystem/files/dialog/edit/
[INFO] 2026-06-03 20:16:47,903 middleware 1450789 139891064203072 should_redirect: user_authenticated=True, status=200, location=, result=False, path=/archivesSystem/api/files/manage/persons/
[INFO] 2026-06-03 20:16:47,963 middleware 1450791 139891064203072 should_redirect: user_authenticated=True, status=200, location=, result=False, path=/archivesSystem/api/files/download/
[INFO] 2026-06-03 20:16:48,030 middleware 1450791 139891064203072 should_redirect: user_authenticated=True, status=200, location=, result=False, path=/archivesSystem/api/files/manage/persons/
[INFO] 2026-06-03 20:18:34,793 middleware 1450791 139891064203072 should_redirect: user_authenticated=True, status=200, location=, result=False, path=/archivesSystem/files/dialog/edit/
[INFO] 2026-06-03 20:18:34,810 middleware 1450794 139891064203072 should_redirect: user_authenticated=True, status=200, location=, result=False, path=/archivesSystem/api/files/manage/persons/
[INFO] 2026-06-03 20:18:34,860 middleware 1450794 139891064203072 should_redirect: user_authenticated=True, status=200, location=, result=False, path=/archivesSystem/api/files/download/
[INFO] 2026-06-03 20:18:34,898 middleware 1450794 139891064203072 should_redirect: user_authenticated=True, status=200, location=, result=False, path=/archivesSystem/api/files/manage/persons/
[INFO] 2026-06-04 06:54:36,918 middleware 1448125 139797852837568 should_redirect: user_authenticated=False, status=302, location=/login/?next=/, result=True, path=/
[INFO] 2026-06-04 06:54:36,918 middleware 1448125 139797852837568 为用户 AnonymousUser 执行iframe登录跳转
[INFO] 2026-06-04 06:54:59,516 auth 1448125 139797882255040 用户 admin 登录成功
[INFO] 2026-06-04 06:54:59,696 middleware 1448125 139797882255040 should_redirect: user_authenticated=True, status=200, location=, result=False, path=/
[INFO] 2026-06-04 06:54:59,895 middleware 1448125 139797882255040 should_redirect: user_authenticated=True, status=200, location=, result=False, path=/
[INFO] 2026-06-04 06:55:00,283 middleware 1448125 139797882255040 should_redirect: user_authenticated=True, status=200, location=, result=False, path=/welcome/
[INFO] 2026-06-04 06:55:00,329 middleware 1448125 139797882255040 should_redirect: user_authenticated=True, status=200, location=, result=False, path=/menus/
[INFO] 2026-06-04 06:56:13,726 middleware 1448125 139797882255040 should_redirect: user_authenticated=True, status=200, location=, result=False, path=/business/archive-stats/
[INFO] 2026-06-04 06:56:15,205 middleware 1448125 139797882255040 should_redirect: user_authenticated=True, status=200, location=, result=False, path=/business/api/archive-stats/
[INFO] 2026-06-04 06:56:15,431 middleware 1448125 139797882255040 should_redirect: user_authenticated=True, status=200, location=, result=False, path=/business/api/archive-stats/
[INFO] 2026-06-04 06:56:15,604 middleware 1448125 139797882255040 should_redirect: user_authenticated=True, status=200, location=, result=False, path=/business/api/archive-stats/
[INFO] 2026-06-04 06:56:15,819 middleware 1448125 139797882255040 should_redirect: user_authenticated=True, status=200, location=, result=False, path=/business/api/archive-stats/
[INFO] 2026-06-04 06:56:16,025 middleware 1448125 139797882255040 should_redirect: user_authenticated=True, status=200, location=, result=False, path=/business/api/archive-stats/
[INFO] 2026-06-04 06:56:16,242 middleware 1448125 139797882255040 should_redirect: user_authenticated=True, status=200, location=, result=False, path=/business/api/archive-stats/
[INFO] 2026-06-04 06:56:16,424 middleware 1448125 139797882255040 should_redirect: user_authenticated=True, status=200, location=, result=False, path=/business/api/archive-stats/
[INFO] 2026-06-04 06:56:16,614 middleware 1448125 139797882255040 should_redirect: user_authenticated=True, status=200, location=, result=False, path=/business/api/archive-stats/
[INFO] 2026-06-04 06:56:16,806 middleware 1448125 139797882255040 should_redirect: user_authenticated=True, status=200, location=, result=False, path=/business/api/archive-stats/
[INFO] 2026-06-04 06:56:17,015 middleware 1448125 139797882255040 should_redirect: user_authenticated=True, status=200, location=, result=False, path=/business/api/archive-stats/
[INFO] 2026-06-04 06:56:18,069 middleware 1448125 139797882255040 should_redirect: user_authenticated=True, status=200, location=, result=False, path=/business/api/archive-stats/checked/
[INFO] 2026-06-04 07:04:55,670 middleware 1500787 139773807015616 should_redirect: user_authenticated=True, status=200, location=, result=False, path=/business/archive-stats/
[INFO] 2026-06-04 07:04:55,942 middleware 1500787 139773807015616 should_redirect: user_authenticated=True, status=200, location=, result=False, path=/business/api/archive-stats/
[INFO] 2026-06-04 07:04:56,097 middleware 1500787 139773807015616 should_redirect: user_authenticated=True, status=200, location=, result=False, path=/business/api/archive-stats/
[INFO] 2026-06-04 07:04:56,237 middleware 1500787 139773807015616 should_redirect: user_authenticated=True, status=200, location=, result=False, path=/business/api/archive-stats/
[INFO] 2026-06-04 07:04:56,398 middleware 1500787 139773807015616 should_redirect: user_authenticated=True, status=200, location=, result=False, path=/business/api/archive-stats/
[INFO] 2026-06-04 07:04:56,554 middleware 1500787 139773807015616 should_redirect: user_authenticated=True, status=200, location=, result=False, path=/business/api/archive-stats/
[INFO] 2026-06-04 07:04:56,698 middleware 1500787 139773807015616 should_redirect: user_authenticated=True, status=200, location=, result=False, path=/business/api/archive-stats/
[INFO] 2026-06-04 07:04:56,837 middleware 1500787 139773807015616 should_redirect: user_authenticated=True, status=200, location=, result=False, path=/business/api/archive-stats/
[INFO] 2026-06-04 07:04:57,010 middleware 1500787 139773807015616 should_redirect: user_authenticated=True, status=200, location=, result=False, path=/business/api/archive-stats/
[INFO] 2026-06-04 07:04:57,163 middleware 1500787 139773807015616 should_redirect: user_authenticated=True, status=200, location=, result=False, path=/business/api/archive-stats/
[INFO] 2026-06-04 07:04:57,324 middleware 1500787 139773807015616 should_redirect: user_authenticated=True, status=200, location=, result=False, path=/business/api/archive-stats/
[INFO] 2026-06-04 07:04:58,415 middleware 1500787 139773807015616 should_redirect: user_authenticated=True, status=200, location=, result=False, path=/business/api/archive-stats/checked/
[INFO] 2026-06-04 07:05:07,969 middleware 1500787 139773807015616 should_redirect: user_authenticated=True, status=200, location=, result=False, path=/business/archive-stats/
[INFO] 2026-06-04 07:05:08,213 middleware 1500787 139773807015616 should_redirect: user_authenticated=True, status=200, location=, result=False, path=/business/api/archive-stats/
[INFO] 2026-06-04 07:05:08,376 middleware 1500787 139773807015616 should_redirect: user_authenticated=True, status=200, location=, result=False, path=/business/api/archive-stats/
[INFO] 2026-06-04 07:05:08,527 middleware 1500787 139773807015616 should_redirect: user_authenticated=True, status=200, location=, result=False, path=/business/api/archive-stats/
[INFO] 2026-06-04 07:05:08,708 middleware 1500787 139773807015616 should_redirect: user_authenticated=True, status=200, location=, result=False, path=/business/api/archive-stats/
[INFO] 2026-06-04 07:05:08,857 middleware 1500787 139773807015616 should_redirect: user_authenticated=True, status=200, location=, result=False, path=/business/api/archive-stats/
[INFO] 2026-06-04 07:05:09,004 middleware 1500787 139773807015616 should_redirect: user_authenticated=True, status=200, location=, result=False, path=/business/api/archive-stats/
[INFO] 2026-06-04 07:05:09,143 middleware 1500787 139773807015616 should_redirect: user_authenticated=True, status=200, location=, result=False, path=/business/api/archive-stats/
[INFO] 2026-06-04 07:05:09,307 middleware 1500787 139773807015616 should_redirect: user_authenticated=True, status=200, location=, result=False, path=/business/api/archive-stats/
[INFO] 2026-06-04 07:05:09,463 middleware 1500787 139773807015616 should_redirect: user_authenticated=True, status=200, location=, result=False, path=/business/api/archive-stats/
[INFO] 2026-06-04 07:05:09,610 middleware 1500787 139773807015616 should_redirect: user_authenticated=True, status=200, location=, result=False, path=/business/api/archive-stats/
[INFO] 2026-06-04 07:05:10,677 middleware 1500787 139773807015616 should_redirect: user_authenticated=True, status=200, location=, result=False, path=/business/api/archive-stats/checked/
[INFO] 2026-06-04 07:05:17,029 middleware 1500787 139773807015616 should_redirect: user_authenticated=True, status=200, location=, result=False, path=/business/api/archive-stats/export/
[INFO] 2026-06-04 07:05:42,122 middleware 1500787 139773807015616 should_redirect: user_authenticated=True, status=200, location=, result=False, path=/business/api/archive-stats/export/
[INFO] 2026-06-04 07:06:02,349 middleware 1500787 139773807015616 should_redirect: user_authenticated=True, status=200, location=, result=False, path=/business/api/archive-stats/checked/
[INFO] 2026-06-04 07:09:44,204 middleware 1501269 140281235945152 should_redirect: user_authenticated=True, status=200, location=, result=False, path=/business/api/archive-stats/export/
[INFO] 2026-06-04 07:10:10,385 middleware 1501269 140281235945152 should_redirect: user_authenticated=True, status=200, location=, result=False, path=/business/api/archive-stats/export-detail/
[INFO] 2026-06-04 07:16:33,926 middleware 1501879 139724596909760 should_redirect: user_authenticated=True, status=200, location=, result=False, path=/business/archive-stats/
[INFO] 2026-06-04 07:16:34,206 middleware 1501879 139724596909760 should_redirect: user_authenticated=True, status=200, location=, result=False, path=/business/api/archive-stats/
[INFO] 2026-06-04 07:16:34,374 middleware 1501879 139724596909760 should_redirect: user_authenticated=True, status=200, location=, result=False, path=/business/api/archive-stats/
[INFO] 2026-06-04 07:16:34,529 middleware 1501879 139724596909760 should_redirect: user_authenticated=True, status=200, location=, result=False, path=/business/api/archive-stats/
[INFO] 2026-06-04 07:16:34,685 middleware 1501879 139724596909760 should_redirect: user_authenticated=True, status=200, location=, result=False, path=/business/api/archive-stats/
[INFO] 2026-06-04 07:16:34,824 middleware 1501879 139724596909760 should_redirect: user_authenticated=True, status=200, location=, result=False, path=/business/api/archive-stats/
[INFO] 2026-06-04 07:16:34,974 middleware 1501879 139724596909760 should_redirect: user_authenticated=True, status=200, location=, result=False, path=/business/api/archive-stats/
[INFO] 2026-06-04 07:16:35,108 middleware 1501879 139724596909760 should_redirect: user_authenticated=True, status=200, location=, result=False, path=/business/api/archive-stats/
[INFO] 2026-06-04 07:16:35,276 middleware 1501879 139724596909760 should_redirect: user_authenticated=True, status=200, location=, result=False, path=/business/api/archive-stats/
[INFO] 2026-06-04 07:16:35,430 middleware 1501879 139724596909760 should_redirect: user_authenticated=True, status=200, location=, result=False, path=/business/api/archive-stats/
[INFO] 2026-06-04 07:16:35,583 middleware 1501879 139724596909760 should_redirect: user_authenticated=True, status=200, location=, result=False, path=/business/api/archive-stats/
[INFO] 2026-06-04 07:16:37,025 middleware 1501879 139724596909760 should_redirect: user_authenticated=True, status=200, location=, result=False, path=/business/api/archive-stats/checked/
[INFO] 2026-06-04 07:16:43,066 middleware 1501879 139724596909760 should_redirect: user_authenticated=True, status=200, location=, result=False, path=/business/api/archive-stats/checked/
[INFO] 2026-06-04 07:16:47,118 middleware 1501879 139724584294080 should_redirect: user_authenticated=True, status=200, location=, result=False, path=/business/api/archive-stats/detail-by-range/
[INFO] 2026-06-04 07:16:47,369 middleware 1501879 139724596909760 should_redirect: user_authenticated=True, status=200, location=, result=False, path=/business/api/archive-stats/detail-by-range/
[INFO] 2026-06-04 07:17:24,294 middleware 1501879 139724596909760 should_redirect: user_authenticated=True, status=200, location=, result=False, path=/business/api/archive-stats/detail-by-range/
[INFO] 2026-06-04 07:17:24,388 middleware 1501879 139724584294080 should_redirect: user_authenticated=True, status=200, location=, result=False, path=/business/api/archive-stats/detail-by-range/
[INFO] 2026-06-04 07:19:12,720 middleware 1502154 139874299819712 should_redirect: user_authenticated=True, status=200, location=, result=False, path=/business/archive-stats/
[INFO] 2026-06-04 07:19:12,991 middleware 1502154 139874299819712 should_redirect: user_authenticated=True, status=200, location=, result=False, path=/business/api/archive-stats/
[INFO] 2026-06-04 07:19:13,136 middleware 1502154 139874299819712 should_redirect: user_authenticated=True, status=200, location=, result=False, path=/business/api/archive-stats/
[INFO] 2026-06-04 07:19:13,278 middleware 1502154 139874299819712 should_redirect: user_authenticated=True, status=200, location=, result=False, path=/business/api/archive-stats/
[INFO] 2026-06-04 07:19:13,457 middleware 1502154 139874299819712 should_redirect: user_authenticated=True, status=200, location=, result=False, path=/business/api/archive-stats/
[INFO] 2026-06-04 07:19:13,591 middleware 1502154 139874299819712 should_redirect: user_authenticated=True, status=200, location=, result=False, path=/business/api/archive-stats/
[INFO] 2026-06-04 07:19:13,735 middleware 1502154 139874299819712 should_redirect: user_authenticated=True, status=200, location=, result=False, path=/business/api/archive-stats/
[INFO] 2026-06-04 07:19:13,868 middleware 1502154 139874299819712 should_redirect: user_authenticated=True, status=200, location=, result=False, path=/business/api/archive-stats/
[INFO] 2026-06-04 07:19:14,042 middleware 1502154 139874299819712 should_redirect: user_authenticated=True, status=200, location=, result=False, path=/business/api/archive-stats/
[INFO] 2026-06-04 07:19:14,178 middleware 1502154 139874299819712 should_redirect: user_authenticated=True, status=200, location=, result=False, path=/business/api/archive-stats/
[INFO] 2026-06-04 07:19:14,343 middleware 1502154 139874299819712 should_redirect: user_authenticated=True, status=200, location=, result=False, path=/business/api/archive-stats/
[INFO] 2026-06-04 07:19:15,444 middleware 1502154 139874299819712 should_redirect: user_authenticated=True, status=200, location=, result=False, path=/business/api/archive-stats/checked/
[INFO] 2026-06-04 07:20:37,610 middleware 1502154 139874299819712 should_redirect: user_authenticated=True, status=200, location=, result=False, path=/business/archive-stats/
[INFO] 2026-06-04 07:20:38,882 middleware 1502154 139874299819712 should_redirect: user_authenticated=True, status=200, location=, result=False, path=/business/api/archive-stats/
[INFO] 2026-06-04 07:20:39,032 middleware 1502154 139874299819712 should_redirect: user_authenticated=True, status=200, location=, result=False, path=/business/api/archive-stats/
[INFO] 2026-06-04 07:20:39,194 middleware 1502154 139874299819712 should_redirect: user_authenticated=True, status=200, location=, result=False, path=/business/api/archive-stats/
[INFO] 2026-06-04 07:20:39,333 middleware 1502154 139874299819712 should_redirect: user_authenticated=True, status=200, location=, result=False, path=/business/api/archive-stats/
[INFO] 2026-06-04 07:20:39,505 middleware 1502154 139874299819712 should_redirect: user_authenticated=True, status=200, location=, result=False, path=/business/api/archive-stats/
[INFO] 2026-06-04 07:20:39,657 middleware 1502154 139874299819712 should_redirect: user_authenticated=True, status=200, location=, result=False, path=/business/api/archive-stats/
[INFO] 2026-06-04 07:20:39,815 middleware 1502154 139874299819712 should_redirect: user_authenticated=True, status=200, location=, result=False, path=/business/api/archive-stats/
[INFO] 2026-06-04 07:20:39,952 middleware 1502154 139874299819712 should_redirect: user_authenticated=True, status=200, location=, result=False, path=/business/api/archive-stats/
[INFO] 2026-06-04 07:20:40,105 middleware 1502154 139874299819712 should_redirect: user_authenticated=True, status=200, location=, result=False, path=/business/api/archive-stats/
[INFO] 2026-06-04 07:20:40,247 middleware 1502154 139874299819712 should_redirect: user_authenticated=True, status=200, location=, result=False, path=/business/api/archive-stats/
[INFO] 2026-06-04 07:20:41,446 middleware 1502154 139874299819712 should_redirect: user_authenticated=True, status=200, location=, result=False, path=/business/api/archive-stats/checked/
[INFO] 2026-06-04 07:20:48,795 middleware 1502154 139874299819712 should_redirect: user_authenticated=True, status=200, location=, result=False, path=/business/api/archive-stats/detail-by-range/
[INFO] 2026-06-04 07:20:53,058 middleware 1502154 139874299819712 should_redirect: user_authenticated=True, status=200, location=, result=False, path=/business/api/archive-stats/detail-by-range/
[INFO] 2026-06-04 07:20:58,480 middleware 1502154 139874299819712 should_redirect: user_authenticated=True, status=200, location=, result=False, path=/business/api/archive-stats/detail-by-range/
[INFO] 2026-06-04 07:21:00,614 middleware 1502154 139874299819712 should_redirect: user_authenticated=True, status=200, location=, result=False, path=/business/api/archive-stats/detail-by-range/
[INFO] 2026-06-04 07:21:12,645 middleware 1502154 139874299819712 should_redirect: user_authenticated=True, status=200, location=, result=False, path=/business/api/archive-stats/detail-by-range/
[INFO] 2026-06-04 07:21:33,123 middleware 1502154 139874299819712 should_redirect: user_authenticated=True, status=200, location=, result=False, path=/business/api/archive-stats/detail-by-range/
[INFO] 2026-06-04 07:33:52,154 middleware 1502154 139874299819712 should_redirect: user_authenticated=True, status=200, location=, result=False, path=/business/api/archive-stats/checked/
[INFO] 2026-06-04 07:34:50,743 middleware 1502154 139874299819712 should_redirect: user_authenticated=True, status=200, location=, result=False, path=/business/api/archive-stats/checked/
[INFO] 2026-06-04 07:35:22,317 middleware 1502154 139874299819712 should_redirect: user_authenticated=True, status=200, location=, result=False, path=/business/api/archive-stats/checked/
[INFO] 2026-06-04 07:35:39,339 middleware 1502154 139874299819712 should_redirect: user_authenticated=True, status=200, location=, result=False, path=/business/api/archive-stats/checked/
[INFO] 2026-06-04 07:36:17,285 middleware 1502154 139874299819712 should_redirect: user_authenticated=True, status=200, location=, result=False, path=/business/api/archive-stats/checked/
[INFO] 2026-06-04 07:36:59,382 middleware 1502154 139874299819712 should_redirect: user_authenticated=True, status=200, location=, result=False, path=/business/api/archive-stats/detail-by-range/
[INFO] 2026-06-04 07:39:14,676 middleware 1502154 139874299819712 should_redirect: user_authenticated=True, status=200, location=, result=False, path=/business/student-archives/
[INFO] 2026-06-04 07:39:14,963 middleware 1502154 139874299819712 should_redirect: user_authenticated=True, status=200, location=, result=False, path=/business/api/student-archives/list/
[INFO] 2026-06-04 08:32:51,855 auth 1502154 139874287204032 用户 admin 登录成功
[INFO] 2026-06-04 08:32:51,885 middleware 1502154 139874287204032 should_redirect: user_authenticated=True, status=200, location=, result=False, path=/
[INFO] 2026-06-04 08:32:52,002 middleware 1502154 139874287204032 should_redirect: user_authenticated=True, status=200, location=, result=False, path=/
[INFO] 2026-06-04 08:32:52,183 middleware 1502154 139874287204032 should_redirect: user_authenticated=True, status=200, location=, result=False, path=/welcome/
[INFO] 2026-06-04 08:32:52,218 middleware 1502154 139874287204032 should_redirect: user_authenticated=True, status=200, location=, result=False, path=/menus/
[INFO] 2026-06-04 08:33:41,029 middleware 1502154 139874287204032 should_redirect: user_authenticated=True, status=200, location=, result=False, path=/archives/person
[INFO] 2026-06-04 08:33:41,131 middleware 1502154 139874287204032 should_redirect: user_authenticated=True, status=200, location=, result=False, path=/components/person-panel-embed/
[INFO] 2026-06-04 08:33:41,226 middleware 1502154 139874287204032 should_redirect: user_authenticated=True, status=200, location=, result=False, path=/components/person-panel-embed/
[INFO] 2026-06-04 08:33:41,292 middleware 1502154 139874287204032 should_redirect: user_authenticated=True, status=200, location=, result=False, path=/components/tree/
[INFO] 2026-06-04 08:35:51,608 middleware 1502154 139874287204032 should_redirect: user_authenticated=True, status=200, location=, result=False, path=/components/person-search/
[INFO] 2026-06-04 08:35:52,481 middleware 1502154 139874287204032 should_redirect: user_authenticated=True, status=200, location=, result=False, path=/archives/person-basic/
[INFO] 2026-06-04 08:35:52,763 middleware 1502154 139874287204032 should_redirect: user_authenticated=True, status=200, location=, result=False, path=/archives/api/person-detail/
[INFO] 2026-06-04 08:35:54,388 middleware 1502154 139874287204032 should_redirect: user_authenticated=True, status=200, location=, result=False, path=/archives/person-identify/
[INFO] 2026-06-04 08:35:54,533 middleware 1502154 139874287204032 should_redirect: user_authenticated=True, status=200, location=, result=False, path=/archives/api/identify/
[INFO] 2026-06-04 08:35:56,222 middleware 1502154 139874287204032 should_redirect: user_authenticated=True, status=200, location=, result=False, path=/archives/person-audit/
[INFO] 2026-06-04 08:35:56,367 middleware 1502154 139874287204032 should_redirect: user_authenticated=True, status=200, location=, result=False, path=/archives/api/audit/
[INFO] 2026-06-04 08:35:58,606 middleware 1502154 139874287204032 should_redirect: user_authenticated=True, status=200, location=, result=False, path=/archives/api/audit-proof-print/
[INFO] 2026-06-04 08:35:59,405 middleware 1502154 139874287204032 should_redirect: user_authenticated=True, status=200, location=, result=False, path=/archives/api/audit-proof-print/
[INFO] 2026-06-04 08:36:08,015 middleware 1502154 139874287204032 should_redirect: user_authenticated=True, status=200, location=, result=False, path=/archives/api/audit-proof-print/
[INFO] 2026-06-04 08:36:08,072 middleware 1502154 139874287204032 should_redirect: user_authenticated=True, status=404, location=, result=False, path=/favicon.ico
[INFO] 2026-06-04 08:36:24,611 middleware 1502154 139874287204032 should_redirect: user_authenticated=True, status=200, location=, result=False, path=/components/person-search/
[INFO] 2026-06-04 08:36:25,316 middleware 1502154 139874287204032 should_redirect: user_authenticated=True, status=200, location=, result=False, path=/archives/person-audit/
[INFO] 2026-06-04 08:36:25,506 middleware 1502154 139874287204032 should_redirect: user_authenticated=True, status=200, location=, result=False, path=/archives/api/audit/
[INFO] 2026-06-04 08:36:28,219 middleware 1502154 139874287204032 should_redirect: user_authenticated=True, status=200, location=, result=False, path=/archives/api/audit-proof-print/
[INFO] 2026-06-04 08:36:28,913 middleware 1502154 139874287204032 should_redirect: user_authenticated=True, status=200, location=, result=False, path=/archives/api/audit-proof-print/
[INFO] 2026-06-04 08:36:31,993 middleware 1502154 139874287204032 should_redirect: user_authenticated=True, status=200, location=, result=False, path=/archives/api/audit-proof-print/
[INFO] 2026-06-04 08:37:21,064 middleware 1502154 139874287204032 should_redirect: user_authenticated=True, status=200, location=, result=False, path=/components/person-search/
[INFO] 2026-06-04 08:37:21,818 middleware 1502154 139874287204032 should_redirect: user_authenticated=True, status=200, location=, result=False, path=/archives/person-audit/
[INFO] 2026-06-04 08:37:21,986 middleware 1502154 139874287204032 should_redirect: user_authenticated=True, status=200, location=, result=False, path=/archives/api/audit/
[INFO] 2026-06-04 08:37:24,072 middleware 1502154 139874287204032 should_redirect: user_authenticated=True, status=200, location=, result=False, path=/archives/api/audit-proof-print/
[INFO] 2026-06-04 08:37:28,608 middleware 1502154 139874287204032 should_redirect: user_authenticated=True, status=200, location=, result=False, path=/archives/api/audit-proof-check/
[INFO] 2026-06-04 08:38:09,659 middleware 1502154 139874287204032 should_redirect: user_authenticated=True, status=200, location=, result=False, path=/archives/api/zs/
[INFO] 2026-06-04 08:38:12,894 middleware 1502154 139874287204032 should_redirect: user_authenticated=True, status=200, location=, result=False, path=/archives/api/zs/
[INFO] 2026-06-04 08:38:26,329 middleware 1502154 139874287204032 should_redirect: user_authenticated=True, status=200, location=, result=False, path=/components/person-search/
[INFO] 2026-06-04 08:38:27,018 middleware 1502154 139874287204032 should_redirect: user_authenticated=True, status=200, location=, result=False, path=/archives/person-audit/
[INFO] 2026-06-04 08:38:27,195 middleware 1502154 139874287204032 should_redirect: user_authenticated=True, status=200, location=, result=False, path=/archives/api/audit/
[INFO] 2026-06-04 08:38:29,570 middleware 1502154 139874287204032 should_redirect: user_authenticated=True, status=200, location=, result=False, path=/archives/api/audit-proof-print/
[INFO] 2026-06-04 08:38:30,298 middleware 1502154 139874287204032 should_redirect: user_authenticated=True, status=200, location=, result=False, path=/archives/api/audit-proof-print/
[INFO] 2026-06-04 08:38:32,767 middleware 1502154 139874287204032 should_redirect: user_authenticated=True, status=200, location=, result=False, path=/archives/api/audit-proof-print/
[INFO] 2026-06-04 08:38:43,139 middleware 1502154 139874287204032 should_redirect: user_authenticated=True, status=200, location=, result=False, path=/components/person-search/
[INFO] 2026-06-04 08:38:43,813 middleware 1502154 139874287204032 should_redirect: user_authenticated=True, status=200, location=, result=False, path=/archives/person-audit/
[INFO] 2026-06-04 08:38:43,951 middleware 1502154 139874287204032 should_redirect: user_authenticated=True, status=200, location=, result=False, path=/archives/api/audit/
[INFO] 2026-06-04 08:38:46,037 middleware 1502154 139874287204032 should_redirect: user_authenticated=True, status=200, location=, result=False, path=/archives/api/audit-proof-print/
[INFO] 2026-06-04 08:38:46,705 middleware 1502154 139874287204032 should_redirect: user_authenticated=True, status=200, location=, result=False, path=/archives/api/audit-proof-print/
[INFO] 2026-06-04 08:38:48,744 middleware 1502154 139874287204032 should_redirect: user_authenticated=True, status=200, location=, result=False, path=/archives/api/audit-proof-print/
[INFO] 2026-06-04 08:38:59,623 middleware 1502154 139874287204032 should_redirect: user_authenticated=True, status=200, location=, result=False, path=/components/person-search/
[INFO] 2026-06-04 08:39:00,253 middleware 1502154 139874287204032 should_redirect: user_authenticated=True, status=200, location=, result=False, path=/archives/person-audit/
[INFO] 2026-06-04 08:39:00,439 middleware 1502154 139874287204032 should_redirect: user_authenticated=True, status=200, location=, result=False, path=/archives/api/audit/
[INFO] 2026-06-04 08:39:02,768 middleware 1502154 139874287204032 should_redirect: user_authenticated=True, status=200, location=, result=False, path=/archives/api/audit-proof-print/
[INFO] 2026-06-04 08:39:03,520 middleware 1502154 139874287204032 should_redirect: user_authenticated=True, status=200, location=, result=False, path=/archives/api/audit-proof-print/
[INFO] 2026-06-04 08:39:07,334 middleware 1502154 139874287204032 should_redirect: user_authenticated=True, status=200, location=, result=False, path=/archives/api/audit-proof-print/
[INFO] 2026-06-04 08:39:21,593 middleware 1502154 139874287204032 should_redirect: user_authenticated=True, status=200, location=, result=False, path=/components/person-search/
[INFO] 2026-06-04 08:39:22,211 middleware 1502154 139874287204032 should_redirect: user_authenticated=True, status=200, location=, result=False, path=/archives/person-audit/
[INFO] 2026-06-04 08:39:22,373 middleware 1502154 139874287204032 should_redirect: user_authenticated=True, status=200, location=, result=False, path=/archives/api/audit/
[INFO] 2026-06-04 08:39:23,935 middleware 1502154 139874287204032 should_redirect: user_authenticated=True, status=200, location=, result=False, path=/archives/api/audit-proof-check/
[INFO] 2026-06-04 08:39:36,514 middleware 1502154 139874287204032 should_redirect: user_authenticated=True, status=200, location=, result=False, path=/archives/api/zs/
[INFO] 2026-06-04 08:39:39,600 middleware 1502154 139874287204032 should_redirect: user_authenticated=True, status=200, location=, result=False, path=/archives/api/zs/
[INFO] 2026-06-04 08:39:53,929 middleware 1502154 139874287204032 should_redirect: user_authenticated=True, status=200, location=, result=False, path=/components/person-search/
[INFO] 2026-06-04 08:39:56,020 middleware 1502154 139874287204032 should_redirect: user_authenticated=True, status=200, location=, result=False, path=/archives/person-audit/
[INFO] 2026-06-04 08:39:56,202 middleware 1502154 139874287204032 should_redirect: user_authenticated=True, status=200, location=, result=False, path=/archives/api/audit/
[INFO] 2026-06-04 08:39:58,082 middleware 1502154 139874287204032 should_redirect: user_authenticated=True, status=200, location=, result=False, path=/archives/api/audit-proof-print/
[INFO] 2026-06-04 08:39:58,786 middleware 1502154 139874287204032 should_redirect: user_authenticated=True, status=200, location=, result=False, path=/archives/api/audit-proof-print/
[INFO] 2026-06-04 08:40:01,087 middleware 1502154 139874287204032 should_redirect: user_authenticated=True, status=200, location=, result=False, path=/archives/api/audit-proof-print/
[INFO] 2026-06-04 08:40:08,552 middleware 1502154 139874287204032 should_redirect: user_authenticated=True, status=200, location=, result=False, path=/components/person-search/
[INFO] 2026-06-04 08:40:09,284 middleware 1502154 139874287204032 should_redirect: user_authenticated=True, status=200, location=, result=False, path=/archives/person-audit/
[INFO] 2026-06-04 08:40:09,458 middleware 1502154 139874287204032 should_redirect: user_authenticated=True, status=200, location=, result=False, path=/archives/api/audit/
[INFO] 2026-06-04 08:40:11,154 middleware 1502154 139874287204032 should_redirect: user_authenticated=True, status=200, location=, result=False, path=/archives/api/audit-proof-check/
[INFO] 2026-06-04 08:40:16,656 middleware 1502154 139874287204032 should_redirect: user_authenticated=True, status=200, location=, result=False, path=/archives/api/audit-proof-print/
[INFO] 2026-06-04 08:40:21,636 middleware 1502154 139874287204032 should_redirect: user_authenticated=True, status=200, location=, result=False, path=/archives/api/zs/
[INFO] 2026-06-04 08:40:24,453 middleware 1502154 139874287204032 should_redirect: user_authenticated=True, status=200, location=, result=False, path=/archives/api/zs/
[INFO] 2026-06-04 08:40:38,062 middleware 1502154 139874287204032 should_redirect: user_authenticated=True, status=200, location=, result=False, path=/components/person-search/
[INFO] 2026-06-04 08:40:39,461 middleware 1502154 139874287204032 should_redirect: user_authenticated=True, status=200, location=, result=False, path=/archives/person-audit/
[INFO] 2026-06-04 08:40:39,648 middleware 1502154 139874287204032 should_redirect: user_authenticated=True, status=200, location=, result=False, path=/archives/api/audit/
[INFO] 2026-06-04 08:40:41,805 middleware 1502154 139874287204032 should_redirect: user_authenticated=True, status=200, location=, result=False, path=/archives/api/audit-proof-check/
[INFO] 2026-06-04 08:40:48,832 middleware 1502154 139874287204032 should_redirect: user_authenticated=True, status=200, location=, result=False, path=/archives/api/audit-proof-print/
[INFO] 2026-06-04 08:40:55,753 middleware 1502154 139874287204032 should_redirect: user_authenticated=True, status=200, location=, result=False, path=/archives/api/zs/
[INFO] 2026-06-04 08:40:58,108 middleware 1502154 139874287204032 should_redirect: user_authenticated=True, status=200, location=, result=False, path=/archives/api/zs/
[INFO] 2026-06-04 08:41:08,625 middleware 1502154 139874287204032 should_redirect: user_authenticated=True, status=200, location=, result=False, path=/components/person-search/
[INFO] 2026-06-04 08:41:11,610 middleware 1502154 139874287204032 should_redirect: user_authenticated=True, status=200, location=, result=False, path=/archives/person-audit/
[INFO] 2026-06-04 08:41:11,795 middleware 1502154 139874287204032 should_redirect: user_authenticated=True, status=200, location=, result=False, path=/archives/api/audit/
[INFO] 2026-06-04 08:41:13,110 middleware 1502154 139874287204032 should_redirect: user_authenticated=True, status=200, location=, result=False, path=/archives/person-audit/
[INFO] 2026-06-04 08:41:13,268 middleware 1502154 139874287204032 should_redirect: user_authenticated=True, status=200, location=, result=False, path=/archives/api/audit/
[INFO] 2026-06-04 08:41:21,457 middleware 1502154 139874287204032 should_redirect: user_authenticated=True, status=200, location=, result=False, path=/archives/api/zs/
[INFO] 2026-06-04 08:41:23,421 middleware 1502154 139874287204032 should_redirect: user_authenticated=True, status=200, location=, result=False, path=/archives/api/zs/
[INFO] 2026-06-04 08:41:34,076 middleware 1502154 139874287204032 should_redirect: user_authenticated=True, status=200, location=, result=False, path=/components/person-search/
[INFO] 2026-06-04 08:41:34,871 middleware 1502154 139874287204032 should_redirect: user_authenticated=True, status=200, location=, result=False, path=/archives/person-audit/
[INFO] 2026-06-04 08:41:35,061 middleware 1502154 139874287204032 should_redirect: user_authenticated=True, status=200, location=, result=False, path=/archives/api/audit/
[INFO] 2026-06-04 08:41:40,432 middleware 1502154 139874287204032 should_redirect: user_authenticated=True, status=200, location=, result=False, path=/archives/api/zs/
[INFO] 2026-06-04 08:41:42,009 middleware 1502154 139874287204032 should_redirect: user_authenticated=True, status=200, location=, result=False, path=/archives/api/zs/
[INFO] 2026-06-04 08:41:55,114 middleware 1502154 139874287204032 should_redirect: user_authenticated=True, status=200, location=, result=False, path=/components/person-search/
[INFO] 2026-06-04 08:41:55,855 middleware 1502154 139874287204032 should_redirect: user_authenticated=True, status=200, location=, result=False, path=/archives/person-audit/
[INFO] 2026-06-04 08:41:56,023 middleware 1502154 139874287204032 should_redirect: user_authenticated=True, status=200, location=, result=False, path=/archives/api/audit/
[INFO] 2026-06-04 08:41:58,848 middleware 1502154 139874287204032 should_redirect: user_authenticated=True, status=200, location=, result=False, path=/archives/api/audit-proof-print/
[INFO] 2026-06-04 08:42:03,229 middleware 1502154 139874287204032 should_redirect: user_authenticated=True, status=200, location=, result=False, path=/archives/api/zs/
[INFO] 2026-06-04 08:42:06,799 middleware 1502154 139874287204032 should_redirect: user_authenticated=True, status=200, location=, result=False, path=/archives/api/zs/
[INFO] 2026-06-04 08:42:18,266 middleware 1502154 139874287204032 should_redirect: user_authenticated=True, status=200, location=, result=False, path=/components/person-search/
[INFO] 2026-06-04 08:42:19,000 middleware 1502154 139874287204032 should_redirect: user_authenticated=True, status=200, location=, result=False, path=/archives/person-audit/
[INFO] 2026-06-04 08:42:19,183 middleware 1502154 139874287204032 should_redirect: user_authenticated=True, status=200, location=, result=False, path=/archives/api/audit/
[INFO] 2026-06-04 08:42:21,867 middleware 1502154 139874287204032 should_redirect: user_authenticated=True, status=200, location=, result=False, path=/archives/api/audit-proof-print/
[INFO] 2026-06-04 08:42:22,575 middleware 1502154 139874287204032 should_redirect: user_authenticated=True, status=200, location=, result=False, path=/archives/api/audit-proof-print/
[INFO] 2026-06-04 08:42:25,745 middleware 1502154 139874287204032 should_redirect: user_authenticated=True, status=200, location=, result=False, path=/archives/api/audit-proof-print/
[INFO] 2026-06-04 08:42:35,557 middleware 1502154 139874287204032 should_redirect: user_authenticated=True, status=200, location=, result=False, path=/components/person-search/
[INFO] 2026-06-04 08:42:36,195 middleware 1502154 139874287204032 should_redirect: user_authenticated=True, status=200, location=, result=False, path=/archives/person-audit/
[INFO] 2026-06-04 08:42:36,394 middleware 1502154 139874287204032 should_redirect: user_authenticated=True, status=200, location=, result=False, path=/archives/api/audit/
[INFO] 2026-06-04 08:42:41,674 middleware 1502154 139874287204032 should_redirect: user_authenticated=True, status=200, location=, result=False, path=/archives/api/audit-proof-check/
[INFO] 2026-06-04 08:42:55,509 middleware 1502154 139874287204032 should_redirect: user_authenticated=True, status=200, location=, result=False, path=/components/person-search/
[INFO] 2026-06-04 08:42:56,687 middleware 1502154 139874287204032 should_redirect: user_authenticated=True, status=200, location=, result=False, path=/archives/person-audit/
[INFO] 2026-06-04 08:42:56,844 middleware 1502154 139874287204032 should_redirect: user_authenticated=True, status=200, location=, result=False, path=/archives/api/audit/
[INFO] 2026-06-04 08:42:59,413 middleware 1502154 139874287204032 should_redirect: user_authenticated=True, status=200, location=, result=False, path=/archives/api/audit-proof-print/
[INFO] 2026-06-04 08:43:02,065 middleware 1502154 139874287204032 should_redirect: user_authenticated=True, status=200, location=, result=False, path=/archives/api/audit-proof-check/
[INFO] 2026-06-04 08:43:12,509 middleware 1502154 139874287204032 should_redirect: user_authenticated=True, status=200, location=, result=False, path=/archives/api/zs/
[INFO] 2026-06-04 08:43:15,044 middleware 1502154 139874287204032 should_redirect: user_authenticated=True, status=200, location=, result=False, path=/archives/api/zs/
[INFO] 2026-06-04 08:43:26,842 middleware 1502154 139874287204032 should_redirect: user_authenticated=True, status=200, location=, result=False, path=/components/person-search/
[INFO] 2026-06-04 08:43:27,583 middleware 1502154 139874287204032 should_redirect: user_authenticated=True, status=200, location=, result=False, path=/archives/person-audit/
[INFO] 2026-06-04 08:43:27,776 middleware 1502154 139874287204032 should_redirect: user_authenticated=True, status=200, location=, result=False, path=/archives/api/audit/
[INFO] 2026-06-04 08:43:29,733 middleware 1502154 139874287204032 should_redirect: user_authenticated=True, status=200, location=, result=False, path=/archives/api/audit-proof-check/
[INFO] 2026-06-04 08:43:34,419 middleware 1502154 139874287204032 should_redirect: user_authenticated=True, status=200, location=, result=False, path=/archives/api/audit-proof-print/
[INFO] 2026-06-04 08:43:36,666 middleware 1502154 139874287204032 should_redirect: user_authenticated=True, status=200, location=, result=False, path=/archives/person-salary/
[INFO] 2026-06-04 08:43:37,155 middleware 1502154 139874287204032 should_redirect: user_authenticated=True, status=200, location=, result=False, path=/archives/api/salary/
[INFO] 2026-06-04 08:43:40,656 middleware 1502154 139874287204032 should_redirect: user_authenticated=True, status=200, location=, result=False, path=/archives/api/salary-dcfind/
[INFO] 2026-06-04 08:43:40,910 middleware 1502154 139874287204032 should_redirect: user_authenticated=True, status=200, location=, result=False, path=/archives/api/salary-bzfind/
[INFO] 2026-06-04 08:43:41,083 middleware 1502154 139874287204032 should_redirect: user_authenticated=True, status=200, location=, result=False, path=/archives/api/salary-bzfind/
[INFO] 2026-06-04 08:43:42,596 middleware 1502154 139874287204032 should_redirect: user_authenticated=True, status=200, location=, result=False, path=/archives/api/salary-save/
[INFO] 2026-06-04 08:43:42,972 middleware 1502154 139874287204032 should_redirect: user_authenticated=True, status=200, location=, result=False, path=/archives/api/salary/
[INFO] 2026-06-04 08:43:45,330 middleware 1502154 139874287204032 should_redirect: user_authenticated=True, status=200, location=, result=False, path=/archives/person-audit/
[INFO] 2026-06-04 08:43:45,484 middleware 1502154 139874287204032 should_redirect: user_authenticated=True, status=200, location=, result=False, path=/archives/api/audit/
[INFO] 2026-06-04 08:43:48,176 middleware 1502154 139874287204032 should_redirect: user_authenticated=True, status=200, location=, result=False, path=/archives/api/audit-proof-print/
[INFO] 2026-06-04 08:43:48,893 middleware 1502154 139874287204032 should_redirect: user_authenticated=True, status=200, location=, result=False, path=/archives/api/audit-proof-print/
[INFO] 2026-06-04 08:43:50,633 middleware 1502154 139874287204032 should_redirect: user_authenticated=True, status=200, location=, result=False, path=/archives/api/audit-proof-print/
[INFO] 2026-06-04 08:44:05,376 middleware 1502154 139874287204032 should_redirect: user_authenticated=True, status=200, location=, result=False, path=/components/person-search/
[INFO] 2026-06-04 08:44:06,929 middleware 1502154 139874287204032 should_redirect: user_authenticated=True, status=200, location=, result=False, path=/archives/person-audit/
[INFO] 2026-06-04 08:44:07,123 middleware 1502154 139874287204032 should_redirect: user_authenticated=True, status=200, location=, result=False, path=/archives/api/audit/
[INFO] 2026-06-04 08:44:09,264 middleware 1502154 139874287204032 should_redirect: user_authenticated=True, status=200, location=, result=False, path=/archives/api/audit-proof-check/
[INFO] 2026-06-04 08:44:13,080 middleware 1502154 139874287204032 should_redirect: user_authenticated=True, status=200, location=, result=False, path=/archives/person-salary/
[INFO] 2026-06-04 08:44:13,525 middleware 1502154 139874287204032 should_redirect: user_authenticated=True, status=200, location=, result=False, path=/archives/api/salary/
[INFO] 2026-06-04 08:44:15,264 middleware 1502154 139874287204032 should_redirect: user_authenticated=True, status=200, location=, result=False, path=/archives/api/salary-dcfind/
[INFO] 2026-06-04 08:44:15,515 middleware 1502154 139874287204032 should_redirect: user_authenticated=True, status=200, location=, result=False, path=/archives/api/salary-bzfind/
[INFO] 2026-06-04 08:44:17,168 middleware 1502154 139874287204032 should_redirect: user_authenticated=True, status=200, location=, result=False, path=/archives/api/salary-save/
[INFO] 2026-06-04 08:44:17,527 middleware 1502154 139874287204032 should_redirect: user_authenticated=True, status=200, location=, result=False, path=/archives/api/salary/
[INFO] 2026-06-04 08:44:18,943 middleware 1502154 139874287204032 should_redirect: user_authenticated=True, status=200, location=, result=False, path=/archives/person-audit/
[INFO] 2026-06-04 08:44:19,099 middleware 1502154 139874287204032 should_redirect: user_authenticated=True, status=200, location=, result=False, path=/archives/api/audit/
[INFO] 2026-06-04 08:44:21,066 middleware 1502154 139874287204032 should_redirect: user_authenticated=True, status=200, location=, result=False, path=/archives/api/audit-proof-print/
[INFO] 2026-06-04 08:44:21,851 middleware 1502154 139874287204032 should_redirect: user_authenticated=True, status=200, location=, result=False, path=/archives/api/audit-proof-print/
[INFO] 2026-06-04 08:44:25,570 middleware 1502154 139874287204032 should_redirect: user_authenticated=True, status=200, location=, result=False, path=/archives/api/audit-proof-print/
[INFO] 2026-06-04 08:51:17,378 auth 1502154 139874057316032 用户 admin 登录成功
[INFO] 2026-06-04 08:51:17,397 middleware 1502154 139874057316032 should_redirect: user_authenticated=True, status=200, location=, result=False, path=/
[INFO] 2026-06-04 08:51:17,470 middleware 1502154 139874057316032 should_redirect: user_authenticated=True, status=200, location=, result=False, path=/
[INFO] 2026-06-04 08:51:17,642 middleware 1502154 139874057316032 should_redirect: user_authenticated=True, status=200, location=, result=False, path=/welcome/
[INFO] 2026-06-04 08:51:17,667 middleware 1502154 139874057316032 should_redirect: user_authenticated=True, status=200, location=, result=False, path=/menus/
[INFO] 2026-06-04 08:51:20,350 middleware 1502154 139874057316032 should_redirect: user_authenticated=True, status=200, location=, result=False, path=/archives/person
[INFO] 2026-06-04 08:51:20,431 middleware 1502154 139874057316032 should_redirect: user_authenticated=True, status=200, location=, result=False, path=/components/person-panel-embed/
[INFO] 2026-06-04 08:51:20,533 middleware 1502154 139874057316032 should_redirect: user_authenticated=True, status=200, location=, result=False, path=/components/person-panel-embed/
[INFO] 2026-06-04 08:51:20,601 middleware 1502154 139874057316032 should_redirect: user_authenticated=True, status=200, location=, result=False, path=/components/tree/
[INFO] 2026-06-04 08:53:28,173 middleware 1502154 139874057316032 should_redirect: user_authenticated=True, status=200, location=, result=False, path=/components/tree-children/
[INFO] 2026-06-04 08:53:28,863 middleware 1502154 139874057316032 should_redirect: user_authenticated=True, status=200, location=, result=False, path=/components/tree-children/
[INFO] 2026-06-04 08:53:30,018 middleware 1502154 139874057316032 should_redirect: user_authenticated=True, status=200, location=, result=False, path=/archives/person-basic/
[INFO] 2026-06-04 08:53:30,259 middleware 1502154 139874057316032 should_redirect: user_authenticated=True, status=200, location=, result=False, path=/archives/api/person-detail/
[INFO] 2026-06-04 08:53:36,626 middleware 1502154 139874057316032 should_redirect: user_authenticated=True, status=200, location=, result=False, path=/components/person-search/
[INFO] 2026-06-04 08:53:38,570 middleware 1502154 139874057316032 should_redirect: user_authenticated=True, status=200, location=, result=False, path=/archives/person-basic/
[INFO] 2026-06-04 08:53:38,795 middleware 1502154 139874057316032 should_redirect: user_authenticated=True, status=200, location=, result=False, path=/archives/api/person-detail/
[INFO] 2026-06-04 08:53:40,250 middleware 1502154 139874057316032 should_redirect: user_authenticated=True, status=200, location=, result=False, path=/archives/person-audit/
[INFO] 2026-06-04 08:53:40,413 middleware 1502154 139874057316032 should_redirect: user_authenticated=True, status=200, location=, result=False, path=/archives/api/audit/
[INFO] 2026-06-04 08:53:42,142 middleware 1502154 139874057316032 should_redirect: user_authenticated=True, status=200, location=, result=False, path=/archives/api/audit-proof-print/
[INFO] 2026-06-04 08:53:42,863 middleware 1502154 139874057316032 should_redirect: user_authenticated=True, status=200, location=, result=False, path=/archives/api/audit-proof-print/
[INFO] 2026-06-04 08:54:00,084 middleware 1508635 139983668582080 should_redirect: user_authenticated=True, status=200, location=, result=False, path=/archives/api/audit-proof-print/
[INFO] 2026-06-04 08:54:00,838 middleware 1508635 139983668582080 should_redirect: user_authenticated=True, status=200, location=, result=False, path=/archives/api/audit-proof-print/
[INFO] 2026-06-04 08:54:52,272 middleware 1503514 140118576236352 should_redirect: user_authenticated=False, status=200, location=, result=False, path=/welcome/
[INFO] 2026-06-04 08:54:52,813 middleware 1503509 140118576236352 should_redirect: user_authenticated=False, status=302, location=/login/?next=/menus/, result=True, path=/menus/
[INFO] 2026-06-04 08:54:52,814 middleware 1503509 140118576236352 为用户 AnonymousUser 执行iframe登录跳转
[INFO] 2026-06-04 08:54:54,880 middleware 1508767 140254876116672 should_redirect: user_authenticated=True, status=200, location=, result=False, path=/archives/api/audit-proof-print/
[INFO] 2026-06-04 08:54:55,588 middleware 1508767 140254876116672 should_redirect: user_authenticated=True, status=200, location=, result=False, path=/archives/api/audit-proof-print/
[INFO] 2026-06-04 08:55:13,556 middleware 1508878 140452623918784 should_redirect: user_authenticated=True, status=200, location=, result=False, path=/archives/api/audit-proof-print/
[INFO] 2026-06-04 08:55:14,294 middleware 1508878 140452623918784 should_redirect: user_authenticated=True, status=200, location=, result=False, path=/archives/api/audit-proof-print/
[INFO] 2026-06-04 08:55:31,683 middleware 1508976 139700816037568 should_redirect: user_authenticated=True, status=200, location=, result=False, path=/archives/api/audit-proof-print/
[INFO] 2026-06-04 08:55:32,452 middleware 1508976 139700816037568 should_redirect: user_authenticated=True, status=200, location=, result=False, path=/archives/api/audit-proof-print/
[INFO] 2026-06-04 08:55:47,310 middleware 1509077 140193035110080 should_redirect: user_authenticated=True, status=200, location=, result=False, path=/archives/api/audit-proof-print/
[INFO] 2026-06-04 08:55:48,026 middleware 1509077 140193035110080 should_redirect: user_authenticated=True, status=200, location=, result=False, path=/archives/api/audit-proof-print/
[INFO] 2026-06-04 08:56:08,110 middleware 1509286 140408119281344 should_redirect: user_authenticated=True, status=200, location=, result=False, path=/archives/api/audit-proof-print/
[INFO] 2026-06-04 08:56:08,910 middleware 1509286 140408119281344 should_redirect: user_authenticated=True, status=200, location=, result=False, path=/archives/api/audit-proof-print/
[INFO] 2026-06-04 08:56:22,643 middleware 1509538 139949862524608 should_redirect: user_authenticated=True, status=200, location=, result=False, path=/archives/api/audit-proof-print/
[INFO] 2026-06-04 08:56:23,374 middleware 1509538 139949862524608 should_redirect: user_authenticated=True, status=200, location=, result=False, path=/archives/api/audit-proof-print/
[INFO] 2026-06-04 08:56:36,724 middleware 1509633 140101583701696 should_redirect: user_authenticated=True, status=200, location=, result=False, path=/archives/api/audit-proof-print/
[INFO] 2026-06-04 08:56:37,488 middleware 1509633 140101583701696 should_redirect: user_authenticated=True, status=200, location=, result=False, path=/archives/api/audit-proof-print/
[INFO] 2026-06-04 08:57:04,811 middleware 1509743 139728158881472 should_redirect: user_authenticated=True, status=200, location=, result=False, path=/archives/api/audit-proof-print/
[INFO] 2026-06-04 08:57:05,558 middleware 1509743 139728158881472 should_redirect: user_authenticated=True, status=200, location=, result=False, path=/archives/api/audit-proof-print/
[INFO] 2026-06-04 08:57:28,008 middleware 1509855 140713928984256 should_redirect: user_authenticated=True, status=200, location=, result=False, path=/archives/api/audit-proof-print/
[INFO] 2026-06-04 08:57:28,720 middleware 1509855 140713928984256 should_redirect: user_authenticated=True, status=200, location=, result=False, path=/archives/api/audit-proof-print/
[INFO] 2026-06-04 08:57:43,126 middleware 1509952 140023359256256 should_redirect: user_authenticated=True, status=200, location=, result=False, path=/archives/api/audit-proof-print/
[INFO] 2026-06-04 08:57:43,872 middleware 1509952 140023359256256 should_redirect: user_authenticated=True, status=200, location=, result=False, path=/archives/api/audit-proof-print/
[INFO] 2026-06-04 08:58:05,718 middleware 1510051 140666815731392 should_redirect: user_authenticated=True, status=200, location=, result=False, path=/archives/api/audit-proof-print/
[INFO] 2026-06-04 08:58:06,455 middleware 1510051 140666815731392 should_redirect: user_authenticated=True, status=200, location=, result=False, path=/archives/api/audit-proof-print/
[INFO] 2026-06-04 09:13:52,418 middleware 1510270 140044214089536 should_redirect: user_authenticated=False, status=302, location=/login/?next=/, result=True, path=/
[INFO] 2026-06-04 09:13:52,418 middleware 1510270 140044214089536 为用户 AnonymousUser 执行iframe登录跳转
[INFO] 2026-06-04 09:13:52,780 middleware 1510269 140044214089536 should_redirect: user_authenticated=False, status=404, location=, result=False, path=/favicon.ico
[INFO] 2026-06-04 09:14:01,824 auth 1510270 140044214089536 用户 李家贤 登录成功
[INFO] 2026-06-04 09:14:01,880 middleware 1510270 140044214089536 should_redirect: user_authenticated=True, status=200, location=, result=False, path=/
[INFO] 2026-06-04 09:14:02,031 middleware 1510268 140044214089536 should_redirect: user_authenticated=True, status=200, location=, result=False, path=/
[INFO] 2026-06-04 09:14:02,401 middleware 1510274 140044214089536 should_redirect: user_authenticated=True, status=200, location=, result=False, path=/welcome/
[INFO] 2026-06-04 09:14:02,412 middleware 1510271 140044214089536 should_redirect: user_authenticated=True, status=200, location=, result=False, path=/menus/
[INFO] 2026-06-04 09:14:11,962 middleware 1510270 140044214089536 should_redirect: user_authenticated=True, status=200, location=, result=False, path=/archives/person
[INFO] 2026-06-04 09:14:12,148 middleware 1510267 140044214089536 should_redirect: user_authenticated=True, status=200, location=, result=False, path=/components/person-panel-embed/
[INFO] 2026-06-04 09:14:12,163 middleware 1510267 140044214089536 should_redirect: user_authenticated=True, status=200, location=, result=False, path=/components/person-panel-embed/
[INFO] 2026-06-04 09:14:12,302 middleware 1510267 140044214089536 should_redirect: user_authenticated=True, status=200, location=, result=False, path=/components/tree/
[INFO] 2026-06-04 09:14:37,191 middleware 1510273 140044214089536 should_redirect: user_authenticated=True, status=200, location=, result=False, path=/components/person-search/
[INFO] 2026-06-04 09:14:38,529 middleware 1510271 140044214089536 should_redirect: user_authenticated=True, status=200, location=, result=False, path=/archives/person-basic/
[INFO] 2026-06-04 09:14:38,893 middleware 1510271 140044214089536 should_redirect: user_authenticated=True, status=200, location=, result=False, path=/archives/api/person-detail/
[INFO] 2026-06-04 09:17:44,815 middleware 1510271 140044214089536 should_redirect: user_authenticated=True, status=404, location=, result=False, path=/business/look
[INFO] 2026-06-04 09:17:44,957 middleware 1510272 140044214089536 should_redirect: user_authenticated=True, status=200, location=, result=False, path=/business/look/
[INFO] 2026-06-04 09:17:45,131 middleware 1510272 140044214089536 should_redirect: user_authenticated=True, status=200, location=, result=False, path=/components/person-panel-embed/
[INFO] 2026-06-04 09:17:45,225 middleware 1510273 140044214089536 should_redirect: user_authenticated=True, status=200, location=, result=False, path=/business/api/look/list/
[INFO] 2026-06-04 09:17:56,056 middleware 1510273 140044214089536 should_redirect: user_authenticated=True, status=200, location=, result=False, path=/components/person-panel-embed/
[INFO] 2026-06-04 09:17:56,281 middleware 1510271 140044214089536 should_redirect: user_authenticated=True, status=200, location=, result=False, path=/components/tree/
[INFO] 2026-06-04 09:18:01,478 middleware 1510270 140044214089536 should_redirect: user_authenticated=True, status=200, location=, result=False, path=/components/person-search/
[INFO] 2026-06-04 09:18:02,506 middleware 1510273 140044214089536 should_redirect: user_authenticated=True, status=200, location=, result=False, path=/business/api/look/persons/
[INFO] 2026-06-04 09:18:25,814 middleware 1510268 140044214089536 should_redirect: user_authenticated=True, status=200, location=, result=False, path=/business/api/look/suggest/
[INFO] 2026-06-04 09:18:31,150 middleware 1510271 140044214089536 should_redirect: user_authenticated=True, status=200, location=, result=False, path=/business/api/look/suggest/
[INFO] 2026-06-04 09:19:38,626 middleware 1510272 140044214089536 should_redirect: user_authenticated=True, status=200, location=, result=False, path=/business/api/look/suggest/
[INFO] 2026-06-04 09:19:38,696 middleware 1510272 140044214089536 should_redirect: user_authenticated=True, status=200, location=, result=False, path=/business/api/look/suggest/
[INFO] 2026-06-04 09:20:00,487 middleware 1510270 140044214089536 should_redirect: user_authenticated=True, status=200, location=, result=False, path=/business/api/look/persons/
[INFO] 2026-06-04 09:20:07,540 middleware 1510274 140044214089536 should_redirect: user_authenticated=True, status=200, location=, result=False, path=/business/api/look/save/
[INFO] 2026-06-04 09:20:07,571 middleware 1510274 140044214089536 should_redirect: user_authenticated=True, status=200, location=, result=False, path=/business/api/look/list/
[INFO] 2026-06-04 09:23:41,857 middleware 1510143 140215062017728 should_redirect: user_authenticated=True, status=200, location=, result=False, path=/archives/person-meeting/
[INFO] 2026-06-04 09:23:42,066 middleware 1510143 140215062017728 should_redirect: user_authenticated=True, status=200, location=, result=False, path=/archives/api/meeting-batches/
[INFO] 2026-06-04 09:23:44,711 middleware 1510143 140215062017728 should_redirect: user_authenticated=True, status=200, location=, result=False, path=/business/archive-stats/
[INFO] 2026-06-04 09:23:45,155 middleware 1510143 140215062017728 should_redirect: user_authenticated=True, status=200, location=, result=False, path=/business/api/archive-stats/
[INFO] 2026-06-04 09:23:45,256 middleware 1510143 140215062017728 should_redirect: user_authenticated=True, status=200, location=, result=False, path=/business/api/archive-stats/
[INFO] 2026-06-04 09:23:45,352 middleware 1510143 140215062017728 should_redirect: user_authenticated=True, status=200, location=, result=False, path=/business/api/archive-stats/
[INFO] 2026-06-04 09:23:45,440 middleware 1510143 140215062017728 should_redirect: user_authenticated=True, status=200, location=, result=False, path=/business/api/archive-stats/
[INFO] 2026-06-04 09:23:45,540 middleware 1510143 140215062017728 should_redirect: user_authenticated=True, status=200, location=, result=False, path=/business/api/archive-stats/
[INFO] 2026-06-04 09:23:45,610 middleware 1510143 140215062017728 should_redirect: user_authenticated=True, status=200, location=, result=False, path=/business/api/archive-stats/
[INFO] 2026-06-04 09:23:45,694 middleware 1510143 140215062017728 should_redirect: user_authenticated=True, status=200, location=, result=False, path=/business/api/archive-stats/
[INFO] 2026-06-04 09:23:45,816 middleware 1510143 140215062017728 should_redirect: user_authenticated=True, status=200, location=, result=False, path=/business/api/archive-stats/
[INFO] 2026-06-04 09:23:45,897 middleware 1510143 140215062017728 should_redirect: user_authenticated=True, status=200, location=, result=False, path=/business/api/archive-stats/
[INFO] 2026-06-04 09:23:45,951 middleware 1510143 140215062017728 should_redirect: user_authenticated=True, status=200, location=, result=False, path=/business/api/archive-stats/
[INFO] 2026-06-04 09:23:46,936 middleware 1510143 140215062017728 should_redirect: user_authenticated=True, status=200, location=, result=False, path=/business/api/archive-stats/checked/
[INFO] 2026-06-04 09:23:54,992 middleware 1510143 140215062017728 should_redirect: user_authenticated=True, status=200, location=, result=False, path=/business/api/archive-stats/detail-by-range/
[INFO] 2026-06-04 09:24:00,274 middleware 1510143 140215062017728 should_redirect: user_authenticated=True, status=200, location=, result=False, path=/business/api/archive-stats/detail-by-range/
[INFO] 2026-06-04 09:35:12,252 middleware 1512693 139656672098112 should_redirect: user_authenticated=True, status=200, location=, result=False, path=/archivesSystem/files/manage/
[INFO] 2026-06-04 09:35:12,565 middleware 1512690 139656672098112 should_redirect: user_authenticated=True, status=200, location=, result=False, path=/archivesSystem/files/dialog/add/
[INFO] 2026-06-04 09:35:12,618 middleware 1512694 139656672098112 should_redirect: user_authenticated=True, status=200, location=, result=False, path=/archivesSystem/api/files/categories/
[INFO] 2026-06-04 09:35:31,195 middleware 1512693 139656672098112 should_redirect: user_authenticated=True, status=200, location=, result=False, path=/archivesSystem/api/files/manage/list/
[INFO] 2026-06-04 09:35:33,670 middleware 1512694 139656672098112 should_redirect: user_authenticated=True, status=200, location=, result=False, path=/archivesSystem/api/files/manage/list/
[INFO] 2026-06-04 09:35:35,938 middleware 1512689 139656672098112 should_redirect: user_authenticated=True, status=200, location=, result=False, path=/archivesSystem/api/files/manage/list/
[INFO] 2026-06-04 09:35:38,081 middleware 1512693 139656672098112 should_redirect: user_authenticated=True, status=200, location=, result=False, path=/archivesSystem/api/files/manage/persons/
[INFO] 2026-06-04 09:35:38,097 middleware 1512693 139656672098112 should_redirect: user_authenticated=True, status=200, location=, result=False, path=/archivesSystem/api/files/download/
[INFO] 2026-06-04 09:35:41,020 middleware 1512691 139656672098112 should_redirect: user_authenticated=True, status=200, location=, result=False, path=/archivesSystem/files/dialog/edit/
[INFO] 2026-06-04 09:35:41,381 middleware 1512691 139656672098112 should_redirect: user_authenticated=True, status=200, location=, result=False, path=/archivesSystem/api/files/manage/persons/
[INFO] 2026-06-04 09:35:48,694 middleware 1512691 139656672098112 should_redirect: user_authenticated=True, status=200, location=, result=False, path=/archivesSystem/files/dialog/edit/
[INFO] 2026-06-04 09:35:48,733 middleware 1512693 139656672098112 should_redirect: user_authenticated=True, status=200, location=, result=False, path=/archivesSystem/api/files/manage/list/
[INFO] 2026-06-04 09:35:53,311 middleware 1512691 139656672098112 should_redirect: user_authenticated=True, status=200, location=, result=False, path=/archivesSystem/api/files/manage/list/
[INFO] 2026-06-04 09:35:53,848 middleware 1512694 139656672098112 should_redirect: user_authenticated=True, status=200, location=, result=False, path=/archivesSystem/api/files/manage/list/
[INFO] 2026-06-04 09:35:58,864 middleware 1512691 139656672098112 should_redirect: user_authenticated=True, status=200, location=, result=False, path=/archivesSystem/files/dialog/edit/
[INFO] 2026-06-04 09:35:58,992 middleware 1512688 139656672098112 should_redirect: user_authenticated=True, status=200, location=, result=False, path=/archivesSystem/api/files/manage/persons/
[INFO] 2026-06-04 09:35:59,010 middleware 1512691 139656672098112 should_redirect: user_authenticated=True, status=200, location=, result=False, path=/archivesSystem/api/files/manage/persons/
[INFO] 2026-06-04 09:35:59,022 middleware 1512691 139656672098112 should_redirect: user_authenticated=True, status=200, location=, result=False, path=/archivesSystem/api/files/download/
[INFO] 2026-06-04 09:36:06,408 middleware 1512691 139656672098112 should_redirect: user_authenticated=True, status=200, location=, result=False, path=/archivesSystem/files/dialog/edit/
[INFO] 2026-06-04 09:36:06,426 middleware 1512693 139656672098112 should_redirect: user_authenticated=True, status=200, location=, result=False, path=/archivesSystem/api/files/manage/persons/
[INFO] 2026-06-04 09:36:06,519 middleware 1512689 139656672098112 should_redirect: user_authenticated=True, status=200, location=, result=False, path=/archivesSystem/api/files/manage/persons/
[INFO] 2026-06-04 09:36:06,595 middleware 1512692 139656672098112 should_redirect: user_authenticated=True, status=200, location=, result=False, path=/archivesSystem/api/files/download/
[INFO] 2026-06-04 09:36:26,428 middleware 1512688 139656672098112 should_redirect: user_authenticated=True, status=200, location=, result=False, path=/archivesSystem/api/files/manage/persons/
[INFO] 2026-06-04 09:36:26,429 middleware 1512689 139656672098112 should_redirect: user_authenticated=True, status=200, location=, result=False, path=/archivesSystem/files/dialog/edit/
[INFO] 2026-06-04 09:36:26,453 middleware 1512688 139656672098112 should_redirect: user_authenticated=True, status=200, location=, result=False, path=/archivesSystem/api/files/download/
[INFO] 2026-06-04 09:36:26,549 middleware 1512688 139656672098112 should_redirect: user_authenticated=True, status=200, location=, result=False, path=/archivesSystem/api/files/manage/persons/
[INFO] 2026-06-04 09:36:35,873 middleware 1512690 139656672098112 should_redirect: user_authenticated=True, status=200, location=, result=False, path=/archivesSystem/files/dialog/edit/
[INFO] 2026-06-04 09:36:35,938 middleware 1512690 139656672098112 should_redirect: user_authenticated=True, status=200, location=, result=False, path=/archivesSystem/api/files/manage/list/
[INFO] 2026-06-04 09:36:37,621 middleware 1512693 139656672098112 should_redirect: user_authenticated=True, status=200, location=, result=False, path=/archivesSystem/api/files/manage/list/
[INFO] 2026-06-04 09:36:41,133 middleware 1512694 139656672098112 should_redirect: user_authenticated=True, status=200, location=, result=False, path=/archivesSystem/api/files/manage/list/
[INFO] 2026-06-04 09:36:46,133 middleware 1512693 139656672098112 should_redirect: user_authenticated=True, status=200, location=, result=False, path=/archivesSystem/files/dialog/edit/
[INFO] 2026-06-04 09:36:46,141 middleware 1512692 139656672098112 should_redirect: user_authenticated=True, status=200, location=, result=False, path=/archivesSystem/api/files/manage/persons/
[INFO] 2026-06-04 09:36:46,170 middleware 1512692 139656672098112 should_redirect: user_authenticated=True, status=200, location=, result=False, path=/archivesSystem/api/files/download/
[INFO] 2026-06-04 09:36:46,418 middleware 1512692 139656672098112 should_redirect: user_authenticated=True, status=200, location=, result=False, path=/archivesSystem/api/files/manage/persons/
[INFO] 2026-06-04 09:37:06,924 middleware 1512690 139656672098112 should_redirect: user_authenticated=True, status=200, location=, result=False, path=/archivesSystem/api/files/manage/persons/
[INFO] 2026-06-04 09:37:06,928 middleware 1512688 139656672098112 should_redirect: user_authenticated=True, status=200, location=, result=False, path=/archivesSystem/files/dialog/edit/
[INFO] 2026-06-04 09:37:06,958 middleware 1512688 139656672098112 should_redirect: user_authenticated=True, status=200, location=, result=False, path=/archivesSystem/api/files/download/
[INFO] 2026-06-04 09:37:07,032 middleware 1512688 139656672098112 should_redirect: user_authenticated=True, status=200, location=, result=False, path=/archivesSystem/api/files/manage/persons/
[INFO] 2026-06-04 09:37:11,337 middleware 1512692 139656672098112 should_redirect: user_authenticated=True, status=200, location=, result=False, path=/archivesSystem/files/dialog/edit/
[INFO] 2026-06-04 09:37:11,337 middleware 1512688 139656672098112 should_redirect: user_authenticated=True, status=200, location=, result=False, path=/archivesSystem/api/files/manage/persons/
[INFO] 2026-06-04 09:37:11,357 middleware 1512688 139656672098112 should_redirect: user_authenticated=True, status=200, location=, result=False, path=/archivesSystem/api/files/download/
[INFO] 2026-06-04 09:37:11,480 middleware 1512691 139656672098112 should_redirect: user_authenticated=True, status=200, location=, result=False, path=/archivesSystem/api/files/manage/persons/
[INFO] 2026-06-04 09:37:15,050 middleware 1512691 139656672098112 should_redirect: user_authenticated=True, status=200, location=, result=False, path=/archivesSystem/api/files/manage/persons/
[INFO] 2026-06-04 09:37:15,069 middleware 1512691 139656672098112 should_redirect: user_authenticated=True, status=200, location=, result=False, path=/archivesSystem/api/files/download/
[INFO] 2026-06-04 09:37:15,157 middleware 1512695 139656672098112 should_redirect: user_authenticated=True, status=200, location=, result=False, path=/archivesSystem/files/dialog/edit/
[INFO] 2026-06-04 09:37:15,326 middleware 1512695 139656672098112 should_redirect: user_authenticated=True, status=200, location=, result=False, path=/archivesSystem/api/files/manage/persons/
[INFO] 2026-06-04 09:37:23,787 middleware 1512688 139656672098112 should_redirect: user_authenticated=True, status=200, location=, result=False, path=/archivesSystem/api/files/manage/persons/
[INFO] 2026-06-04 09:37:23,791 middleware 1512694 139656672098112 should_redirect: user_authenticated=True, status=200, location=, result=False, path=/archivesSystem/files/dialog/edit/
[INFO] 2026-06-04 09:37:23,825 middleware 1512694 139656672098112 should_redirect: user_authenticated=True, status=200, location=, result=False, path=/archivesSystem/api/files/download/
[INFO] 2026-06-04 09:37:23,953 middleware 1512692 139656672098112 should_redirect: user_authenticated=True, status=200, location=, result=False, path=/archivesSystem/api/files/manage/persons/
[INFO] 2026-06-04 09:37:36,352 middleware 1512689 139656672098112 should_redirect: user_authenticated=True, status=200, location=, result=False, path=/archivesSystem/files/dialog/edit/
[INFO] 2026-06-04 09:37:36,364 middleware 1512692 139656672098112 should_redirect: user_authenticated=True, status=200, location=, result=False, path=/archivesSystem/api/files/manage/persons/
[INFO] 2026-06-04 09:37:36,419 middleware 1512691 139656672098112 should_redirect: user_authenticated=True, status=200, location=, result=False, path=/archivesSystem/api/files/download/
[INFO] 2026-06-04 09:37:36,463 middleware 1512695 139656672098112 should_redirect: user_authenticated=True, status=200, location=, result=False, path=/archivesSystem/api/files/manage/persons/
[INFO] 2026-06-04 09:37:47,823 middleware 1512691 139656672098112 should_redirect: user_authenticated=True, status=200, location=, result=False, path=/archivesSystem/files/dialog/edit/
[INFO] 2026-06-04 09:37:47,837 middleware 1512689 139656672098112 should_redirect: user_authenticated=True, status=200, location=, result=False, path=/archivesSystem/api/files/manage/persons/
[INFO] 2026-06-04 09:37:47,874 middleware 1512689 139656672098112 should_redirect: user_authenticated=True, status=200, location=, result=False, path=/archivesSystem/api/files/download/
[INFO] 2026-06-04 09:37:47,967 middleware 1512689 139656672098112 should_redirect: user_authenticated=True, status=200, location=, result=False, path=/archivesSystem/api/files/manage/persons/
[INFO] 2026-06-04 09:38:00,951 middleware 1512688 139656672098112 should_redirect: user_authenticated=True, status=200, location=, result=False, path=/archivesSystem/files/dialog/edit/
[INFO] 2026-06-04 09:38:00,965 middleware 1512689 139656672098112 should_redirect: user_authenticated=True, status=200, location=, result=False, path=/archivesSystem/api/files/manage/persons/
[INFO] 2026-06-04 09:38:01,019 middleware 1512688 139656672098112 should_redirect: user_authenticated=True, status=200, location=, result=False, path=/archivesSystem/api/files/download/
[INFO] 2026-06-04 09:38:01,063 middleware 1512694 139656672098112 should_redirect: user_authenticated=True, status=200, location=, result=False, path=/archivesSystem/api/files/manage/persons/
[INFO] 2026-06-04 09:38:06,106 middleware 1512694 139656672098112 should_redirect: user_authenticated=True, status=200, location=, result=False, path=/archivesSystem/files/dialog/edit/
[INFO] 2026-06-04 09:38:06,124 middleware 1512690 139656672098112 should_redirect: user_authenticated=True, status=200, location=, result=False, path=/archivesSystem/api/files/manage/persons/
[INFO] 2026-06-04 09:38:06,163 middleware 1512690 139656672098112 should_redirect: user_authenticated=True, status=200, location=, result=False, path=/archivesSystem/api/files/download/
[INFO] 2026-06-04 09:38:06,207 middleware 1512690 139656672098112 should_redirect: user_authenticated=True, status=200, location=, result=False, path=/archivesSystem/api/files/manage/persons/
[INFO] 2026-06-04 09:38:18,178 middleware 1512691 139656672098112 should_redirect: user_authenticated=True, status=200, location=, result=False, path=/archivesSystem/files/dialog/edit/
[INFO] 2026-06-04 09:38:18,197 middleware 1512690 139656672098112 should_redirect: user_authenticated=True, status=200, location=, result=False, path=/archivesSystem/api/files/manage/persons/
[INFO] 2026-06-04 09:38:18,252 middleware 1512692 139656672098112 should_redirect: user_authenticated=True, status=200, location=, result=False, path=/archivesSystem/api/files/download/
[INFO] 2026-06-04 09:38:18,292 middleware 1512692 139656672098112 should_redirect: user_authenticated=True, status=200, location=, result=False, path=/archivesSystem/api/files/manage/persons/
[INFO] 2026-06-04 09:38:49,321 middleware 1512692 139656672098112 should_redirect: user_authenticated=True, status=200, location=, result=False, path=/archivesSystem/files/dialog/edit/
[INFO] 2026-06-04 09:38:49,334 middleware 1512694 139656672098112 should_redirect: user_authenticated=True, status=200, location=, result=False, path=/archivesSystem/api/files/manage/persons/
[INFO] 2026-06-04 09:38:49,363 middleware 1512694 139656672098112 should_redirect: user_authenticated=True, status=200, location=, result=False, path=/archivesSystem/api/files/download/
[INFO] 2026-06-04 09:38:49,463 middleware 1512694 139656672098112 should_redirect: user_authenticated=True, status=200, location=, result=False, path=/archivesSystem/api/files/manage/persons/
[INFO] 2026-06-04 09:39:00,514 middleware 1512692 139656672098112 should_redirect: user_authenticated=True, status=200, location=, result=False, path=/archivesSystem/files/dialog/edit/
[INFO] 2026-06-04 09:39:00,526 middleware 1512693 139656672098112 should_redirect: user_authenticated=True, status=200, location=, result=False, path=/archivesSystem/api/files/manage/persons/
[INFO] 2026-06-04 09:39:00,581 middleware 1512692 139656672098112 should_redirect: user_authenticated=True, status=200, location=, result=False, path=/archivesSystem/api/files/download/
[INFO] 2026-06-04 09:39:00,626 middleware 1512688 139656672098112 should_redirect: user_authenticated=True, status=200, location=, result=False, path=/archivesSystem/api/files/manage/persons/
[INFO] 2026-06-04 09:39:02,241 middleware 1512694 139656672098112 should_redirect: user_authenticated=True, status=200, location=, result=False, path=/archivesSystem/files/dialog/edit/
[INFO] 2026-06-04 09:39:02,253 middleware 1512693 139656672098112 should_redirect: user_authenticated=True, status=200, location=, result=False, path=/archivesSystem/api/files/manage/persons/
[INFO] 2026-06-04 09:39:02,290 middleware 1512693 139656672098112 should_redirect: user_authenticated=True, status=200, location=, result=False, path=/archivesSystem/api/files/download/
[INFO] 2026-06-04 09:39:02,383 middleware 1512689 139656672098112 should_redirect: user_authenticated=True, status=200, location=, result=False, path=/archivesSystem/api/files/manage/persons/
[INFO] 2026-06-04 09:39:18,438 middleware 1512689 139656672098112 should_redirect: user_authenticated=True, status=200, location=, result=False, path=/archivesSystem/files/dialog/edit/
[INFO] 2026-06-04 09:39:18,454 middleware 1512693 139656672098112 should_redirect: user_authenticated=True, status=200, location=, result=False, path=/archivesSystem/api/files/manage/persons/
[INFO] 2026-06-04 09:39:18,488 middleware 1512693 139656672098112 should_redirect: user_authenticated=True, status=200, location=, result=False, path=/archivesSystem/api/files/download/
[INFO] 2026-06-04 09:39:18,537 middleware 1512693 139656672098112 should_redirect: user_authenticated=True, status=200, location=, result=False, path=/archivesSystem/api/files/manage/persons/
[INFO] 2026-06-04 09:39:24,181 middleware 1512693 139656672098112 should_redirect: user_authenticated=True, status=200, location=, result=False, path=/archivesSystem/files/dialog/edit/
[INFO] 2026-06-04 09:39:24,197 middleware 1512692 139656672098112 should_redirect: user_authenticated=True, status=200, location=, result=False, path=/archivesSystem/api/files/manage/persons/
[INFO] 2026-06-04 09:39:24,247 middleware 1512694 139656672098112 should_redirect: user_authenticated=True, status=200, location=, result=False, path=/archivesSystem/api/files/download/
[INFO] 2026-06-04 09:39:24,272 middleware 1512694 139656672098112 should_redirect: user_authenticated=True, status=200, location=, result=False, path=/archivesSystem/api/files/manage/persons/
[INFO] 2026-06-04 09:39:30,827 middleware 1512689 139656672098112 should_redirect: user_authenticated=True, status=200, location=, result=False, path=/archivesSystem/files/dialog/edit/
[INFO] 2026-06-04 09:39:30,845 middleware 1512690 139656672098112 should_redirect: user_authenticated=True, status=200, location=, result=False, path=/archivesSystem/api/files/manage/persons/
[INFO] 2026-06-04 09:39:30,867 middleware 1512690 139656672098112 should_redirect: user_authenticated=True, status=200, location=, result=False, path=/archivesSystem/api/files/download/
[INFO] 2026-06-04 09:39:30,939 middleware 1512690 139656672098112 should_redirect: user_authenticated=True, status=200, location=, result=False, path=/archivesSystem/api/files/manage/persons/
[INFO] 2026-06-04 09:39:34,820 middleware 1512695 139656672098112 should_redirect: user_authenticated=True, status=200, location=, result=False, path=/archivesSystem/files/dialog/edit/
[INFO] 2026-06-04 09:39:34,837 middleware 1512693 139656672098112 should_redirect: user_authenticated=True, status=200, location=, result=False, path=/archivesSystem/api/files/manage/persons/
[INFO] 2026-06-04 09:39:34,885 middleware 1512692 139656672098112 should_redirect: user_authenticated=True, status=200, location=, result=False, path=/archivesSystem/api/files/download/
[INFO] 2026-06-04 09:39:34,909 middleware 1512692 139656672098112 should_redirect: user_authenticated=True, status=200, location=, result=False, path=/archivesSystem/api/files/manage/persons/
[INFO] 2026-06-04 09:39:42,379 middleware 1512692 139656672098112 should_redirect: user_authenticated=True, status=200, location=, result=False, path=/archivesSystem/files/dialog/edit/
[INFO] 2026-06-04 09:39:42,391 middleware 1512690 139656672098112 should_redirect: user_authenticated=True, status=200, location=, result=False, path=/archivesSystem/api/files/manage/persons/
[INFO] 2026-06-04 09:39:42,428 middleware 1512690 139656672098112 should_redirect: user_authenticated=True, status=200, location=, result=False, path=/archivesSystem/api/files/download/
[INFO] 2026-06-04 09:39:42,491 middleware 1512694 139656672098112 should_redirect: user_authenticated=True, status=200, location=, result=False, path=/archivesSystem/api/files/manage/persons/
[INFO] 2026-06-04 09:40:10,052 middleware 1512695 139656672098112 should_redirect: user_authenticated=True, status=200, location=, result=False, path=/archivesSystem/api/files/manage/save/
[INFO] 2026-06-04 09:40:10,100 middleware 1512695 139656672098112 should_redirect: user_authenticated=True, status=200, location=, result=False, path=/archivesSystem/api/files/manage/list/
[INFO] 2026-06-04 09:40:12,068 middleware 1512693 139656672098112 should_redirect: user_authenticated=True, status=200, location=, result=False, path=/archivesSystem/files/dialog/edit/
[INFO] 2026-06-04 09:40:12,086 middleware 1512689 139656672098112 should_redirect: user_authenticated=True, status=200, location=, result=False, path=/archivesSystem/api/files/manage/persons/
[INFO] 2026-06-04 09:40:12,133 middleware 1512693 139656672098112 should_redirect: user_authenticated=True, status=200, location=, result=False, path=/archivesSystem/api/files/download/
[INFO] 2026-06-04 09:40:12,175 middleware 1512692 139656672098112 should_redirect: user_authenticated=True, status=200, location=, result=False, path=/archivesSystem/api/files/manage/persons/
[INFO] 2026-06-04 09:40:20,195 middleware 1512690 139656672098112 should_redirect: user_authenticated=True, status=200, location=, result=False, path=/archivesSystem/files/dialog/edit/
[INFO] 2026-06-04 09:40:20,207 middleware 1512689 139656672098112 should_redirect: user_authenticated=True, status=200, location=, result=False, path=/archivesSystem/api/files/manage/persons/
[INFO] 2026-06-04 09:40:20,237 middleware 1512689 139656672098112 should_redirect: user_authenticated=True, status=200, location=, result=False, path=/archivesSystem/api/files/download/
[INFO] 2026-06-04 09:40:20,305 middleware 1512689 139656672098112 should_redirect: user_authenticated=True, status=200, location=, result=False, path=/archivesSystem/api/files/manage/persons/
[INFO] 2026-06-04 09:40:51,757 middleware 1512688 139656672098112 should_redirect: user_authenticated=True, status=200, location=, result=False, path=/archivesSystem/api/files/manage/save/
[INFO] 2026-06-04 09:40:51,818 middleware 1512688 139656672098112 should_redirect: user_authenticated=True, status=200, location=, result=False, path=/archivesSystem/api/files/manage/list/
[INFO] 2026-06-04 09:40:53,728 middleware 1512689 139656672098112 should_redirect: user_authenticated=True, status=200, location=, result=False, path=/archivesSystem/files/dialog/edit/
[INFO] 2026-06-04 09:40:53,746 middleware 1512692 139656672098112 should_redirect: user_authenticated=True, status=200, location=, result=False, path=/archivesSystem/api/files/manage/persons/
[INFO] 2026-06-04 09:40:53,776 middleware 1512692 139656672098112 should_redirect: user_authenticated=True, status=200, location=, result=False, path=/archivesSystem/api/files/download/
[INFO] 2026-06-04 09:40:53,844 middleware 1512689 139656672098112 should_redirect: user_authenticated=True, status=200, location=, result=False, path=/archivesSystem/api/files/manage/persons/
[INFO] 2026-06-04 09:41:31,739 middleware 1512690 139656672098112 should_redirect: user_authenticated=True, status=200, location=, result=False, path=/archivesSystem/api/files/manage/save/
[INFO] 2026-06-04 09:41:31,793 middleware 1512690 139656672098112 should_redirect: user_authenticated=True, status=200, location=, result=False, path=/archivesSystem/api/files/manage/list/
[INFO] 2026-06-04 09:41:33,677 middleware 1512689 139656672098112 should_redirect: user_authenticated=True, status=200, location=, result=False, path=/archivesSystem/files/dialog/edit/
[INFO] 2026-06-04 09:41:33,695 middleware 1512694 139656672098112 should_redirect: user_authenticated=True, status=200, location=, result=False, path=/archivesSystem/api/files/manage/persons/
[INFO] 2026-06-04 09:41:33,730 middleware 1512694 139656672098112 should_redirect: user_authenticated=True, status=200, location=, result=False, path=/archivesSystem/api/files/download/
[INFO] 2026-06-04 09:41:33,774 middleware 1512694 139656672098112 should_redirect: user_authenticated=True, status=200, location=, result=False, path=/archivesSystem/api/files/manage/persons/
[INFO] 2026-06-04 09:42:06,670 middleware 1512694 139656672098112 should_redirect: user_authenticated=True, status=200, location=, result=False, path=/archivesSystem/api/files/manage/save/
[INFO] 2026-06-04 09:42:06,757 middleware 1512693 139656672098112 should_redirect: user_authenticated=True, status=200, location=, result=False, path=/archivesSystem/api/files/manage/list/
[INFO] 2026-06-04 09:42:09,472 middleware 1512691 139656672098112 should_redirect: user_authenticated=True, status=200, location=, result=False, path=/archivesSystem/files/dialog/edit/
[INFO] 2026-06-04 09:42:09,490 middleware 1512689 139656672098112 should_redirect: user_authenticated=True, status=200, location=, result=False, path=/archivesSystem/api/files/manage/persons/
[INFO] 2026-06-04 09:42:09,542 middleware 1512691 139656672098112 should_redirect: user_authenticated=True, status=200, location=, result=False, path=/archivesSystem/api/files/download/
[INFO] 2026-06-04 09:42:09,582 middleware 1512693 139656672098112 should_redirect: user_authenticated=True, status=200, location=, result=False, path=/archivesSystem/api/files/manage/persons/
[INFO] 2026-06-04 09:42:10,912 middleware 1512695 139656672098112 should_redirect: user_authenticated=True, status=200, location=, result=False, path=/archivesSystem/files/dialog/edit/
[INFO] 2026-06-04 09:42:10,929 middleware 1512692 139656672098112 should_redirect: user_authenticated=True, status=200, location=, result=False, path=/archivesSystem/api/files/manage/persons/
[INFO] 2026-06-04 09:42:10,978 middleware 1512692 139656672098112 should_redirect: user_authenticated=True, status=200, location=, result=False, path=/archivesSystem/api/files/download/
[INFO] 2026-06-04 09:42:11,042 middleware 1512694 139656672098112 should_redirect: user_authenticated=True, status=200, location=, result=False, path=/archivesSystem/api/files/manage/persons/
[INFO] 2026-06-04 09:42:23,616 middleware 1512695 139656672098112 should_redirect: user_authenticated=True, status=200, location=, result=False, path=/archivesSystem/files/dialog/edit/
[INFO] 2026-06-04 09:42:23,633 middleware 1512693 139656672098112 should_redirect: user_authenticated=True, status=200, location=, result=False, path=/archivesSystem/api/files/manage/persons/
[INFO] 2026-06-04 09:42:23,682 middleware 1512695 139656672098112 should_redirect: user_authenticated=True, status=200, location=, result=False, path=/archivesSystem/api/files/download/
[INFO] 2026-06-04 09:42:23,715 middleware 1512695 139656672098112 should_redirect: user_authenticated=True, status=200, location=, result=False, path=/archivesSystem/api/files/manage/persons/
[INFO] 2026-06-04 09:42:27,011 middleware 1512693 139656672098112 should_redirect: user_authenticated=True, status=200, location=, result=False, path=/archivesSystem/files/dialog/edit/
[INFO] 2026-06-04 09:42:27,029 middleware 1512691 139656672098112 should_redirect: user_authenticated=True, status=200, location=, result=False, path=/archivesSystem/api/files/manage/persons/
[INFO] 2026-06-04 09:42:27,084 middleware 1512691 139656672098112 should_redirect: user_authenticated=True, status=200, location=, result=False, path=/archivesSystem/api/files/download/
[INFO] 2026-06-04 09:42:27,149 middleware 1512691 139656672098112 should_redirect: user_authenticated=True, status=200, location=, result=False, path=/archivesSystem/api/files/manage/persons/
[INFO] 2026-06-04 09:43:06,730 middleware 1512689 139656672098112 should_redirect: user_authenticated=True, status=200, location=, result=False, path=/archivesSystem/api/files/manage/save/
[INFO] 2026-06-04 09:43:06,790 middleware 1512689 139656672098112 should_redirect: user_authenticated=True, status=200, location=, result=False, path=/archivesSystem/api/files/manage/list/
[INFO] 2026-06-04 09:43:08,447 middleware 1512691 139656672098112 should_redirect: user_authenticated=True, status=200, location=, result=False, path=/archivesSystem/files/dialog/edit/
[INFO] 2026-06-04 09:43:08,465 middleware 1512689 139656672098112 should_redirect: user_authenticated=True, status=200, location=, result=False, path=/archivesSystem/api/files/manage/persons/
[INFO] 2026-06-04 09:43:08,495 middleware 1512689 139656672098112 should_redirect: user_authenticated=True, status=200, location=, result=False, path=/archivesSystem/api/files/download/
[INFO] 2026-06-04 09:43:08,539 middleware 1512689 139656672098112 should_redirect: user_authenticated=True, status=200, location=, result=False, path=/archivesSystem/api/files/manage/persons/
[INFO] 2026-06-04 09:43:31,839 middleware 1512692 139656672098112 should_redirect: user_authenticated=True, status=200, location=, result=False, path=/archivesSystem/api/files/manage/save/
[INFO] 2026-06-04 09:43:31,931 middleware 1512690 139656672098112 should_redirect: user_authenticated=True, status=200, location=, result=False, path=/archivesSystem/api/files/manage/list/
[INFO] 2026-06-04 09:43:33,625 middleware 1512691 139656672098112 should_redirect: user_authenticated=True, status=200, location=, result=False, path=/archivesSystem/files/dialog/edit/
[INFO] 2026-06-04 09:43:33,642 middleware 1512690 139656672098112 should_redirect: user_authenticated=True, status=200, location=, result=False, path=/archivesSystem/api/files/manage/persons/
[INFO] 2026-06-04 09:43:33,673 middleware 1512690 139656672098112 should_redirect: user_authenticated=True, status=200, location=, result=False, path=/archivesSystem/api/files/download/
[INFO] 2026-06-04 09:43:33,717 middleware 1512690 139656672098112 should_redirect: user_authenticated=True, status=200, location=, result=False, path=/archivesSystem/api/files/manage/persons/
[INFO] 2026-06-04 09:43:55,533 middleware 1512690 139656672098112 should_redirect: user_authenticated=True, status=200, location=, result=False, path=/archivesSystem/api/files/manage/save/
[INFO] 2026-06-04 09:43:55,618 middleware 1512693 139656672098112 should_redirect: user_authenticated=True, status=200, location=, result=False, path=/archivesSystem/api/files/manage/list/
[INFO] 2026-06-04 09:43:57,114 middleware 1512693 139656672098112 should_redirect: user_authenticated=True, status=200, location=, result=False, path=/archivesSystem/files/dialog/edit/
[INFO] 2026-06-04 09:43:57,131 middleware 1512691 139656672098112 should_redirect: user_authenticated=True, status=200, location=, result=False, path=/archivesSystem/api/files/manage/persons/
[INFO] 2026-06-04 09:43:57,162 middleware 1512691 139656672098112 should_redirect: user_authenticated=True, status=200, location=, result=False, path=/archivesSystem/api/files/download/
[INFO] 2026-06-04 09:43:57,224 middleware 1512692 139656672098112 should_redirect: user_authenticated=True, status=200, location=, result=False, path=/archivesSystem/api/files/manage/persons/
[INFO] 2026-06-04 09:44:19,512 middleware 1512688 139656672098112 should_redirect: user_authenticated=True, status=200, location=, result=False, path=/archivesSystem/api/files/manage/save/
[INFO] 2026-06-04 09:44:19,577 middleware 1512688 139656672098112 should_redirect: user_authenticated=True, status=200, location=, result=False, path=/archivesSystem/api/files/manage/list/
[INFO] 2026-06-04 09:44:21,091 middleware 1512694 139656672098112 should_redirect: user_authenticated=True, status=200, location=, result=False, path=/archivesSystem/files/dialog/edit/
[INFO] 2026-06-04 09:44:21,108 middleware 1512688 139656672098112 should_redirect: user_authenticated=True, status=200, location=, result=False, path=/archivesSystem/api/files/manage/persons/
[INFO] 2026-06-04 09:44:21,143 middleware 1512688 139656672098112 should_redirect: user_authenticated=True, status=200, location=, result=False, path=/archivesSystem/api/files/download/
[INFO] 2026-06-04 09:44:21,206 middleware 1512691 139656672098112 should_redirect: user_authenticated=True, status=200, location=, result=False, path=/archivesSystem/api/files/manage/persons/
[INFO] 2026-06-04 09:44:25,533 middleware 1512692 139656672098112 should_redirect: user_authenticated=True, status=200, location=, result=False, path=/archivesSystem/files/dialog/edit/
[INFO] 2026-06-04 09:44:25,552 middleware 1512694 139656672098112 should_redirect: user_authenticated=True, status=200, location=, result=False, path=/archivesSystem/api/files/manage/persons/
[INFO] 2026-06-04 09:44:25,603 middleware 1512694 139656672098112 should_redirect: user_authenticated=True, status=200, location=, result=False, path=/archivesSystem/api/files/download/
[INFO] 2026-06-04 09:44:25,672 middleware 1512693 139656672098112 should_redirect: user_authenticated=True, status=200, location=, result=False, path=/archivesSystem/api/files/manage/persons/
[INFO] 2026-06-04 09:44:29,162 middleware 1512692 139656672098112 should_redirect: user_authenticated=True, status=200, location=, result=False, path=/archivesSystem/files/dialog/edit/
[INFO] 2026-06-04 09:44:29,174 middleware 1512689 139656672098112 should_redirect: user_authenticated=True, status=200, location=, result=False, path=/archivesSystem/api/files/manage/persons/
[INFO] 2026-06-04 09:44:29,203 middleware 1512689 139656672098112 should_redirect: user_authenticated=True, status=200, location=, result=False, path=/archivesSystem/api/files/download/
[INFO] 2026-06-04 09:44:29,371 middleware 1512692 139656672098112 should_redirect: user_authenticated=True, status=200, location=, result=False, path=/archivesSystem/api/files/manage/persons/
[INFO] 2026-06-04 09:44:34,001 middleware 1512693 139656672098112 should_redirect: user_authenticated=True, status=200, location=, result=False, path=/archivesSystem/files/dialog/edit/
[INFO] 2026-06-04 09:44:34,014 middleware 1512692 139656672098112 should_redirect: user_authenticated=True, status=200, location=, result=False, path=/archivesSystem/api/files/manage/persons/
[INFO] 2026-06-04 09:44:34,050 middleware 1512692 139656672098112 should_redirect: user_authenticated=True, status=200, location=, result=False, path=/archivesSystem/api/files/download/
[INFO] 2026-06-04 09:44:34,136 middleware 1512692 139656672098112 should_redirect: user_authenticated=True, status=200, location=, result=False, path=/archivesSystem/api/files/manage/persons/
[INFO] 2026-06-04 09:44:35,756 middleware 1512688 139656672098112 should_redirect: user_authenticated=True, status=200, location=, result=False, path=/archivesSystem/files/dialog/edit/
[INFO] 2026-06-04 09:44:35,773 middleware 1512693 139656672098112 should_redirect: user_authenticated=True, status=200, location=, result=False, path=/archivesSystem/api/files/manage/persons/
[INFO] 2026-06-04 09:44:35,826 middleware 1512693 139656672098112 should_redirect: user_authenticated=True, status=200, location=, result=False, path=/archivesSystem/api/files/download/
[INFO] 2026-06-04 09:44:35,894 middleware 1512693 139656672098112 should_redirect: user_authenticated=True, status=200, location=, result=False, path=/archivesSystem/api/files/manage/persons/
[INFO] 2026-06-04 09:44:38,076 middleware 1512693 139656672098112 should_redirect: user_authenticated=True, status=200, location=, result=False, path=/archivesSystem/files/dialog/edit/
[INFO] 2026-06-04 09:44:38,090 middleware 1512692 139656672098112 should_redirect: user_authenticated=True, status=200, location=, result=False, path=/archivesSystem/api/files/manage/persons/
[INFO] 2026-06-04 09:44:38,143 middleware 1512692 139656672098112 should_redirect: user_authenticated=True, status=200, location=, result=False, path=/archivesSystem/api/files/download/
[INFO] 2026-06-04 09:44:38,366 middleware 1512690 139656672098112 should_redirect: user_authenticated=True, status=200, location=, result=False, path=/archivesSystem/api/files/manage/persons/
[INFO] 2026-06-04 09:44:58,031 middleware 1512692 139656672098112 should_redirect: user_authenticated=True, status=200, location=, result=False, path=/archivesSystem/files/dialog/edit/
[INFO] 2026-06-04 09:44:58,046 middleware 1512689 139656672098112 should_redirect: user_authenticated=True, status=200, location=, result=False, path=/archivesSystem/api/files/manage/persons/
[INFO] 2026-06-04 09:44:58,082 middleware 1512689 139656672098112 should_redirect: user_authenticated=True, status=200, location=, result=False, path=/archivesSystem/api/files/download/
[INFO] 2026-06-04 09:44:58,146 middleware 1512688 139656672098112 should_redirect: user_authenticated=True, status=200, location=, result=False, path=/archivesSystem/api/files/manage/persons/
[INFO] 2026-06-04 09:45:00,626 middleware 1512695 139656672098112 should_redirect: user_authenticated=True, status=200, location=, result=False, path=/archivesSystem/files/dialog/edit/
[INFO] 2026-06-04 09:45:00,646 middleware 1512694 139656672098112 should_redirect: user_authenticated=True, status=200, location=, result=False, path=/archivesSystem/api/files/manage/persons/
[INFO] 2026-06-04 09:45:00,674 middleware 1512694 139656672098112 should_redirect: user_authenticated=True, status=200, location=, result=False, path=/archivesSystem/api/files/download/
[INFO] 2026-06-04 09:45:00,716 middleware 1512694 139656672098112 should_redirect: user_authenticated=True, status=200, location=, result=False, path=/archivesSystem/api/files/manage/persons/
[INFO] 2026-06-04 09:45:21,429 middleware 1512688 139656672098112 should_redirect: user_authenticated=True, status=200, location=, result=False, path=/archivesSystem/api/files/manage/save/
[INFO] 2026-06-04 09:45:21,492 middleware 1512688 139656672098112 should_redirect: user_authenticated=True, status=200, location=, result=False, path=/archivesSystem/api/files/manage/list/
[INFO] 2026-06-04 09:45:22,964 middleware 1512692 139656672098112 should_redirect: user_authenticated=True, status=200, location=, result=False, path=/archivesSystem/files/dialog/edit/
[INFO] 2026-06-04 09:45:22,981 middleware 1512688 139656672098112 should_redirect: user_authenticated=True, status=200, location=, result=False, path=/archivesSystem/api/files/manage/persons/
[INFO] 2026-06-04 09:45:23,031 middleware 1512688 139656672098112 should_redirect: user_authenticated=True, status=200, location=, result=False, path=/archivesSystem/api/files/download/
[INFO] 2026-06-04 09:45:23,055 middleware 1512688 139656672098112 should_redirect: user_authenticated=True, status=200, location=, result=False, path=/archivesSystem/api/files/manage/persons/
[INFO] 2026-06-04 09:45:43,390 middleware 1512688 139656672098112 should_redirect: user_authenticated=True, status=200, location=, result=False, path=/archivesSystem/api/files/manage/save/
[INFO] 2026-06-04 09:45:43,462 middleware 1512692 139656672098112 should_redirect: user_authenticated=True, status=200, location=, result=False, path=/archivesSystem/api/files/manage/list/
[INFO] 2026-06-04 09:45:45,005 middleware 1512694 139656672098112 should_redirect: user_authenticated=True, status=200, location=, result=False, path=/archivesSystem/files/dialog/edit/
[INFO] 2026-06-04 09:45:45,020 middleware 1512692 139656672098112 should_redirect: user_authenticated=True, status=200, location=, result=False, path=/archivesSystem/api/files/manage/persons/
[INFO] 2026-06-04 09:45:45,053 middleware 1512692 139656672098112 should_redirect: user_authenticated=True, status=200, location=, result=False, path=/archivesSystem/api/files/download/
[INFO] 2026-06-04 09:45:45,118 middleware 1512693 139656672098112 should_redirect: user_authenticated=True, status=200, location=, result=False, path=/archivesSystem/api/files/manage/persons/
[INFO] 2026-06-04 09:46:13,773 middleware 1512694 139656672098112 should_redirect: user_authenticated=True, status=200, location=, result=False, path=/archivesSystem/api/files/manage/save/
[INFO] 2026-06-04 09:46:13,837 middleware 1512694 139656672098112 should_redirect: user_authenticated=True, status=200, location=, result=False, path=/archivesSystem/api/files/manage/list/
[INFO] 2026-06-04 09:46:18,494 middleware 1512690 139656672098112 should_redirect: user_authenticated=True, status=200, location=, result=False, path=/archivesSystem/files/dialog/edit/
[INFO] 2026-06-04 09:46:18,512 middleware 1512691 139656672098112 should_redirect: user_authenticated=True, status=200, location=, result=False, path=/archivesSystem/api/files/manage/persons/
[INFO] 2026-06-04 09:46:18,541 middleware 1512691 139656672098112 should_redirect: user_authenticated=True, status=200, location=, result=False, path=/archivesSystem/api/files/download/
[INFO] 2026-06-04 09:46:18,604 middleware 1512692 139656672098112 should_redirect: user_authenticated=True, status=200, location=, result=False, path=/archivesSystem/api/files/manage/persons/
[INFO] 2026-06-04 09:46:45,377 middleware 1512691 139656672098112 should_redirect: user_authenticated=True, status=200, location=, result=False, path=/archivesSystem/api/files/manage/save/
[INFO] 2026-06-04 09:46:45,430 middleware 1512691 139656672098112 should_redirect: user_authenticated=True, status=200, location=, result=False, path=/archivesSystem/api/files/manage/list/
[INFO] 2026-06-04 09:46:49,078 middleware 1512689 139656672098112 should_redirect: user_authenticated=True, status=200, location=, result=False, path=/archivesSystem/files/dialog/edit/
[INFO] 2026-06-04 09:46:49,095 middleware 1512693 139656672098112 should_redirect: user_authenticated=True, status=200, location=, result=False, path=/archivesSystem/api/files/manage/persons/
[INFO] 2026-06-04 09:46:49,130 middleware 1512693 139656672098112 should_redirect: user_authenticated=True, status=200, location=, result=False, path=/archivesSystem/api/files/download/
[INFO] 2026-06-04 09:46:49,232 middleware 1512691 139656672098112 should_redirect: user_authenticated=True, status=200, location=, result=False, path=/archivesSystem/api/files/manage/persons/
[INFO] 2026-06-04 09:46:55,812 middleware 1512693 139656672098112 should_redirect: user_authenticated=True, status=200, location=, result=False, path=/archivesSystem/files/dialog/edit/
[INFO] 2026-06-04 09:46:55,832 middleware 1512688 139656672098112 should_redirect: user_authenticated=True, status=200, location=, result=False, path=/archivesSystem/api/files/manage/persons/
[INFO] 2026-06-04 09:46:55,858 middleware 1512688 139656672098112 should_redirect: user_authenticated=True, status=200, location=, result=False, path=/archivesSystem/api/files/download/
[INFO] 2026-06-04 09:46:55,956 middleware 1512692 139656672098112 should_redirect: user_authenticated=True, status=200, location=, result=False, path=/archivesSystem/api/files/manage/persons/
[INFO] 2026-06-04 09:47:23,476 middleware 1512690 139656672098112 should_redirect: user_authenticated=True, status=200, location=, result=False, path=/archivesSystem/files/dialog/edit/
[INFO] 2026-06-04 09:47:23,489 middleware 1512693 139656672098112 should_redirect: user_authenticated=True, status=200, location=, result=False, path=/archivesSystem/api/files/manage/persons/
[INFO] 2026-06-04 09:47:23,518 middleware 1512693 139656672098112 should_redirect: user_authenticated=True, status=200, location=, result=False, path=/archivesSystem/api/files/download/
[INFO] 2026-06-04 09:47:23,595 middleware 1512689 139656672098112 should_redirect: user_authenticated=True, status=200, location=, result=False, path=/archivesSystem/api/files/manage/persons/
[INFO] 2026-06-04 09:47:25,294 middleware 1512691 139656672098112 should_redirect: user_authenticated=True, status=200, location=, result=False, path=/archivesSystem/files/dialog/edit/
[INFO] 2026-06-04 09:47:25,314 middleware 1512695 139656672098112 should_redirect: user_authenticated=True, status=200, location=, result=False, path=/archivesSystem/api/files/manage/persons/
[INFO] 2026-06-04 09:47:25,361 middleware 1512691 139656672098112 should_redirect: user_authenticated=True, status=200, location=, result=False, path=/archivesSystem/api/files/download/
[INFO] 2026-06-04 09:47:25,382 middleware 1512691 139656672098112 should_redirect: user_authenticated=True, status=200, location=, result=False, path=/archivesSystem/api/files/manage/persons/
[INFO] 2026-06-04 09:47:27,509 middleware 1512690 139656672098112 should_redirect: user_authenticated=True, status=200, location=, result=False, path=/archivesSystem/files/dialog/edit/
[INFO] 2026-06-04 09:47:27,527 middleware 1512695 139656672098112 should_redirect: user_authenticated=True, status=200, location=, result=False, path=/archivesSystem/api/files/manage/persons/
[INFO] 2026-06-04 09:47:27,557 middleware 1512695 139656672098112 should_redirect: user_authenticated=True, status=200, location=, result=False, path=/archivesSystem/api/files/download/
[INFO] 2026-06-04 09:47:27,617 middleware 1512690 139656672098112 should_redirect: user_authenticated=True, status=200, location=, result=False, path=/archivesSystem/api/files/manage/persons/
[INFO] 2026-06-04 09:47:32,877 middleware 1512692 139656672098112 should_redirect: user_authenticated=True, status=200, location=, result=False, path=/archivesSystem/files/dialog/edit/
[INFO] 2026-06-04 09:47:32,894 middleware 1512693 139656672098112 should_redirect: user_authenticated=True, status=200, location=, result=False, path=/archivesSystem/api/files/manage/persons/
[INFO] 2026-06-04 09:47:32,924 middleware 1512693 139656672098112 should_redirect: user_authenticated=True, status=200, location=, result=False, path=/archivesSystem/api/files/download/
[INFO] 2026-06-04 09:47:33,021 middleware 1512691 139656672098112 should_redirect: user_authenticated=True, status=200, location=, result=False, path=/archivesSystem/api/files/manage/persons/
[INFO] 2026-06-04 09:47:42,951 middleware 1512692 139656672098112 should_redirect: user_authenticated=True, status=200, location=, result=False, path=/archivesSystem/files/dialog/edit/
[INFO] 2026-06-04 09:47:42,962 middleware 1512691 139656672098112 should_redirect: user_authenticated=True, status=200, location=, result=False, path=/archivesSystem/api/files/manage/persons/
[INFO] 2026-06-04 09:47:42,998 middleware 1512691 139656672098112 should_redirect: user_authenticated=True, status=200, location=, result=False, path=/archivesSystem/api/files/download/
[INFO] 2026-06-04 09:47:43,076 middleware 1512695 139656672098112 should_redirect: user_authenticated=True, status=200, location=, result=False, path=/archivesSystem/api/files/manage/persons/
[INFO] 2026-06-04 09:47:52,812 middleware 1512691 139656672098112 should_redirect: user_authenticated=True, status=200, location=, result=False, path=/archivesSystem/files/dialog/edit/
[INFO] 2026-06-04 09:47:52,825 middleware 1512693 139656672098112 should_redirect: user_authenticated=True, status=200, location=, result=False, path=/archivesSystem/api/files/manage/persons/
[INFO] 2026-06-04 09:47:52,883 middleware 1512689 139656672098112 should_redirect: user_authenticated=True, status=200, location=, result=False, path=/archivesSystem/api/files/download/
[INFO] 2026-06-04 09:47:52,919 middleware 1512689 139656672098112 should_redirect: user_authenticated=True, status=200, location=, result=False, path=/archivesSystem/api/files/manage/persons/
[INFO] 2026-06-04 09:47:55,299 middleware 1512691 139656672098112 should_redirect: user_authenticated=True, status=200, location=, result=False, path=/archivesSystem/files/dialog/edit/
[INFO] 2026-06-04 09:47:55,311 middleware 1512690 139656672098112 should_redirect: user_authenticated=True, status=200, location=, result=False, path=/archivesSystem/api/files/manage/persons/
[INFO] 2026-06-04 09:47:55,341 middleware 1512690 139656672098112 should_redirect: user_authenticated=True, status=200, location=, result=False, path=/archivesSystem/api/files/download/
[INFO] 2026-06-04 09:47:55,439 middleware 1512689 139656672098112 should_redirect: user_authenticated=True, status=200, location=, result=False, path=/archivesSystem/api/files/manage/persons/
[INFO] 2026-06-04 09:48:10,227 middleware 1512688 139656672098112 should_redirect: user_authenticated=True, status=200, location=, result=False, path=/archivesSystem/files/dialog/edit/
[INFO] 2026-06-04 09:48:10,241 middleware 1512691 139656672098112 should_redirect: user_authenticated=True, status=200, location=, result=False, path=/archivesSystem/api/files/manage/persons/
[INFO] 2026-06-04 09:48:10,294 middleware 1512689 139656672098112 should_redirect: user_authenticated=True, status=200, location=, result=False, path=/archivesSystem/api/files/download/
[INFO] 2026-06-04 09:48:10,337 middleware 1512688 139656672098112 should_redirect: user_authenticated=True, status=200, location=, result=False, path=/archivesSystem/api/files/manage/persons/
[INFO] 2026-06-04 09:48:14,206 middleware 1512688 139656672098112 should_redirect: user_authenticated=True, status=200, location=, result=False, path=/archivesSystem/files/dialog/edit/
[INFO] 2026-06-04 09:48:14,224 middleware 1512693 139656672098112 should_redirect: user_authenticated=True, status=200, location=, result=False, path=/archivesSystem/api/files/manage/persons/
[INFO] 2026-06-04 09:48:14,263 middleware 1512693 139656672098112 should_redirect: user_authenticated=True, status=200, location=, result=False, path=/archivesSystem/api/files/download/
[INFO] 2026-06-04 09:48:14,311 middleware 1512693 139656672098112 should_redirect: user_authenticated=True, status=200, location=, result=False, path=/archivesSystem/api/files/manage/persons/
[INFO] 2026-06-04 09:48:15,510 middleware 1512694 139656672098112 should_redirect: user_authenticated=True, status=200, location=, result=False, path=/archivesSystem/files/dialog/edit/
[INFO] 2026-06-04 09:48:15,529 middleware 1512691 139656672098112 should_redirect: user_authenticated=True, status=200, location=, result=False, path=/archivesSystem/api/files/manage/persons/
[INFO] 2026-06-04 09:48:15,575 middleware 1512690 139656672098112 should_redirect: user_authenticated=True, status=200, location=, result=False, path=/archivesSystem/api/files/download/
[INFO] 2026-06-04 09:48:15,596 middleware 1512690 139656672098112 should_redirect: user_authenticated=True, status=200, location=, result=False, path=/archivesSystem/api/files/manage/persons/
[INFO] 2026-06-04 09:48:20,630 middleware 1512692 139656672098112 should_redirect: user_authenticated=True, status=200, location=, result=False, path=/archivesSystem/files/dialog/edit/
[INFO] 2026-06-04 09:48:20,647 middleware 1512690 139656672098112 should_redirect: user_authenticated=True, status=200, location=, result=False, path=/archivesSystem/api/files/manage/persons/
[INFO] 2026-06-04 09:48:20,677 middleware 1512690 139656672098112 should_redirect: user_authenticated=True, status=200, location=, result=False, path=/archivesSystem/api/files/download/
[INFO] 2026-06-04 09:48:20,720 middleware 1512690 139656672098112 should_redirect: user_authenticated=True, status=200, location=, result=False, path=/archivesSystem/api/files/manage/persons/
[INFO] 2026-06-04 09:48:22,399 middleware 1512694 139656672098112 should_redirect: user_authenticated=True, status=200, location=, result=False, path=/archivesSystem/files/dialog/edit/
[INFO] 2026-06-04 09:48:22,411 middleware 1512692 139656672098112 should_redirect: user_authenticated=True, status=200, location=, result=False, path=/archivesSystem/api/files/manage/persons/
[INFO] 2026-06-04 09:48:22,469 middleware 1512694 139656672098112 should_redirect: user_authenticated=True, status=200, location=, result=False, path=/archivesSystem/api/files/download/
[INFO] 2026-06-04 09:48:22,493 middleware 1512692 139656672098112 should_redirect: user_authenticated=True, status=200, location=, result=False, path=/archivesSystem/api/files/manage/persons/
[INFO] 2026-06-04 09:48:40,719 middleware 1512689 139656672098112 should_redirect: user_authenticated=True, status=200, location=, result=False, path=/archivesSystem/api/files/manage/save/
[INFO] 2026-06-04 09:48:40,786 middleware 1512689 139656672098112 should_redirect: user_authenticated=True, status=200, location=, result=False, path=/archivesSystem/api/files/manage/list/
[INFO] 2026-06-04 09:48:42,535 middleware 1512689 139656672098112 should_redirect: user_authenticated=True, status=200, location=, result=False, path=/archivesSystem/files/dialog/edit/
[INFO] 2026-06-04 09:48:42,552 middleware 1512694 139656672098112 should_redirect: user_authenticated=True, status=200, location=, result=False, path=/archivesSystem/api/files/manage/persons/
[INFO] 2026-06-04 09:48:42,596 middleware 1512694 139656672098112 should_redirect: user_authenticated=True, status=200, location=, result=False, path=/archivesSystem/api/files/download/
[INFO] 2026-06-04 09:48:42,645 middleware 1512689 139656672098112 should_redirect: user_authenticated=True, status=200, location=, result=False, path=/archivesSystem/api/files/manage/persons/
[INFO] 2026-06-04 09:49:09,148 middleware 1512695 139656672098112 should_redirect: user_authenticated=True, status=200, location=, result=False, path=/archivesSystem/api/files/manage/save/
[INFO] 2026-06-04 09:49:09,215 middleware 1512690 139656672098112 should_redirect: user_authenticated=True, status=200, location=, result=False, path=/archivesSystem/api/files/manage/list/
[INFO] 2026-06-04 09:49:11,072 middleware 1512690 139656672098112 should_redirect: user_authenticated=True, status=200, location=, result=False, path=/archivesSystem/files/dialog/edit/
[INFO] 2026-06-04 09:49:11,089 middleware 1512691 139656672098112 should_redirect: user_authenticated=True, status=200, location=, result=False, path=/archivesSystem/api/files/manage/persons/
[INFO] 2026-06-04 09:49:11,139 middleware 1512690 139656672098112 should_redirect: user_authenticated=True, status=200, location=, result=False, path=/archivesSystem/api/files/download/
[INFO] 2026-06-04 09:49:11,165 middleware 1512690 139656672098112 should_redirect: user_authenticated=True, status=200, location=, result=False, path=/archivesSystem/api/files/manage/persons/
[INFO] 2026-06-04 09:56:08,945 middleware 1512689 139656672098112 should_redirect: user_authenticated=True, status=200, location=, result=False, path=/archivesSystem/api/files/manage/save/
[INFO] 2026-06-04 09:56:09,013 middleware 1512689 139656672098112 should_redirect: user_authenticated=True, status=200, location=, result=False, path=/archivesSystem/api/files/manage/list/
[INFO] 2026-06-04 09:56:17,727 middleware 1512692 139656672098112 should_redirect: user_authenticated=True, status=200, location=, result=False, path=/archives/person
[INFO] 2026-06-04 09:56:17,904 middleware 1512692 139656672098112 should_redirect: user_authenticated=True, status=200, location=, result=False, path=/components/person-panel-embed/
[INFO] 2026-06-04 09:56:17,942 middleware 1512688 139656672098112 should_redirect: user_authenticated=True, status=200, location=, result=False, path=/components/person-panel-embed/
[INFO] 2026-06-04 09:56:18,080 middleware 1512688 139656672098112 should_redirect: user_authenticated=True, status=200, location=, result=False, path=/components/tree/
[INFO] 2026-06-04 09:56:40,968 middleware 1512695 139656672098112 should_redirect: user_authenticated=True, status=200, location=, result=False, path=/components/person-search/
[INFO] 2026-06-04 09:56:41,875 middleware 1512690 139656672098112 should_redirect: user_authenticated=True, status=200, location=, result=False, path=/archives/person-basic/
[INFO] 2026-06-04 09:56:42,186 middleware 1512690 139656672098112 should_redirect: user_authenticated=True, status=200, location=, result=False, path=/archives/api/person-detail/
[INFO] 2026-06-04 09:57:14,584 middleware 1512688 139656672098112 should_redirect: user_authenticated=True, status=200, location=, result=False, path=/archives/image/scan/
[INFO] 2026-06-04 09:57:14,751 middleware 1512693 139656672098112 should_redirect: user_authenticated=True, status=200, location=, result=False, path=/components/person-panel-embed/
[INFO] 2026-06-04 09:57:14,792 middleware 1512694 139656672098112 should_redirect: user_authenticated=True, status=200, location=, result=False, path=/components/person-panel-embed/
[INFO] 2026-06-04 09:57:14,801 middleware 1512688 139656672098112 should_redirect: user_authenticated=True, status=200, location=, result=False, path=/components/archive-tree-embed/
[INFO] 2026-06-04 09:57:14,953 middleware 1512688 139656672098112 should_redirect: user_authenticated=True, status=200, location=, result=False, path=/components/tree/
[INFO] 2026-06-04 09:57:24,458 middleware 1512690 139656672098112 should_redirect: user_authenticated=True, status=200, location=, result=False, path=/components/person-search/
[INFO] 2026-06-04 09:57:25,194 middleware 1512690 139656672098112 should_redirect: user_authenticated=True, status=200, location=, result=False, path=/components/archive-tree-embed/
[INFO] 2026-06-04 09:57:25,271 middleware 1512693 139656672098112 should_redirect: user_authenticated=True, status=200, location=, result=False, path=/components/archive-tree/
[INFO] 2026-06-04 09:57:25,353 middleware 1512691 139656672098112 should_redirect: user_authenticated=True, status=200, location=, result=False, path=/components/scan-stats/
[INFO] 2026-06-04 09:57:27,369 middleware 1512695 139656672098112 should_redirect: user_authenticated=True, status=200, location=, result=False, path=/components/archive-tree/
[INFO] 2026-06-04 09:57:28,605 middleware 1512693 139656672098112 should_redirect: user_authenticated=True, status=200, location=, result=False, path=/archives/image/api/scan-check/
[INFO] 2026-06-04 09:57:29,318 middleware 1512693 139656672098112 should_redirect: user_authenticated=True, status=200, location=, result=False, path=/archives/image/api/scan-generate-pdf/
[INFO] 2026-06-04 09:57:29,329 middleware 1512693 139656672098112 should_redirect: user_authenticated=True, status=200, location=, result=False, path=/archives/image/api/scan-pdf/
[INFO] 2026-06-04 09:57:56,663 middleware 1512691 139656672098112 should_redirect: user_authenticated=True, status=200, location=, result=False, path=/components/person-search/
[INFO] 2026-06-04 09:57:57,971 middleware 1512692 139656672098112 should_redirect: user_authenticated=True, status=200, location=, result=False, path=/archives/person-basic/
[INFO] 2026-06-04 09:57:58,313 middleware 1512694 139656672098112 should_redirect: user_authenticated=True, status=200, location=, result=False, path=/archives/api/person-detail/
[INFO] 2026-06-04 09:58:05,710 middleware 1512689 139656672098112 should_redirect: user_authenticated=True, status=200, location=, result=False, path=/components/person-search/
[INFO] 2026-06-04 09:58:07,985 middleware 1512693 139656672098112 should_redirect: user_authenticated=True, status=200, location=, result=False, path=/components/person-search/
[INFO] 2026-06-04 09:58:08,512 middleware 1512694 139656672098112 should_redirect: user_authenticated=True, status=200, location=, result=False, path=/components/archive-tree-embed/
[INFO] 2026-06-04 09:58:08,596 middleware 1512695 139656672098112 should_redirect: user_authenticated=True, status=200, location=, result=False, path=/components/archive-tree/
[INFO] 2026-06-04 09:58:08,659 middleware 1512693 139656672098112 should_redirect: user_authenticated=True, status=200, location=, result=False, path=/components/scan-stats/
[INFO] 2026-06-04 09:58:10,170 middleware 1512694 139656672098112 should_redirect: user_authenticated=True, status=200, location=, result=False, path=/components/archive-tree/
[INFO] 2026-06-04 09:58:10,896 middleware 1512689 139656672098112 should_redirect: user_authenticated=True, status=200, location=, result=False, path=/archives/image/api/scan-check/
[INFO] 2026-06-04 09:58:11,540 middleware 1512688 139656672098112 should_redirect: user_authenticated=True, status=200, location=, result=False, path=/archives/image/api/scan-generate-pdf/
[INFO] 2026-06-04 09:58:11,556 middleware 1512690 139656672098112 should_redirect: user_authenticated=True, status=200, location=, result=False, path=/archives/image/api/scan-pdf/
[INFO] 2026-06-04 09:58:39,560 middleware 1512688 139656672098112 should_redirect: user_authenticated=True, status=200, location=, result=False, path=/components/person-search/
[INFO] 2026-06-04 09:58:42,875 middleware 1512694 139656672098112 should_redirect: user_authenticated=True, status=200, location=, result=False, path=/archives/person-basic/
[INFO] 2026-06-04 09:58:43,207 middleware 1512692 139656672098112 should_redirect: user_authenticated=True, status=200, location=, result=False, path=/archives/api/person-detail/
[INFO] 2026-06-04 09:59:01,803 middleware 1512689 139656672098112 should_redirect: user_authenticated=True, status=200, location=, result=False, path=/components/person-search/
[INFO] 2026-06-04 09:59:04,046 middleware 1512693 139656672098112 should_redirect: user_authenticated=True, status=200, location=, result=False, path=/components/archive-tree-embed/
[INFO] 2026-06-04 09:59:04,131 middleware 1512693 139656672098112 should_redirect: user_authenticated=True, status=200, location=, result=False, path=/components/archive-tree/
[INFO] 2026-06-04 09:59:04,185 middleware 1512695 139656672098112 should_redirect: user_authenticated=True, status=200, location=, result=False, path=/components/scan-stats/
[INFO] 2026-06-04 09:59:05,848 middleware 1512692 139656672098112 should_redirect: user_authenticated=True, status=200, location=, result=False, path=/components/archive-tree/
[INFO] 2026-06-04 09:59:06,509 middleware 1512689 139656672098112 should_redirect: user_authenticated=True, status=200, location=, result=False, path=/archives/image/api/scan-check/
[INFO] 2026-06-04 09:59:07,121 middleware 1512693 139656672098112 should_redirect: user_authenticated=True, status=200, location=, result=False, path=/archives/image/api/scan-generate-pdf/
[INFO] 2026-06-04 09:59:07,137 middleware 1512693 139656672098112 should_redirect: user_authenticated=True, status=200, location=, result=False, path=/archives/image/api/scan-pdf/
[INFO] 2026-06-04 09:59:16,725 middleware 1512691 139656672098112 should_redirect: user_authenticated=True, status=200, location=, result=False, path=/archives/image/api/scan-check/
[INFO] 2026-06-04 09:59:17,894 middleware 1512691 139656672098112 should_redirect: user_authenticated=True, status=200, location=, result=False, path=/archives/image/api/scan-generate-pdf/
[INFO] 2026-06-04 09:59:17,916 middleware 1512691 139656672098112 should_redirect: user_authenticated=True, status=200, location=, result=False, path=/archives/image/api/scan-pdf/
[INFO] 2026-06-04 09:59:56,663 middleware 1512689 139656672098112 should_redirect: user_authenticated=True, status=200, location=, result=False, path=/components/person-search/
[INFO] 2026-06-04 10:00:01,322 middleware 1512691 139656672098112 should_redirect: user_authenticated=True, status=200, location=, result=False, path=/components/person-search/
[INFO] 2026-06-04 10:00:02,637 middleware 1512691 139656672098112 should_redirect: user_authenticated=True, status=200, location=, result=False, path=/archives/person-basic/
[INFO] 2026-06-04 10:00:02,976 middleware 1512691 139656672098112 should_redirect: user_authenticated=True, status=200, location=, result=False, path=/archives/api/person-detail/
[INFO] 2026-06-04 10:00:17,349 middleware 1512692 139656672098112 should_redirect: user_authenticated=True, status=200, location=, result=False, path=/components/person-search/
[INFO] 2026-06-04 10:00:18,473 middleware 1512690 139656672098112 should_redirect: user_authenticated=True, status=200, location=, result=False, path=/components/archive-tree-embed/
[INFO] 2026-06-04 10:00:18,557 middleware 1512689 139656672098112 should_redirect: user_authenticated=True, status=200, location=, result=False, path=/components/archive-tree/
[INFO] 2026-06-04 10:00:18,720 middleware 1512688 139656672098112 should_redirect: user_authenticated=True, status=200, location=, result=False, path=/components/scan-stats/
[INFO] 2026-06-04 10:00:20,275 middleware 1512691 139656672098112 should_redirect: user_authenticated=True, status=200, location=, result=False, path=/components/archive-tree/
[INFO] 2026-06-04 10:00:21,670 middleware 1512688 139656672098112 should_redirect: user_authenticated=True, status=200, location=, result=False, path=/archives/image/api/scan-check/
[INFO] 2026-06-04 10:00:22,849 middleware 1512690 139656672098112 should_redirect: user_authenticated=True, status=200, location=, result=False, path=/archives/image/api/scan-generate-pdf/
[INFO] 2026-06-04 10:00:22,866 middleware 1512693 139656672098112 should_redirect: user_authenticated=True, status=200, location=, result=False, path=/archives/image/api/scan-pdf/
[INFO] 2026-06-04 10:00:52,610 middleware 1512692 139656672098112 should_redirect: user_authenticated=True, status=200, location=, result=False, path=/components/person-search/
[INFO] 2026-06-04 10:00:53,309 middleware 1512688 139656672098112 should_redirect: user_authenticated=True, status=200, location=, result=False, path=/archives/person-basic/
[INFO] 2026-06-04 10:00:53,641 middleware 1512690 139656672098112 should_redirect: user_authenticated=True, status=200, location=, result=False, path=/archives/api/person-detail/
[INFO] 2026-06-04 10:00:58,173 middleware 1512689 139656672098112 should_redirect: user_authenticated=True, status=200, location=, result=False, path=/components/person-search/
[INFO] 2026-06-04 10:01:14,607 middleware 1512694 139656672098112 should_redirect: user_authenticated=True, status=200, location=, result=False, path=/components/archive-tree-embed/
[INFO] 2026-06-04 10:01:14,686 middleware 1512694 139656672098112 should_redirect: user_authenticated=True, status=200, location=, result=False, path=/components/archive-tree/
[INFO] 2026-06-04 10:01:14,760 middleware 1512688 139656672098112 should_redirect: user_authenticated=True, status=200, location=, result=False, path=/components/scan-stats/
[INFO] 2026-06-04 10:01:17,160 middleware 1512691 139656672098112 should_redirect: user_authenticated=True, status=200, location=, result=False, path=/components/archive-tree/
[INFO] 2026-06-04 10:01:19,687 middleware 1512693 139656672098112 should_redirect: user_authenticated=True, status=200, location=, result=False, path=/archives/image/api/scan-check/
[INFO] 2026-06-04 10:01:20,907 middleware 1512694 139656672098112 should_redirect: user_authenticated=True, status=200, location=, result=False, path=/archives/image/api/scan-generate-pdf/
[INFO] 2026-06-04 10:01:20,935 middleware 1512694 139656672098112 should_redirect: user_authenticated=True, status=200, location=, result=False, path=/archives/image/api/scan-pdf/
[INFO] 2026-06-04 10:06:43,980 middleware 1512692 139656672098112 should_redirect: user_authenticated=True, status=200, location=, result=False, path=/archivesSystem/files/dialog/edit/
[INFO] 2026-06-04 10:06:44,002 middleware 1512693 139656672098112 should_redirect: user_authenticated=True, status=200, location=, result=False, path=/archivesSystem/api/files/manage/persons/
[INFO] 2026-06-04 10:06:44,052 middleware 1512693 139656672098112 should_redirect: user_authenticated=True, status=200, location=, result=False, path=/archivesSystem/api/files/download/
[INFO] 2026-06-04 10:06:44,096 middleware 1512693 139656672098112 should_redirect: user_authenticated=True, status=200, location=, result=False, path=/archivesSystem/api/files/manage/persons/
[INFO] 2026-06-04 10:06:58,057 middleware 1512689 139656672098112 should_redirect: user_authenticated=True, status=200, location=, result=False, path=/archivesSystem/files/dialog/edit/
[INFO] 2026-06-04 10:06:58,070 middleware 1512693 139656672098112 should_redirect: user_authenticated=True, status=200, location=, result=False, path=/archivesSystem/api/files/manage/persons/
[INFO] 2026-06-04 10:06:58,108 middleware 1512693 139656672098112 should_redirect: user_authenticated=True, status=200, location=, result=False, path=/archivesSystem/api/files/download/
[INFO] 2026-06-04 10:06:58,179 middleware 1512690 139656672098112 should_redirect: user_authenticated=True, status=200, location=, result=False, path=/archivesSystem/api/files/manage/persons/
[INFO] 2026-06-04 10:07:00,133 middleware 1512693 139656672098112 should_redirect: user_authenticated=True, status=200, location=, result=False, path=/archivesSystem/files/dialog/edit/
[INFO] 2026-06-04 10:07:00,150 middleware 1512690 139656672098112 should_redirect: user_authenticated=True, status=200, location=, result=False, path=/archivesSystem/api/files/manage/persons/
[INFO] 2026-06-04 10:07:00,184 middleware 1512690 139656672098112 should_redirect: user_authenticated=True, status=200, location=, result=False, path=/archivesSystem/api/files/download/
[INFO] 2026-06-04 10:07:00,248 middleware 1512693 139656672098112 should_redirect: user_authenticated=True, status=200, location=, result=False, path=/archivesSystem/api/files/manage/persons/
[INFO] 2026-06-04 10:07:01,618 middleware 1512690 139656672098112 should_redirect: user_authenticated=True, status=200, location=, result=False, path=/archivesSystem/files/dialog/edit/
[INFO] 2026-06-04 10:07:01,629 middleware 1512691 139656672098112 should_redirect: user_authenticated=True, status=200, location=, result=False, path=/archivesSystem/api/files/manage/persons/
[INFO] 2026-06-04 10:07:01,687 middleware 1512689 139656672098112 should_redirect: user_authenticated=True, status=200, location=, result=False, path=/archivesSystem/api/files/download/
[INFO] 2026-06-04 10:07:01,723 middleware 1512689 139656672098112 should_redirect: user_authenticated=True, status=200, location=, result=False, path=/archivesSystem/api/files/manage/persons/
[INFO] 2026-06-04 10:07:18,865 middleware 1512690 139656672098112 should_redirect: user_authenticated=True, status=200, location=, result=False, path=/archivesSystem/files/dialog/edit/
[INFO] 2026-06-04 10:07:18,878 middleware 1512695 139656672098112 should_redirect: user_authenticated=True, status=200, location=, result=False, path=/archivesSystem/api/files/manage/persons/
[INFO] 2026-06-04 10:07:18,934 middleware 1512691 139656672098112 should_redirect: user_authenticated=True, status=200, location=, result=False, path=/archivesSystem/api/files/download/
[INFO] 2026-06-04 10:07:18,984 middleware 1512691 139656672098112 should_redirect: user_authenticated=True, status=200, location=, result=False, path=/archivesSystem/api/files/manage/persons/
[INFO] 2026-06-04 10:20:18,079 middleware 1510143 140215062017728 should_redirect: user_authenticated=True, status=200, location=, result=False, path=/archivesSystem/files/manage/
[INFO] 2026-06-04 10:20:18,280 middleware 1510143 140215062017728 should_redirect: user_authenticated=True, status=200, location=, result=False, path=/archivesSystem/api/files/categories/
[INFO] 2026-06-04 10:20:26,996 middleware 1510143 140215062017728 should_redirect: user_authenticated=True, status=200, location=, result=False, path=/archivesSystem/api/files/manage/list/
[INFO] 2026-06-04 10:20:28,413 middleware 1510143 140215062017728 should_redirect: user_authenticated=True, status=200, location=, result=False, path=/archivesSystem/api/files/manage/persons/
[INFO] 2026-06-04 10:20:28,467 middleware 1510143 140215062017728 should_redirect: user_authenticated=True, status=200, location=, result=False, path=/archivesSystem/api/files/download/
[INFO] 2026-06-04 10:20:50,123 middleware 1510143 140215062017728 should_redirect: user_authenticated=True, status=200, location=, result=False, path=/archivesSystem/api/files/manage/persons/
[INFO] 2026-06-04 10:20:57,744 middleware 1510143 140215062017728 should_redirect: user_authenticated=True, status=200, location=, result=False, path=/archivesSystem/api/files/manage/rename/
[INFO] 2026-06-04 10:20:57,799 middleware 1510143 140215062017728 should_redirect: user_authenticated=True, status=200, location=, result=False, path=/archivesSystem/api/files/manage/list/
[INFO] 2026-06-04 10:20:59,767 middleware 1510143 140215062017728 should_redirect: user_authenticated=True, status=200, location=, result=False, path=/archivesSystem/api/files/manage/persons/
[INFO] 2026-06-04 10:20:59,813 middleware 1510143 140215062017728 should_redirect: user_authenticated=True, status=200, location=, result=False, path=/archivesSystem/api/files/download/
[INFO] 2026-06-04 10:21:01,544 middleware 1510143 140215062017728 should_redirect: user_authenticated=True, status=200, location=, result=False, path=/archivesSystem/api/files/manage/persons/
[INFO] 2026-06-04 10:21:01,606 middleware 1510143 140215062017728 should_redirect: user_authenticated=True, status=200, location=, result=False, path=/archivesSystem/api/files/download/
[INFO] 2026-06-04 10:21:07,964 middleware 1510143 140215062017728 should_redirect: user_authenticated=True, status=200, location=, result=False, path=/archivesSystem/api/files/manage/persons/
[INFO] 2026-06-04 10:21:08,053 middleware 1510143 140215062017728 should_redirect: user_authenticated=True, status=200, location=, result=False, path=/archivesSystem/api/files/download/
[INFO] 2026-06-04 10:21:11,636 middleware 1510143 140215062017728 should_redirect: user_authenticated=True, status=200, location=, result=False, path=/archivesSystem/api/files/manage/persons/
[INFO] 2026-06-04 10:21:27,052 middleware 1510143 140215062017728 should_redirect: user_authenticated=True, status=200, location=, result=False, path=/archivesSystem/api/files/manage/rename/
[INFO] 2026-06-04 10:21:27,105 middleware 1510143 140215062017728 should_redirect: user_authenticated=True, status=200, location=, result=False, path=/archivesSystem/api/files/manage/list/
[INFO] 2026-06-04 10:21:28,767 middleware 1510143 140215062017728 should_redirect: user_authenticated=True, status=200, location=, result=False, path=/archivesSystem/api/files/manage/persons/
[INFO] 2026-06-04 10:21:28,819 middleware 1510143 140215062017728 should_redirect: user_authenticated=True, status=200, location=, result=False, path=/archivesSystem/api/files/download/
[INFO] 2026-06-04 10:21:31,685 middleware 1510143 140215062017728 should_redirect: user_authenticated=True, status=200, location=, result=False, path=/archivesSystem/api/files/manage/persons/
[INFO] 2026-06-04 10:21:36,826 middleware 1510143 140215062017728 should_redirect: user_authenticated=True, status=200, location=, result=False, path=/archivesSystem/api/files/manage/rename/
[INFO] 2026-06-04 10:21:36,921 middleware 1510143 140215062017728 should_redirect: user_authenticated=True, status=200, location=, result=False, path=/archivesSystem/api/files/manage/list/
[INFO] 2026-06-04 10:23:08,012 middleware 1510143 140215062017728 should_redirect: user_authenticated=True, status=200, location=, result=False, path=/archivesSystem/files/
[INFO] 2026-06-04 10:23:08,158 middleware 1510143 140215062017728 should_redirect: user_authenticated=True, status=200, location=, result=False, path=/archivesSystem/api/files/categories/
[INFO] 2026-06-04 10:23:10,462 middleware 1510143 140215062017728 should_redirect: user_authenticated=True, status=200, location=, result=False, path=/archivesSystem/api/files/list/
[INFO] 2026-06-04 10:23:14,521 middleware 1510143 140215062017728 should_redirect: user_authenticated=True, status=200, location=, result=False, path=/archivesSystem/api/files/list/
[INFO] 2026-06-04 10:23:18,851 middleware 1510143 140215062017728 should_redirect: user_authenticated=True, status=200, location=, result=False, path=/archivesSystem/api/files/download/
[INFO] 2026-06-04 10:23:28,076 middleware 1510143 140215062017728 should_redirect: user_authenticated=True, status=200, location=, result=False, path=/archivesSystem/api/files/download/
[INFO] 2026-06-04 10:23:30,350 middleware 1510143 140215062017728 should_redirect: user_authenticated=True, status=200, location=, result=False, path=/archivesSystem/api/files/list/
[INFO] 2026-06-04 10:23:33,444 middleware 1510143 140215062017728 should_redirect: user_authenticated=True, status=200, location=, result=False, path=/archivesSystem/api/files/list/
[INFO] 2026-06-04 10:23:36,069 middleware 1510143 140215062017728 should_redirect: user_authenticated=True, status=200, location=, result=False, path=/archivesSystem/api/files/list/
[INFO] 2026-06-04 10:23:37,816 middleware 1510143 140215062017728 should_redirect: user_authenticated=True, status=200, location=, result=False, path=/archivesSystem/api/files/list/
[INFO] 2026-06-04 10:23:38,763 middleware 1510143 140215062017728 should_redirect: user_authenticated=True, status=200, location=, result=False, path=/archivesSystem/api/files/download/
[INFO] 2026-06-04 10:24:03,143 middleware 1510143 140215062017728 should_redirect: user_authenticated=True, status=200, location=, result=False, path=/archivesSystem/api/files/list/
[INFO] 2026-06-04 10:24:04,603 middleware 1510143 140215062017728 should_redirect: user_authenticated=True, status=200, location=, result=False, path=/archivesSystem/api/files/list/
[INFO] 2026-06-04 10:24:09,482 middleware 1510143 140215062017728 should_redirect: user_authenticated=True, status=200, location=, result=False, path=/archivesSystem/api/files/list/
[INFO] 2026-06-04 10:24:11,451 middleware 1510143 140215062017728 should_redirect: user_authenticated=True, status=200, location=, result=False, path=/archivesSystem/api/files/list/
[INFO] 2026-06-04 10:24:48,388 middleware 1510143 140215062017728 should_redirect: user_authenticated=True, status=200, location=, result=False, path=/archivesSystem/api/files/list/
[INFO] 2026-06-04 10:24:50,188 middleware 1510143 140215062017728 should_redirect: user_authenticated=True, status=200, location=, result=False, path=/archivesSystem/api/files/list/
[INFO] 2026-06-04 10:25:00,155 middleware 1510143 140215062017728 should_redirect: user_authenticated=True, status=200, location=, result=False, path=/archivesSystem/api/files/manage/list/
[INFO] 2026-06-04 10:25:29,084 middleware 1510143 140215062017728 should_redirect: user_authenticated=True, status=200, location=, result=False, path=/archivesSystem/api/files/manage/list/
[INFO] 2026-06-04 10:25:30,605 middleware 1510143 140215062017728 should_redirect: user_authenticated=True, status=200, location=, result=False, path=/archivesSystem/api/files/manage/persons/
[INFO] 2026-06-04 10:25:30,666 middleware 1510143 140215062017728 should_redirect: user_authenticated=True, status=200, location=, result=False, path=/archivesSystem/api/files/download/
[INFO] 2026-06-04 10:25:35,647 middleware 1510143 140215062017728 should_redirect: user_authenticated=True, status=200, location=, result=False, path=/archivesSystem/api/files/manage/persons/
[INFO] 2026-06-04 10:25:35,717 middleware 1510143 140215062017728 should_redirect: user_authenticated=True, status=200, location=, result=False, path=/archivesSystem/api/files/download/
[INFO] 2026-06-04 10:26:01,673 middleware 1510143 140215062017728 should_redirect: user_authenticated=True, status=200, location=, result=False, path=/archivesSystem/api/files/manage/persons/
[INFO] 2026-06-04 10:26:01,733 middleware 1510143 140215062017728 should_redirect: user_authenticated=True, status=200, location=, result=False, path=/archivesSystem/api/files/download/
[INFO] 2026-06-04 10:27:12,676 middleware 1510143 140215062017728 should_redirect: user_authenticated=True, status=200, location=, result=False, path=/archivesSystem/api/files/manage/list/
[INFO] 2026-06-04 10:27:15,196 middleware 1510143 140215062017728 should_redirect: user_authenticated=True, status=200, location=, result=False, path=/archivesSystem/api/files/manage/persons/
[INFO] 2026-06-04 10:27:15,246 middleware 1510143 140215062017728 should_redirect: user_authenticated=True, status=200, location=, result=False, path=/archivesSystem/api/files/download/
[INFO] 2026-06-04 10:27:22,928 middleware 1510143 140215062017728 should_redirect: user_authenticated=True, status=200, location=, result=False, path=/archivesSystem/api/files/manage/list/
[INFO] 2026-06-04 10:27:30,076 middleware 1510143 140215062017728 should_redirect: user_authenticated=True, status=200, location=, result=False, path=/archivesSystem/api/files/manage/list/
[INFO] 2026-06-04 10:27:59,765 middleware 1510143 140215062017728 should_redirect: user_authenticated=True, status=200, location=, result=False, path=/archivesSystem/api/files/manage/list/
[INFO] 2026-06-04 10:28:00,404 middleware 1510143 140215062017728 should_redirect: user_authenticated=True, status=200, location=, result=False, path=/archivesSystem/api/files/manage/list/
[INFO] 2026-06-04 10:28:25,456 middleware 1510143 140215062017728 should_redirect: user_authenticated=True, status=200, location=, result=False, path=/archivesSystem/api/files/manage/list/
[INFO] 2026-06-04 10:28:27,030 middleware 1510143 140215062017728 should_redirect: user_authenticated=True, status=200, location=, result=False, path=/archivesSystem/api/files/manage/persons/
[INFO] 2026-06-04 10:28:27,082 middleware 1510143 140215062017728 should_redirect: user_authenticated=True, status=200, location=, result=False, path=/archivesSystem/api/files/download/
[INFO] 2026-06-04 10:28:33,531 middleware 1510143 140215062017728 should_redirect: user_authenticated=True, status=200, location=, result=False, path=/archivesSystem/api/files/manage/persons/
[INFO] 2026-06-04 10:28:48,093 middleware 1510143 140215062017728 should_redirect: user_authenticated=True, status=200, location=, result=False, path=/archivesSystem/api/files/manage/list/
[INFO] 2026-06-04 10:28:51,453 middleware 1510143 140215062017728 should_redirect: user_authenticated=True, status=200, location=, result=False, path=/archivesSystem/api/files/manage/list/
[INFO] 2026-06-04 10:28:54,055 middleware 1510143 140215062017728 should_redirect: user_authenticated=True, status=200, location=, result=False, path=/archivesSystem/api/files/manage/persons/
[INFO] 2026-06-04 10:29:25,758 middleware 1510143 140215062017728 should_redirect: user_authenticated=True, status=200, location=, result=False, path=/archivesSystem/api/files/manage/update-pdf/
[INFO] 2026-06-04 10:29:27,777 middleware 1510143 140215062017728 should_redirect: user_authenticated=True, status=200, location=, result=False, path=/archivesSystem/api/files/manage/update-pdf/
[INFO] 2026-06-04 10:29:29,264 middleware 1510143 140215062017728 should_redirect: user_authenticated=True, status=200, location=, result=False, path=/archivesSystem/api/files/manage/update-pdf/
[INFO] 2026-06-04 10:30:21,940 middleware 1510143 140215062017728 should_redirect: user_authenticated=True, status=200, location=, result=False, path=/archivesSystem/api/files/manage/persons/
[INFO] 2026-06-04 10:30:25,550 middleware 1510143 140215062017728 should_redirect: user_authenticated=True, status=200, location=, result=False, path=/archivesSystem/api/files/manage/persons/
[INFO] 2026-06-04 10:30:26,491 middleware 1510143 140215062017728 should_redirect: user_authenticated=True, status=200, location=, result=False, path=/archivesSystem/files/dialog/add/
[INFO] 2026-06-04 10:30:26,614 middleware 1510143 140215062017728 should_redirect: user_authenticated=True, status=200, location=, result=False, path=/archivesSystem/api/files/categories/
[INFO] 2026-06-04 10:30:45,698 middleware 1510143 140215062017728 should_redirect: user_authenticated=True, status=200, location=, result=False, path=/archivesSystem/api/files/manage/upload/
[INFO] 2026-06-04 10:30:45,739 middleware 1510143 140215062017728 should_redirect: user_authenticated=True, status=200, location=, result=False, path=/archivesSystem/api/files/manage/list/
[INFO] 2026-06-04 10:30:47,585 middleware 1510143 140215062017728 should_redirect: user_authenticated=True, status=200, location=, result=False, path=/archivesSystem/api/files/manage/persons/
[INFO] 2026-06-04 10:30:47,647 middleware 1510143 140215062017728 should_redirect: user_authenticated=True, status=200, location=, result=False, path=/archivesSystem/api/files/download/
[INFO] 2026-06-04 10:30:59,878 middleware 1510143 140215062017728 should_redirect: user_authenticated=True, status=200, location=, result=False, path=/archivesSystem/api/files/manage/persons/
[INFO] 2026-06-04 10:52:32,584 middleware 1512689 139656672098112 should_redirect: user_authenticated=True, status=200, location=, result=False, path=/archives/person
[INFO] 2026-06-04 10:52:32,753 middleware 1512689 139656672098112 should_redirect: user_authenticated=True, status=200, location=, result=False, path=/components/person-panel-embed/
[INFO] 2026-06-04 10:52:32,794 middleware 1512689 139656672098112 should_redirect: user_authenticated=True, status=200, location=, result=False, path=/components/person-panel-embed/
[INFO] 2026-06-04 10:52:32,936 middleware 1512689 139656672098112 should_redirect: user_authenticated=True, status=200, location=, result=False, path=/components/tree/
[INFO] 2026-06-04 10:52:45,894 middleware 1512692 139656672098112 should_redirect: user_authenticated=True, status=200, location=, result=False, path=/archives/person
[INFO] 2026-06-04 10:52:46,065 middleware 1512692 139656672098112 should_redirect: user_authenticated=True, status=200, location=, result=False, path=/components/person-panel-embed/
[INFO] 2026-06-04 10:52:46,100 middleware 1512692 139656672098112 should_redirect: user_authenticated=True, status=200, location=, result=False, path=/components/person-panel-embed/
[INFO] 2026-06-04 10:52:46,241 middleware 1512689 139656672098112 should_redirect: user_authenticated=True, status=200, location=, result=False, path=/components/tree/
[INFO] 2026-06-04 10:52:55,402 middleware 1512694 139656672098112 should_redirect: user_authenticated=True, status=200, location=, result=False, path=/components/person-search/
[INFO] 2026-06-04 10:52:56,617 middleware 1512695 139656672098112 should_redirect: user_authenticated=True, status=200, location=, result=False, path=/archives/person-basic/
[INFO] 2026-06-04 10:52:56,912 middleware 1512694 139656672098112 should_redirect: user_authenticated=True, status=200, location=, result=False, path=/archives/api/person-detail/
[INFO] 2026-06-04 10:52:58,845 middleware 1512690 139656672098112 should_redirect: user_authenticated=True, status=200, location=, result=False, path=/archives/image/scan/
[INFO] 2026-06-04 10:52:59,112 middleware 1512690 139656672098112 should_redirect: user_authenticated=True, status=200, location=, result=False, path=/components/person-panel-embed/
[INFO] 2026-06-04 10:52:59,158 middleware 1512690 139656672098112 should_redirect: user_authenticated=True, status=200, location=, result=False, path=/components/person-panel-embed/
[INFO] 2026-06-04 10:52:59,171 middleware 1512690 139656672098112 should_redirect: user_authenticated=True, status=200, location=, result=False, path=/components/archive-tree-embed/
[INFO] 2026-06-04 10:52:59,315 middleware 1512694 139656672098112 should_redirect: user_authenticated=True, status=200, location=, result=False, path=/components/tree/
[INFO] 2026-06-04 10:53:06,403 middleware 1512692 139656672098112 should_redirect: user_authenticated=True, status=200, location=, result=False, path=/components/person-search/
[INFO] 2026-06-04 10:53:07,489 middleware 1512693 139656672098112 should_redirect: user_authenticated=True, status=200, location=, result=False, path=/components/archive-tree-embed/
[INFO] 2026-06-04 10:53:07,563 middleware 1512693 139656672098112 should_redirect: user_authenticated=True, status=200, location=, result=False, path=/components/archive-tree/
[INFO] 2026-06-04 10:53:07,617 middleware 1512695 139656672098112 should_redirect: user_authenticated=True, status=200, location=, result=False, path=/components/scan-stats/
[INFO] 2026-06-04 10:53:14,775 middleware 1512689 139656672098112 should_redirect: user_authenticated=True, status=200, location=, result=False, path=/components/archive-tree/
[INFO] 2026-06-04 10:53:16,630 middleware 1512694 139656672098112 should_redirect: user_authenticated=True, status=200, location=, result=False, path=/archives/image/api/scan-check/
[INFO] 2026-06-04 10:53:17,850 middleware 1512690 139656672098112 should_redirect: user_authenticated=True, status=200, location=, result=False, path=/archives/image/api/scan-generate-pdf/
[INFO] 2026-06-04 10:53:17,865 middleware 1512690 139656672098112 should_redirect: user_authenticated=True, status=200, location=, result=False, path=/archives/image/api/scan-pdf/
[INFO] 2026-06-04 10:53:24,929 middleware 1512692 139656672098112 should_redirect: user_authenticated=True, status=200, location=, result=False, path=/archives/image/api/scan-check/
[INFO] 2026-06-04 10:53:25,595 middleware 1512692 139656672098112 should_redirect: user_authenticated=True, status=200, location=, result=False, path=/archives/image/api/scan-check/
[INFO] 2026-06-04 10:53:26,288 middleware 1512688 139656672098112 should_redirect: user_authenticated=True, status=200, location=, result=False, path=/archives/image/api/scan-generate-pdf/
[INFO] 2026-06-04 10:53:26,299 middleware 1512688 139656672098112 should_redirect: user_authenticated=True, status=200, location=, result=False, path=/archives/image/api/scan-pdf/
[INFO] 2026-06-04 10:53:27,018 middleware 1512692 139656672098112 should_redirect: user_authenticated=True, status=200, location=, result=False, path=/archives/image/api/scan-generate-pdf/
[INFO] 2026-06-04 10:53:27,661 middleware 1512689 139656672098112 should_redirect: user_authenticated=True, status=200, location=, result=False, path=/archives/image/api/scan-pdf/
[INFO] 2026-06-04 10:53:48,555 middleware 1512692 139656672098112 should_redirect: user_authenticated=True, status=200, location=, result=False, path=/archives/image/api/scan-check/
[INFO] 2026-06-04 10:53:48,578 middleware 1512694 139656672098112 should_redirect: user_authenticated=True, status=200, location=, result=False, path=/archives/image/api/scan-generate-pdf/
[INFO] 2026-06-04 10:56:12,185 middleware 1512691 139656672098112 should_redirect: user_authenticated=True, status=200, location=, result=False, path=/archivesSystem/api/files/manage/persons/
[INFO] 2026-06-04 10:56:27,331 middleware 1512691 139656672098112 should_redirect: user_authenticated=True, status=200, location=, result=False, path=/archivesSystem/files/dialog/edit/
[INFO] 2026-06-04 10:56:27,347 middleware 1512692 139656672098112 should_redirect: user_authenticated=True, status=200, location=, result=False, path=/archivesSystem/api/files/manage/persons/
[INFO] 2026-06-04 10:56:27,386 middleware 1512691 139656672098112 should_redirect: user_authenticated=True, status=200, location=, result=False, path=/archivesSystem/api/files/download/
[INFO] 2026-06-04 10:56:27,431 middleware 1512691 139656672098112 should_redirect: user_authenticated=True, status=200, location=, result=False, path=/archivesSystem/api/files/manage/persons/
[INFO] 2026-06-04 10:56:32,818 middleware 1512693 139656672098112 should_redirect: user_authenticated=True, status=200, location=, result=False, path=/archivesSystem/api/files/manage/persons/
[INFO] 2026-06-04 10:56:37,575 middleware 1512692 139656672098112 should_redirect: user_authenticated=True, status=200, location=, result=False, path=/archivesSystem/files/dialog/edit/
[INFO] 2026-06-04 10:56:37,595 middleware 1512688 139656672098112 should_redirect: user_authenticated=True, status=200, location=, result=False, path=/archivesSystem/api/files/manage/persons/
[INFO] 2026-06-04 10:56:37,652 middleware 1512688 139656672098112 should_redirect: user_authenticated=True, status=200, location=, result=False, path=/archivesSystem/api/files/download/
[INFO] 2026-06-04 10:56:37,695 middleware 1512690 139656672098112 should_redirect: user_authenticated=True, status=200, location=, result=False, path=/archivesSystem/api/files/manage/persons/
[INFO] 2026-06-04 10:56:42,536 middleware 1512689 139656672098112 should_redirect: user_authenticated=True, status=200, location=, result=False, path=/archivesSystem/api/files/manage/persons/
[INFO] 2026-06-04 10:56:45,440 middleware 1512693 139656672098112 should_redirect: user_authenticated=True, status=200, location=, result=False, path=/archivesSystem/files/dialog/edit/
[INFO] 2026-06-04 10:56:45,458 middleware 1512692 139656672098112 should_redirect: user_authenticated=True, status=200, location=, result=False, path=/archivesSystem/api/files/manage/persons/
[INFO] 2026-06-04 10:56:45,494 middleware 1512692 139656672098112 should_redirect: user_authenticated=True, status=200, location=, result=False, path=/archivesSystem/api/files/download/
[INFO] 2026-06-04 10:56:45,589 middleware 1512691 139656672098112 should_redirect: user_authenticated=True, status=200, location=, result=False, path=/archivesSystem/api/files/manage/persons/
[INFO] 2026-06-04 10:56:50,421 middleware 1512691 139656672098112 should_redirect: user_authenticated=True, status=200, location=, result=False, path=/archivesSystem/api/files/manage/persons/
[INFO] 2026-06-04 10:56:59,324 middleware 1512690 139656672098112 should_redirect: user_authenticated=True, status=200, location=, result=False, path=/archivesSystem/api/files/manage/rename/
[INFO] 2026-06-04 10:56:59,399 middleware 1512693 139656672098112 should_redirect: user_authenticated=True, status=200, location=, result=False, path=/archivesSystem/api/files/manage/list/
[INFO] 2026-06-04 10:57:02,353 middleware 1512695 139656672098112 should_redirect: user_authenticated=True, status=200, location=, result=False, path=/archivesSystem/files/dialog/edit/
[INFO] 2026-06-04 10:57:02,364 middleware 1512694 139656672098112 should_redirect: user_authenticated=True, status=200, location=, result=False, path=/archivesSystem/api/files/manage/persons/
[INFO] 2026-06-04 10:57:02,391 middleware 1512694 139656672098112 should_redirect: user_authenticated=True, status=200, location=, result=False, path=/archivesSystem/api/files/download/
[INFO] 2026-06-04 10:57:02,796 middleware 1512695 139656672098112 should_redirect: user_authenticated=True, status=200, location=, result=False, path=/archivesSystem/api/files/manage/persons/
[INFO] 2026-06-04 10:57:06,529 middleware 1512688 139656672098112 should_redirect: user_authenticated=True, status=200, location=, result=False, path=/archivesSystem/api/files/manage/persons/
[INFO] 2026-06-04 10:57:17,149 middleware 1512689 139656672098112 should_redirect: user_authenticated=True, status=200, location=, result=False, path=/archivesSystem/api/files/manage/rename/
[INFO] 2026-06-04 10:57:17,198 middleware 1512689 139656672098112 should_redirect: user_authenticated=True, status=200, location=, result=False, path=/archivesSystem/api/files/manage/list/
[INFO] 2026-06-04 10:57:31,933 middleware 1512695 139656672098112 should_redirect: user_authenticated=True, status=200, location=, result=False, path=/archivesSystem/files/
[INFO] 2026-06-04 10:57:32,142 middleware 1512692 139656672098112 should_redirect: user_authenticated=True, status=200, location=, result=False, path=/archivesSystem/api/files/categories/
[INFO] 2026-06-04 10:57:34,554 middleware 1512691 139656672098112 should_redirect: user_authenticated=True, status=200, location=, result=False, path=/archivesSystem/api/files/list/
[INFO] 2026-06-04 10:57:39,247 middleware 1512695 139656672098112 should_redirect: user_authenticated=True, status=200, location=, result=False, path=/archivesSystem/api/files/list/
[INFO] 2026-06-04 10:57:55,130 middleware 1512691 139656672098112 should_redirect: user_authenticated=True, status=200, location=, result=False, path=/archivesSystem/api/files/list/
[INFO] 2026-06-04 10:57:58,177 middleware 1512694 139656672098112 should_redirect: user_authenticated=True, status=200, location=, result=False, path=/archivesSystem/api/files/list/
[INFO] 2026-06-04 10:57:59,486 middleware 1512693 139656672098112 should_redirect: user_authenticated=True, status=200, location=, result=False, path=/archivesSystem/api/files/list/
[INFO] 2026-06-04 10:58:03,662 middleware 1512694 139656672098112 should_redirect: user_authenticated=True, status=200, location=, result=False, path=/archivesSystem/api/files/list/
[INFO] 2026-06-04 10:58:47,980 middleware 1512691 139656672098112 should_redirect: user_authenticated=True, status=200, location=, result=False, path=/archivesSystem/files/dialog/edit/
[INFO] 2026-06-04 10:58:47,997 middleware 1512690 139656672098112 should_redirect: user_authenticated=True, status=200, location=, result=False, path=/archivesSystem/api/files/manage/persons/
[INFO] 2026-06-04 10:58:48,058 middleware 1512690 139656672098112 should_redirect: user_authenticated=True, status=200, location=, result=False, path=/archivesSystem/api/files/download/
[INFO] 2026-06-04 10:58:48,086 middleware 1512690 139656672098112 should_redirect: user_authenticated=True, status=200, location=, result=False, path=/archivesSystem/api/files/manage/persons/
[INFO] 2026-06-04 11:00:07,629 middleware 1512690 139656672098112 should_redirect: user_authenticated=True, status=200, location=, result=False, path=/archivesSystem/files/dialog/edit/
[INFO] 2026-06-04 11:00:07,634 middleware 1512689 139656672098112 should_redirect: user_authenticated=True, status=200, location=, result=False, path=/archivesSystem/api/files/manage/persons/
[INFO] 2026-06-04 11:00:07,681 middleware 1512690 139656672098112 should_redirect: user_authenticated=True, status=200, location=, result=False, path=/archivesSystem/api/files/download/
[INFO] 2026-06-04 11:00:07,726 middleware 1512690 139656672098112 should_redirect: user_authenticated=True, status=200, location=, result=False, path=/archivesSystem/api/files/manage/persons/
[INFO] 2026-06-04 11:02:06,951 middleware 1512691 139656672098112 should_redirect: user_authenticated=True, status=200, location=, result=False, path=/archivesSystem/api/files/manage/list/
[INFO] 2026-06-04 11:02:10,735 middleware 1512692 139656672098112 should_redirect: user_authenticated=True, status=200, location=, result=False, path=/archivesSystem/api/files/manage/list/
[INFO] 2026-06-04 11:02:11,974 middleware 1512688 139656672098112 should_redirect: user_authenticated=True, status=200, location=, result=False, path=/archivesSystem/api/files/manage/list/
[INFO] 2026-06-04 11:02:14,197 middleware 1512690 139656672098112 should_redirect: user_authenticated=True, status=200, location=, result=False, path=/archivesSystem/files/dialog/edit/
[INFO] 2026-06-04 11:02:14,215 middleware 1512695 139656672098112 should_redirect: user_authenticated=True, status=200, location=, result=False, path=/archivesSystem/api/files/manage/persons/
[INFO] 2026-06-04 11:02:14,246 middleware 1512695 139656672098112 should_redirect: user_authenticated=True, status=200, location=, result=False, path=/archivesSystem/api/files/download/
[INFO] 2026-06-04 11:02:14,293 middleware 1512695 139656672098112 should_redirect: user_authenticated=True, status=200, location=, result=False, path=/archivesSystem/api/files/manage/persons/
[INFO] 2026-06-04 11:02:19,190 middleware 1512692 139656672098112 should_redirect: user_authenticated=True, status=200, location=, result=False, path=/archivesSystem/api/files/manage/list/
[INFO] 2026-06-04 11:02:23,459 middleware 1512693 139656672098112 should_redirect: user_authenticated=True, status=200, location=, result=False, path=/archivesSystem/api/files/manage/list/
[INFO] 2026-06-04 11:02:28,519 middleware 1512695 139656672098112 should_redirect: user_authenticated=True, status=200, location=, result=False, path=/archivesSystem/files/dialog/edit/
[INFO] 2026-06-04 11:02:28,533 middleware 1512691 139656672098112 should_redirect: user_authenticated=True, status=200, location=, result=False, path=/archivesSystem/api/files/manage/persons/
[INFO] 2026-06-04 11:02:28,595 middleware 1512695 139656672098112 should_redirect: user_authenticated=True, status=200, location=, result=False, path=/archivesSystem/api/files/download/
[INFO] 2026-06-04 11:02:28,620 middleware 1512695 139656672098112 should_redirect: user_authenticated=True, status=200, location=, result=False, path=/archivesSystem/api/files/manage/persons/
[INFO] 2026-06-04 11:02:37,549 middleware 1512695 139656672098112 should_redirect: user_authenticated=True, status=200, location=, result=False, path=/archivesSystem/files/dialog/edit/
[INFO] 2026-06-04 11:02:37,569 middleware 1512689 139656672098112 should_redirect: user_authenticated=True, status=200, location=, result=False, path=/archivesSystem/api/files/manage/persons/
[INFO] 2026-06-04 11:02:37,618 middleware 1512693 139656672098112 should_redirect: user_authenticated=True, status=200, location=, result=False, path=/archivesSystem/api/files/download/
[INFO] 2026-06-04 11:02:37,644 middleware 1512693 139656672098112 should_redirect: user_authenticated=True, status=200, location=, result=False, path=/archivesSystem/api/files/manage/persons/
[INFO] 2026-06-04 11:02:42,679 middleware 1512694 139656672098112 should_redirect: user_authenticated=True, status=200, location=, result=False, path=/archivesSystem/files/dialog/edit/
[INFO] 2026-06-04 11:02:42,706 middleware 1512688 139656672098112 should_redirect: user_authenticated=True, status=200, location=, result=False, path=/archivesSystem/api/files/manage/persons/
[INFO] 2026-06-04 11:02:42,749 middleware 1512694 139656672098112 should_redirect: user_authenticated=True, status=200, location=, result=False, path=/archivesSystem/api/files/download/
[INFO] 2026-06-04 11:02:42,777 middleware 1512694 139656672098112 should_redirect: user_authenticated=True, status=200, location=, result=False, path=/archivesSystem/api/files/manage/persons/
[INFO] 2026-06-04 11:02:52,391 middleware 1512691 139656672098112 should_redirect: user_authenticated=True, status=200, location=, result=False, path=/archivesSystem/files/dialog/edit/
[INFO] 2026-06-04 11:02:52,409 middleware 1512693 139656672098112 should_redirect: user_authenticated=True, status=200, location=, result=False, path=/archivesSystem/api/files/manage/persons/
[INFO] 2026-06-04 11:02:52,440 middleware 1512693 139656672098112 should_redirect: user_authenticated=True, status=200, location=, result=False, path=/archivesSystem/api/files/download/
[INFO] 2026-06-04 11:02:52,487 middleware 1512693 139656672098112 should_redirect: user_authenticated=True, status=200, location=, result=False, path=/archivesSystem/api/files/manage/persons/
[INFO] 2026-06-04 11:03:18,729 middleware 1512693 139656672098112 should_redirect: user_authenticated=True, status=200, location=, result=False, path=/archivesSystem/api/files/manage/save/
[INFO] 2026-06-04 11:03:18,786 middleware 1512693 139656672098112 should_redirect: user_authenticated=True, status=200, location=, result=False, path=/archivesSystem/api/files/manage/list/
[INFO] 2026-06-04 11:03:20,158 middleware 1512693 139656672098112 should_redirect: user_authenticated=True, status=200, location=, result=False, path=/archivesSystem/files/dialog/edit/
[INFO] 2026-06-04 11:03:20,179 middleware 1512694 139656672098112 should_redirect: user_authenticated=True, status=200, location=, result=False, path=/archivesSystem/api/files/manage/persons/
[INFO] 2026-06-04 11:03:20,212 middleware 1512694 139656672098112 should_redirect: user_authenticated=True, status=200, location=, result=False, path=/archivesSystem/api/files/download/
[INFO] 2026-06-04 11:03:20,258 middleware 1512694 139656672098112 should_redirect: user_authenticated=True, status=200, location=, result=False, path=/archivesSystem/api/files/manage/persons/
[INFO] 2026-06-04 11:03:29,150 middleware 1512692 139656672098112 should_redirect: user_authenticated=True, status=200, location=, result=False, path=/archivesSystem/files/dialog/edit/
[INFO] 2026-06-04 11:03:29,161 middleware 1512693 139656672098112 should_redirect: user_authenticated=True, status=200, location=, result=False, path=/archivesSystem/api/files/manage/persons/
[INFO] 2026-06-04 11:03:29,199 middleware 1512693 139656672098112 should_redirect: user_authenticated=True, status=200, location=, result=False, path=/archivesSystem/api/files/download/
[INFO] 2026-06-04 11:03:29,245 middleware 1512693 139656672098112 should_redirect: user_authenticated=True, status=200, location=, result=False, path=/archivesSystem/api/files/manage/persons/
[INFO] 2026-06-04 11:03:39,701 middleware 1512692 139656672098112 should_redirect: user_authenticated=True, status=200, location=, result=False, path=/archivesSystem/files/dialog/edit/
[INFO] 2026-06-04 11:03:39,722 middleware 1512695 139656672098112 should_redirect: user_authenticated=True, status=200, location=, result=False, path=/archivesSystem/api/files/manage/persons/
[INFO] 2026-06-04 11:03:39,751 middleware 1512695 139656672098112 should_redirect: user_authenticated=True, status=200, location=, result=False, path=/archivesSystem/api/files/download/
[INFO] 2026-06-04 11:03:39,794 middleware 1512695 139656672098112 should_redirect: user_authenticated=True, status=200, location=, result=False, path=/archivesSystem/api/files/manage/persons/
[INFO] 2026-06-04 11:03:42,134 middleware 1512695 139656672098112 should_redirect: user_authenticated=True, status=200, location=, result=False, path=/archivesSystem/files/dialog/edit/
[INFO] 2026-06-04 11:03:42,153 middleware 1512689 139656672098112 should_redirect: user_authenticated=True, status=200, location=, result=False, path=/archivesSystem/api/files/manage/persons/
[INFO] 2026-06-04 11:03:42,318 middleware 1512689 139656672098112 should_redirect: user_authenticated=True, status=200, location=, result=False, path=/archivesSystem/api/files/manage/persons/
[INFO] 2026-06-04 11:03:42,338 middleware 1512689 139656672098112 should_redirect: user_authenticated=True, status=200, location=, result=False, path=/archivesSystem/api/files/download/
[INFO] 2026-06-04 11:03:44,271 middleware 1512693 139656672098112 should_redirect: user_authenticated=True, status=200, location=, result=False, path=/archivesSystem/files/dialog/edit/
[INFO] 2026-06-04 11:03:44,289 middleware 1512694 139656672098112 should_redirect: user_authenticated=True, status=200, location=, result=False, path=/archivesSystem/api/files/manage/persons/
[INFO] 2026-06-04 11:03:44,341 middleware 1512693 139656672098112 should_redirect: user_authenticated=True, status=200, location=, result=False, path=/archivesSystem/api/files/download/
[INFO] 2026-06-04 11:03:44,386 middleware 1512691 139656672098112 should_redirect: user_authenticated=True, status=200, location=, result=False, path=/archivesSystem/api/files/manage/persons/
[INFO] 2026-06-04 11:03:51,889 middleware 1512689 139656672098112 should_redirect: user_authenticated=True, status=200, location=, result=False, path=/archivesSystem/files/dialog/edit/
[INFO] 2026-06-04 11:03:51,905 middleware 1512694 139656672098112 should_redirect: user_authenticated=True, status=200, location=, result=False, path=/archivesSystem/api/files/manage/persons/
[INFO] 2026-06-04 11:03:51,939 middleware 1512694 139656672098112 should_redirect: user_authenticated=True, status=200, location=, result=False, path=/archivesSystem/api/files/download/
[INFO] 2026-06-04 11:03:52,006 middleware 1512691 139656672098112 should_redirect: user_authenticated=True, status=200, location=, result=False, path=/archivesSystem/api/files/manage/persons/
[INFO] 2026-06-04 11:03:56,880 middleware 1512692 139656672098112 should_redirect: user_authenticated=True, status=200, location=, result=False, path=/archivesSystem/files/dialog/edit/
[INFO] 2026-06-04 11:03:56,894 middleware 1512691 139656672098112 should_redirect: user_authenticated=True, status=200, location=, result=False, path=/archivesSystem/api/files/manage/persons/
[INFO] 2026-06-04 11:03:56,918 middleware 1512691 139656672098112 should_redirect: user_authenticated=True, status=200, location=, result=False, path=/archivesSystem/api/files/download/
[INFO] 2026-06-04 11:03:57,032 middleware 1512692 139656672098112 should_redirect: user_authenticated=True, status=200, location=, result=False, path=/archivesSystem/api/files/manage/persons/
[INFO] 2026-06-04 11:04:01,782 middleware 1512692 139656672098112 should_redirect: user_authenticated=True, status=200, location=, result=False, path=/archivesSystem/files/dialog/edit/
[INFO] 2026-06-04 11:04:01,801 middleware 1512689 139656672098112 should_redirect: user_authenticated=True, status=200, location=, result=False, path=/archivesSystem/api/files/manage/persons/
[INFO] 2026-06-04 11:04:01,852 middleware 1512692 139656672098112 should_redirect: user_authenticated=True, status=200, location=, result=False, path=/archivesSystem/api/files/download/
[INFO] 2026-06-04 11:04:01,898 middleware 1512691 139656672098112 should_redirect: user_authenticated=True, status=200, location=, result=False, path=/archivesSystem/api/files/manage/persons/
[INFO] 2026-06-04 11:05:51,542 middleware 1512695 139656672098112 should_redirect: user_authenticated=True, status=200, location=, result=False, path=/archives/person
[INFO] 2026-06-04 11:05:51,710 middleware 1512695 139656672098112 should_redirect: user_authenticated=True, status=200, location=, result=False, path=/components/person-panel-embed/
[INFO] 2026-06-04 11:05:51,747 middleware 1512695 139656672098112 should_redirect: user_authenticated=True, status=200, location=, result=False, path=/components/person-panel-embed/
[INFO] 2026-06-04 11:05:51,879 middleware 1512691 139656672098112 should_redirect: user_authenticated=True, status=200, location=, result=False, path=/components/tree/
[INFO] 2026-06-04 11:06:24,354 middleware 1512692 139656672098112 should_redirect: user_authenticated=True, status=200, location=, result=False, path=/components/person-search/
[INFO] 2026-06-04 11:06:25,239 middleware 1512695 139656672098112 should_redirect: user_authenticated=True, status=200, location=, result=False, path=/archives/person-basic/
[INFO] 2026-06-04 11:06:25,533 middleware 1512695 139656672098112 should_redirect: user_authenticated=True, status=200, location=, result=False, path=/archives/api/person-detail/
[INFO] 2026-06-04 11:06:43,426 middleware 1512692 139656672098112 should_redirect: user_authenticated=True, status=200, location=, result=False, path=/archives/image/scan/
[INFO] 2026-06-04 11:06:43,597 middleware 1512689 139656672098112 should_redirect: user_authenticated=True, status=200, location=, result=False, path=/components/person-panel-embed/
[INFO] 2026-06-04 11:06:43,640 middleware 1512693 139656672098112 should_redirect: user_authenticated=True, status=200, location=, result=False, path=/components/person-panel-embed/
[INFO] 2026-06-04 11:06:43,642 middleware 1512695 139656672098112 should_redirect: user_authenticated=True, status=200, location=, result=False, path=/components/archive-tree-embed/
[INFO] 2026-06-04 11:06:43,810 middleware 1512692 139656672098112 should_redirect: user_authenticated=True, status=200, location=, result=False, path=/components/tree/
[INFO] 2026-06-04 11:06:50,526 middleware 1512692 139656672098112 should_redirect: user_authenticated=True, status=200, location=, result=False, path=/components/person-search/
[INFO] 2026-06-04 11:06:51,475 middleware 1512694 139656672098112 should_redirect: user_authenticated=True, status=200, location=, result=False, path=/components/archive-tree-embed/
[INFO] 2026-06-04 11:06:51,554 middleware 1512689 139656672098112 should_redirect: user_authenticated=True, status=200, location=, result=False, path=/components/archive-tree/
[INFO] 2026-06-04 11:06:51,623 middleware 1512691 139656672098112 should_redirect: user_authenticated=True, status=200, location=, result=False, path=/components/scan-stats/
[INFO] 2026-06-04 11:06:53,555 middleware 1512694 139656672098112 should_redirect: user_authenticated=True, status=200, location=, result=False, path=/components/archive-tree/
[INFO] 2026-06-04 11:07:09,099 middleware 1512688 139656672098112 should_redirect: user_authenticated=True, status=200, location=, result=False, path=/archives/image/api/scan-check/
[INFO] 2026-06-04 11:07:10,301 middleware 1512693 139656672098112 should_redirect: user_authenticated=True, status=200, location=, result=False, path=/archives/image/api/scan-generate-pdf/
[INFO] 2026-06-04 11:07:10,319 middleware 1512693 139656672098112 should_redirect: user_authenticated=True, status=200, location=, result=False, path=/archives/image/api/scan-pdf/
[INFO] 2026-06-04 11:07:40,134 middleware 1512693 139656672098112 should_redirect: user_authenticated=True, status=200, location=, result=False, path=/components/person-search/
[INFO] 2026-06-04 11:07:48,547 middleware 1512694 139656672098112 should_redirect: user_authenticated=True, status=200, location=, result=False, path=/archives/person-basic/
[INFO] 2026-06-04 11:07:48,852 middleware 1512694 139656672098112 should_redirect: user_authenticated=True, status=200, location=, result=False, path=/archives/api/person-detail/
[INFO] 2026-06-04 11:07:58,594 middleware 1512688 139656672098112 should_redirect: user_authenticated=True, status=200, location=, result=False, path=/components/person-search/
[INFO] 2026-06-04 11:08:02,957 middleware 1512691 139656672098112 should_redirect: user_authenticated=True, status=200, location=, result=False, path=/components/archive-tree-embed/
[INFO] 2026-06-04 11:08:03,036 middleware 1512695 139656672098112 should_redirect: user_authenticated=True, status=200, location=, result=False, path=/components/archive-tree/
[INFO] 2026-06-04 11:08:03,140 middleware 1512692 139656672098112 should_redirect: user_authenticated=True, status=200, location=, result=False, path=/components/scan-stats/
[INFO] 2026-06-04 11:08:06,340 middleware 1512690 139656672098112 should_redirect: user_authenticated=True, status=200, location=, result=False, path=/components/archive-tree/
[INFO] 2026-06-04 11:08:08,498 middleware 1512688 139656672098112 should_redirect: user_authenticated=True, status=200, location=, result=False, path=/archives/image/api/scan-check/
[INFO] 2026-06-04 11:08:09,667 middleware 1512691 139656672098112 should_redirect: user_authenticated=True, status=200, location=, result=False, path=/archives/image/api/scan-generate-pdf/
[INFO] 2026-06-04 11:08:09,682 middleware 1512691 139656672098112 should_redirect: user_authenticated=True, status=200, location=, result=False, path=/archives/image/api/scan-pdf/
[INFO] 2026-06-04 11:08:15,592 middleware 1512694 139656672098112 should_redirect: user_authenticated=True, status=200, location=, result=False, path=/archives/image/api/scan-check/
[INFO] 2026-06-04 11:08:16,741 middleware 1512695 139656672098112 should_redirect: user_authenticated=True, status=200, location=, result=False, path=/archives/image/api/scan-generate-pdf/
[INFO] 2026-06-04 11:08:16,752 middleware 1512695 139656672098112 should_redirect: user_authenticated=True, status=200, location=, result=False, path=/archives/image/api/scan-pdf/
[INFO] 2026-06-04 11:08:43,073 middleware 1512692 139656672098112 should_redirect: user_authenticated=True, status=200, location=, result=False, path=/components/person-search/
[INFO] 2026-06-04 11:08:45,209 middleware 1512689 139656672098112 should_redirect: user_authenticated=True, status=200, location=, result=False, path=/archives/person-basic/
[INFO] 2026-06-04 11:08:45,528 middleware 1512693 139656672098112 should_redirect: user_authenticated=True, status=200, location=, result=False, path=/archives/api/person-detail/
[INFO] 2026-06-04 11:08:51,540 middleware 1512690 139656672098112 should_redirect: user_authenticated=True, status=200, location=, result=False, path=/components/person-search/
[INFO] 2026-06-04 11:08:52,288 middleware 1512692 139656672098112 should_redirect: user_authenticated=True, status=200, location=, result=False, path=/components/archive-tree-embed/
[INFO] 2026-06-04 11:08:52,370 middleware 1512691 139656672098112 should_redirect: user_authenticated=True, status=200, location=, result=False, path=/components/archive-tree/
[INFO] 2026-06-04 11:08:52,447 middleware 1512689 139656672098112 should_redirect: user_authenticated=True, status=200, location=, result=False, path=/components/scan-stats/
[INFO] 2026-06-04 11:08:55,277 middleware 1512691 139656672098112 should_redirect: user_authenticated=True, status=200, location=, result=False, path=/components/archive-tree/
[INFO] 2026-06-04 11:08:56,224 middleware 1512695 139656672098112 should_redirect: user_authenticated=True, status=200, location=, result=False, path=/archives/image/api/scan-check/
[INFO] 2026-06-04 11:08:57,423 middleware 1512695 139656672098112 should_redirect: user_authenticated=True, status=200, location=, result=False, path=/archives/image/api/scan-generate-pdf/
[INFO] 2026-06-04 11:08:57,437 middleware 1512695 139656672098112 should_redirect: user_authenticated=True, status=200, location=, result=False, path=/archives/image/api/scan-pdf/
[INFO] 2026-06-04 11:09:23,416 middleware 1512690 139656672098112 should_redirect: user_authenticated=True, status=200, location=, result=False, path=/components/person-search/
[INFO] 2026-06-04 11:09:25,012 middleware 1512693 139656672098112 should_redirect: user_authenticated=True, status=200, location=, result=False, path=/archives/person-basic/
[INFO] 2026-06-04 11:09:25,322 middleware 1512693 139656672098112 should_redirect: user_authenticated=True, status=200, location=, result=False, path=/archives/api/person-detail/
[INFO] 2026-06-04 11:09:32,235 middleware 1512688 139656672098112 should_redirect: user_authenticated=True, status=200, location=, result=False, path=/components/person-search/
[INFO] 2026-06-04 11:09:33,896 middleware 1512693 139656672098112 should_redirect: user_authenticated=True, status=200, location=, result=False, path=/components/archive-tree-embed/
[INFO] 2026-06-04 11:09:33,983 middleware 1512693 139656672098112 should_redirect: user_authenticated=True, status=200, location=, result=False, path=/components/archive-tree/
[INFO] 2026-06-04 11:09:34,044 middleware 1512695 139656672098112 should_redirect: user_authenticated=True, status=200, location=, result=False, path=/components/scan-stats/
[INFO] 2026-06-04 11:09:35,264 middleware 1512689 139656672098112 should_redirect: user_authenticated=True, status=200, location=, result=False, path=/components/archive-tree/
[INFO] 2026-06-04 11:09:36,381 middleware 1512691 139656672098112 should_redirect: user_authenticated=True, status=200, location=, result=False, path=/archives/image/api/scan-check/
[INFO] 2026-06-04 11:09:37,628 middleware 1512693 139656672098112 should_redirect: user_authenticated=True, status=200, location=, result=False, path=/archives/image/api/scan-generate-pdf/
[INFO] 2026-06-04 11:09:37,637 middleware 1512693 139656672098112 should_redirect: user_authenticated=True, status=200, location=, result=False, path=/archives/image/api/scan-pdf/
[INFO] 2026-06-04 11:13:27,442 middleware 1512688 139656672098112 should_redirect: user_authenticated=True, status=200, location=, result=False, path=/archivesSystem/api/files/list/
[INFO] 2026-06-04 11:13:29,989 middleware 1512690 139656672098112 should_redirect: user_authenticated=True, status=200, location=, result=False, path=/archivesSystem/api/files/list/
[INFO] 2026-06-04 11:13:42,249 middleware 1512693 139656672098112 should_redirect: user_authenticated=True, status=200, location=, result=False, path=/archivesSystem/api/files/download/
[INFO] 2026-06-04 11:13:45,886 middleware 1512691 139656672098112 should_redirect: user_authenticated=True, status=200, location=, result=False, path=/archivesSystem/api/files/download/
[INFO] 2026-06-04 11:13:46,194 middleware 1512695 139656672098112 should_redirect: user_authenticated=False, status=404, location=, result=False, path=/favicon.ico
[INFO] 2026-06-04 11:14:02,488 middleware 1512688 139656672098112 should_redirect: user_authenticated=True, status=200, location=, result=False, path=/archivesSystem/api/files/download/
[INFO] 2026-06-04 11:17:16,151 middleware 1512694 139656672098112 should_redirect: user_authenticated=True, status=200, location=, result=False, path=/components/person-search/
[INFO] 2026-06-04 11:17:17,826 middleware 1512692 139656672098112 should_redirect: user_authenticated=True, status=200, location=, result=False, path=/archives/person-basic/
[INFO] 2026-06-04 11:17:18,157 middleware 1512688 139656672098112 should_redirect: user_authenticated=True, status=200, location=, result=False, path=/archives/api/person-detail/
[INFO] 2026-06-04 11:17:24,253 middleware 1512689 139656672098112 should_redirect: user_authenticated=True, status=200, location=, result=False, path=/components/person-search/
[INFO] 2026-06-04 11:17:25,489 middleware 1512688 139656672098112 should_redirect: user_authenticated=True, status=200, location=, result=False, path=/components/archive-tree-embed/
[INFO] 2026-06-04 11:17:25,581 middleware 1512688 139656672098112 should_redirect: user_authenticated=True, status=200, location=, result=False, path=/components/archive-tree/
[INFO] 2026-06-04 11:17:25,666 middleware 1512695 139656672098112 should_redirect: user_authenticated=True, status=200, location=, result=False, path=/components/scan-stats/
[INFO] 2026-06-04 11:17:33,028 middleware 1512689 139656672098112 should_redirect: user_authenticated=True, status=200, location=, result=False, path=/archives/person-audit/
[INFO] 2026-06-04 11:17:33,301 middleware 1512689 139656672098112 should_redirect: user_authenticated=True, status=200, location=, result=False, path=/archives/api/audit/
[INFO] 2026-06-04 11:17:47,232 middleware 1512693 139656672098112 should_redirect: user_authenticated=True, status=200, location=, result=False, path=/archives/person-basic/
[INFO] 2026-06-04 11:17:47,601 middleware 1512693 139656672098112 should_redirect: user_authenticated=True, status=200, location=, result=False, path=/archives/api/person-detail/
[INFO] 2026-06-04 11:17:54,172 middleware 1512695 139656672098112 should_redirect: user_authenticated=True, status=200, location=, result=False, path=/components/archive-tree/
[INFO] 2026-06-04 11:17:55,962 middleware 1512695 139656672098112 should_redirect: user_authenticated=True, status=200, location=, result=False, path=/archives/image/api/scan-check/
[INFO] 2026-06-04 11:17:56,907 middleware 1512688 139656672098112 should_redirect: user_authenticated=True, status=200, location=, result=False, path=/archives/image/api/scan-generate-pdf/
[INFO] 2026-06-04 11:17:56,916 middleware 1512688 139656672098112 should_redirect: user_authenticated=True, status=200, location=, result=False, path=/archives/image/api/scan-pdf/
[INFO] 2026-06-04 11:18:02,220 middleware 1512690 139656672098112 should_redirect: user_authenticated=True, status=200, location=, result=False, path=/archives/image/api/scan-check/
[INFO] 2026-06-04 11:18:03,914 middleware 1512694 139656672098112 should_redirect: user_authenticated=True, status=200, location=, result=False, path=/archives/image/api/scan-generate-pdf/
[INFO] 2026-06-04 11:18:03,947 middleware 1512694 139656672098112 should_redirect: user_authenticated=True, status=200, location=, result=False, path=/archives/image/api/scan-pdf/
[INFO] 2026-06-04 11:18:22,152 middleware 1512689 139656672098112 should_redirect: user_authenticated=True, status=200, location=, result=False, path=/components/person-search/
[INFO] 2026-06-04 11:18:22,809 middleware 1512695 139656672098112 should_redirect: user_authenticated=True, status=200, location=, result=False, path=/archives/person-basic/
[INFO] 2026-06-04 11:18:23,114 middleware 1512695 139656672098112 should_redirect: user_authenticated=True, status=200, location=, result=False, path=/archives/api/person-detail/
[INFO] 2026-06-04 11:18:25,967 middleware 1512689 139656672098112 should_redirect: user_authenticated=True, status=200, location=, result=False, path=/components/person-search/
[INFO] 2026-06-04 11:18:34,822 middleware 1512688 139656672098112 should_redirect: user_authenticated=True, status=200, location=, result=False, path=/components/person-search/
[INFO] 2026-06-04 11:18:35,393 middleware 1512691 139656672098112 should_redirect: user_authenticated=True, status=200, location=, result=False, path=/components/archive-tree-embed/
[INFO] 2026-06-04 11:18:35,479 middleware 1512693 139656672098112 should_redirect: user_authenticated=True, status=200, location=, result=False, path=/components/archive-tree/
[INFO] 2026-06-04 11:18:35,559 middleware 1512694 139656672098112 should_redirect: user_authenticated=True, status=200, location=, result=False, path=/components/scan-stats/
[INFO] 2026-06-04 11:18:52,190 middleware 1512689 139656672098112 should_redirect: user_authenticated=True, status=200, location=, result=False, path=/components/archive-tree/
[INFO] 2026-06-04 11:18:53,187 middleware 1512692 139656672098112 should_redirect: user_authenticated=True, status=200, location=, result=False, path=/archives/image/api/scan-check/
[INFO] 2026-06-04 11:18:54,180 middleware 1512692 139656672098112 should_redirect: user_authenticated=True, status=200, location=, result=False, path=/archives/image/api/scan-generate-pdf/
[INFO] 2026-06-04 11:18:54,197 middleware 1512692 139656672098112 should_redirect: user_authenticated=True, status=200, location=, result=False, path=/archives/image/api/scan-pdf/
[INFO] 2026-06-04 11:18:57,162 middleware 1512694 139656672098112 should_redirect: user_authenticated=True, status=200, location=, result=False, path=/archives/image/api/scan-check/
[INFO] 2026-06-04 11:18:58,179 middleware 1512688 139656672098112 should_redirect: user_authenticated=True, status=200, location=, result=False, path=/archives/image/api/scan-generate-pdf/
[INFO] 2026-06-04 11:18:58,187 middleware 1512688 139656672098112 should_redirect: user_authenticated=True, status=200, location=, result=False, path=/archives/image/api/scan-pdf/
[INFO] 2026-06-04 11:19:13,300 middleware 1512695 139656672098112 should_redirect: user_authenticated=True, status=200, location=, result=False, path=/components/person-search/
[INFO] 2026-06-04 11:19:14,189 middleware 1512690 139656672098112 should_redirect: user_authenticated=True, status=200, location=, result=False, path=/archives/person-basic/
[INFO] 2026-06-04 11:19:14,704 middleware 1512692 139656672098112 should_redirect: user_authenticated=True, status=200, location=, result=False, path=/archives/api/person-detail/
[INFO] 2026-06-04 11:19:18,871 middleware 1512691 139656672098112 should_redirect: user_authenticated=True, status=200, location=, result=False, path=/components/person-search/
[INFO] 2026-06-04 11:19:27,740 middleware 1512692 139656672098112 should_redirect: user_authenticated=True, status=200, location=, result=False, path=/components/archive-tree-embed/
[INFO] 2026-06-04 11:19:27,811 middleware 1512692 139656672098112 should_redirect: user_authenticated=True, status=200, location=, result=False, path=/components/archive-tree/
[INFO] 2026-06-04 11:19:27,946 middleware 1512688 139656672098112 should_redirect: user_authenticated=True, status=200, location=, result=False, path=/components/scan-stats/
[INFO] 2026-06-04 11:19:29,431 middleware 1512689 139656672098112 should_redirect: user_authenticated=True, status=200, location=, result=False, path=/components/archive-tree/
[INFO] 2026-06-04 11:19:31,311 middleware 1512690 139656672098112 should_redirect: user_authenticated=True, status=200, location=, result=False, path=/archives/image/api/scan-check/
[INFO] 2026-06-04 11:19:33,453 middleware 1512695 139656672098112 should_redirect: user_authenticated=True, status=200, location=, result=False, path=/archives/image/api/scan-check/
[INFO] 2026-06-04 11:19:34,276 middleware 1512694 139656672098112 should_redirect: user_authenticated=True, status=200, location=, result=False, path=/archives/image/api/scan-check/
[INFO] 2026-06-04 11:19:34,668 middleware 1512688 139656672098112 should_redirect: user_authenticated=True, status=200, location=, result=False, path=/archives/image/api/scan-check/
[INFO] 2026-06-04 11:20:11,506 middleware 1512689 139656672098112 should_redirect: user_authenticated=True, status=200, location=, result=False, path=/components/person-search/
[INFO] 2026-06-04 11:20:12,169 middleware 1512692 139656672098112 should_redirect: user_authenticated=True, status=200, location=, result=False, path=/components/archive-tree-embed/
[INFO] 2026-06-04 11:20:12,250 middleware 1512694 139656672098112 should_redirect: user_authenticated=True, status=200, location=, result=False, path=/components/archive-tree/
[INFO] 2026-06-04 11:20:12,296 middleware 1512690 139656672098112 should_redirect: user_authenticated=True, status=200, location=, result=False, path=/components/scan-stats/
[INFO] 2026-06-04 11:20:21,322 middleware 1512689 139656672098112 should_redirect: user_authenticated=True, status=200, location=, result=False, path=/components/person-search/
[INFO] 2026-06-04 11:20:26,489 middleware 1512688 139656672098112 should_redirect: user_authenticated=True, status=200, location=, result=False, path=/archives/person-basic/
[INFO] 2026-06-04 11:20:26,796 middleware 1512692 139656672098112 should_redirect: user_authenticated=True, status=200, location=, result=False, path=/archives/api/person-detail/
[INFO] 2026-06-04 11:20:37,186 middleware 1512692 139656672098112 should_redirect: user_authenticated=True, status=200, location=, result=False, path=/components/archive-tree/
[INFO] 2026-06-04 11:20:40,328 middleware 1512689 139656672098112 should_redirect: user_authenticated=True, status=200, location=, result=False, path=/archives/image/api/scan-check/
[INFO] 2026-06-04 11:20:42,439 middleware 1512690 139656672098112 should_redirect: user_authenticated=True, status=200, location=, result=False, path=/archives/image/api/scan-check/
[INFO] 2026-06-04 11:20:43,063 middleware 1512695 139656672098112 should_redirect: user_authenticated=True, status=200, location=, result=False, path=/archives/image/api/scan-check/
[INFO] 2026-06-04 11:20:44,180 middleware 1512688 139656672098112 should_redirect: user_authenticated=True, status=200, location=, result=False, path=/archives/image/api/scan-check/
[INFO] 2026-06-04 11:20:44,411 middleware 1512688 139656672098112 should_redirect: user_authenticated=True, status=200, location=, result=False, path=/archives/image/api/scan-check/
[INFO] 2026-06-04 11:23:36,551 middleware 1512688 139656672098112 should_redirect: user_authenticated=True, status=200, location=, result=False, path=/archivesSystem/api/files/manage/save/
[INFO] 2026-06-04 11:23:36,615 middleware 1512688 139656672098112 should_redirect: user_authenticated=True, status=200, location=, result=False, path=/archivesSystem/api/files/manage/list/
[INFO] 2026-06-04 11:23:37,981 middleware 1512691 139656672098112 should_redirect: user_authenticated=True, status=200, location=, result=False, path=/archivesSystem/files/dialog/edit/
[INFO] 2026-06-04 11:23:37,998 middleware 1512690 139656672098112 should_redirect: user_authenticated=True, status=200, location=, result=False, path=/archivesSystem/api/files/manage/persons/
[INFO] 2026-06-04 11:23:38,056 middleware 1512690 139656672098112 should_redirect: user_authenticated=True, status=200, location=, result=False, path=/archivesSystem/api/files/download/
[INFO] 2026-06-04 11:23:38,083 middleware 1512690 139656672098112 should_redirect: user_authenticated=True, status=200, location=, result=False, path=/archivesSystem/api/files/manage/persons/
[INFO] 2026-06-04 11:24:10,450 middleware 1512690 139656672098112 should_redirect: user_authenticated=True, status=200, location=, result=False, path=/archivesSystem/api/files/manage/save/
[INFO] 2026-06-04 11:24:10,518 middleware 1512690 139656672098112 should_redirect: user_authenticated=True, status=200, location=, result=False, path=/archivesSystem/api/files/manage/list/
[INFO] 2026-06-04 11:24:11,678 middleware 1512694 139656672098112 should_redirect: user_authenticated=True, status=200, location=, result=False, path=/archivesSystem/files/dialog/edit/
[INFO] 2026-06-04 11:24:11,694 middleware 1512689 139656672098112 should_redirect: user_authenticated=True, status=200, location=, result=False, path=/archivesSystem/api/files/manage/persons/
[INFO] 2026-06-04 11:24:11,728 middleware 1512689 139656672098112 should_redirect: user_authenticated=True, status=200, location=, result=False, path=/archivesSystem/api/files/download/
[INFO] 2026-06-04 11:24:11,775 middleware 1512689 139656672098112 should_redirect: user_authenticated=True, status=200, location=, result=False, path=/archivesSystem/api/files/manage/persons/
[INFO] 2026-06-04 11:24:34,797 middleware 1512688 139656672098112 should_redirect: user_authenticated=True, status=200, location=, result=False, path=/archivesSystem/api/files/manage/save/
[INFO] 2026-06-04 11:24:34,863 middleware 1512688 139656672098112 should_redirect: user_authenticated=True, status=200, location=, result=False, path=/archivesSystem/api/files/manage/list/
[INFO] 2026-06-04 11:24:35,814 middleware 1512691 139656672098112 should_redirect: user_authenticated=True, status=200, location=, result=False, path=/archivesSystem/files/dialog/edit/
[INFO] 2026-06-04 11:24:35,833 middleware 1512692 139656672098112 should_redirect: user_authenticated=True, status=200, location=, result=False, path=/archivesSystem/api/files/manage/persons/
[INFO] 2026-06-04 11:24:35,864 middleware 1512692 139656672098112 should_redirect: user_authenticated=True, status=200, location=, result=False, path=/archivesSystem/api/files/download/
[INFO] 2026-06-04 11:24:35,929 middleware 1512695 139656672098112 should_redirect: user_authenticated=True, status=200, location=, result=False, path=/archivesSystem/api/files/manage/persons/
[INFO] 2026-06-04 11:25:02,140 middleware 1512689 139656672098112 should_redirect: user_authenticated=True, status=200, location=, result=False, path=/archivesSystem/api/files/manage/save/
[INFO] 2026-06-04 11:25:02,202 middleware 1512689 139656672098112 should_redirect: user_authenticated=True, status=200, location=, result=False, path=/archivesSystem/api/files/manage/list/
[INFO] 2026-06-04 11:25:03,301 middleware 1512688 139656672098112 should_redirect: user_authenticated=True, status=200, location=, result=False, path=/archivesSystem/files/dialog/edit/
[INFO] 2026-06-04 11:25:03,319 middleware 1512690 139656672098112 should_redirect: user_authenticated=True, status=200, location=, result=False, path=/archivesSystem/api/files/manage/persons/
[INFO] 2026-06-04 11:25:03,370 middleware 1512692 139656672098112 should_redirect: user_authenticated=True, status=200, location=, result=False, path=/archivesSystem/api/files/download/
[INFO] 2026-06-04 11:25:03,395 middleware 1512692 139656672098112 should_redirect: user_authenticated=True, status=200, location=, result=False, path=/archivesSystem/api/files/manage/persons/
[INFO] 2026-06-04 11:25:20,012 middleware 1512695 139656672098112 should_redirect: user_authenticated=True, status=200, location=, result=False, path=/archivesSystem/api/files/manage/save/
[INFO] 2026-06-04 11:25:20,091 middleware 1512689 139656672098112 should_redirect: user_authenticated=True, status=200, location=, result=False, path=/archivesSystem/api/files/manage/list/
[INFO] 2026-06-04 11:25:21,350 middleware 1512688 139656672098112 should_redirect: user_authenticated=True, status=200, location=, result=False, path=/archivesSystem/files/dialog/edit/
[INFO] 2026-06-04 11:25:21,368 middleware 1512692 139656672098112 should_redirect: user_authenticated=True, status=200, location=, result=False, path=/archivesSystem/api/files/manage/persons/
[INFO] 2026-06-04 11:25:21,417 middleware 1512689 139656672098112 should_redirect: user_authenticated=True, status=200, location=, result=False, path=/archivesSystem/api/files/download/
[INFO] 2026-06-04 11:25:21,442 middleware 1512689 139656672098112 should_redirect: user_authenticated=True, status=200, location=, result=False, path=/archivesSystem/api/files/manage/persons/
[INFO] 2026-06-04 11:25:22,077 middleware 1512691 139656672098112 should_redirect: user_authenticated=True, status=200, location=, result=False, path=/archivesSystem/files/dialog/edit/
[INFO] 2026-06-04 11:25:22,095 middleware 1512695 139656672098112 should_redirect: user_authenticated=True, status=200, location=, result=False, path=/archivesSystem/api/files/manage/persons/
[INFO] 2026-06-04 11:25:22,127 middleware 1512695 139656672098112 should_redirect: user_authenticated=True, status=200, location=, result=False, path=/archivesSystem/api/files/download/
[INFO] 2026-06-04 11:25:22,203 middleware 1512694 139656672098112 should_redirect: user_authenticated=True, status=200, location=, result=False, path=/archivesSystem/api/files/manage/persons/
[INFO] 2026-06-04 11:26:56,938 middleware 1512689 139656672098112 should_redirect: user_authenticated=True, status=200, location=, result=False, path=/archivesSystem/api/files/manage/save/
[INFO] 2026-06-04 11:26:57,013 middleware 1512689 139656672098112 should_redirect: user_authenticated=True, status=200, location=, result=False, path=/archivesSystem/api/files/manage/list/
[INFO] 2026-06-04 11:26:58,832 middleware 1512688 139656672098112 should_redirect: user_authenticated=True, status=200, location=, result=False, path=/archivesSystem/files/dialog/edit/
[INFO] 2026-06-04 11:26:58,852 middleware 1512694 139656672098112 should_redirect: user_authenticated=True, status=200, location=, result=False, path=/archivesSystem/api/files/manage/persons/
[INFO] 2026-06-04 11:26:58,882 middleware 1512694 139656672098112 should_redirect: user_authenticated=True, status=200, location=, result=False, path=/archivesSystem/api/files/download/
[INFO] 2026-06-04 11:26:58,949 middleware 1512691 139656672098112 should_redirect: user_authenticated=True, status=200, location=, result=False, path=/archivesSystem/api/files/manage/persons/
[INFO] 2026-06-04 11:27:25,002 middleware 1512689 139656672098112 should_redirect: user_authenticated=True, status=200, location=, result=False, path=/archivesSystem/api/files/manage/save/
[INFO] 2026-06-04 11:27:25,074 middleware 1512689 139656672098112 should_redirect: user_authenticated=True, status=200, location=, result=False, path=/archivesSystem/api/files/manage/list/
[INFO] 2026-06-04 11:27:26,074 middleware 1512693 139656672098112 should_redirect: user_authenticated=True, status=200, location=, result=False, path=/archivesSystem/files/dialog/edit/
[INFO] 2026-06-04 11:27:26,092 middleware 1512692 139656672098112 should_redirect: user_authenticated=True, status=200, location=, result=False, path=/archivesSystem/api/files/manage/persons/
[INFO] 2026-06-04 11:27:26,121 middleware 1512692 139656672098112 should_redirect: user_authenticated=True, status=200, location=, result=False, path=/archivesSystem/api/files/download/
[INFO] 2026-06-04 11:27:26,166 middleware 1512692 139656672098112 should_redirect: user_authenticated=True, status=200, location=, result=False, path=/archivesSystem/api/files/manage/persons/
[INFO] 2026-06-04 11:27:42,224 middleware 1512689 139656672098112 should_redirect: user_authenticated=True, status=200, location=, result=False, path=/archivesSystem/api/files/manage/save/
[INFO] 2026-06-04 11:27:42,300 middleware 1512694 139656672098112 should_redirect: user_authenticated=True, status=200, location=, result=False, path=/archivesSystem/api/files/manage/list/
[INFO] 2026-06-04 11:27:43,394 middleware 1512688 139656672098112 should_redirect: user_authenticated=True, status=200, location=, result=False, path=/archivesSystem/files/dialog/edit/
[INFO] 2026-06-04 11:27:43,409 middleware 1512691 139656672098112 should_redirect: user_authenticated=True, status=200, location=, result=False, path=/archivesSystem/api/files/manage/persons/
[INFO] 2026-06-04 11:27:43,444 middleware 1512691 139656672098112 should_redirect: user_authenticated=True, status=200, location=, result=False, path=/archivesSystem/api/files/download/
[INFO] 2026-06-04 11:27:43,520 middleware 1512691 139656672098112 should_redirect: user_authenticated=True, status=200, location=, result=False, path=/archivesSystem/api/files/manage/persons/
[INFO] 2026-06-04 11:28:00,813 middleware 1512694 139656672098112 should_redirect: user_authenticated=True, status=200, location=, result=False, path=/archivesSystem/api/files/manage/save/
[INFO] 2026-06-04 11:28:00,859 middleware 1512694 139656672098112 should_redirect: user_authenticated=True, status=200, location=, result=False, path=/archivesSystem/api/files/manage/list/
[INFO] 2026-06-04 11:28:03,536 middleware 1512692 139656672098112 should_redirect: user_authenticated=True, status=200, location=, result=False, path=/archivesSystem/files/dialog/edit/
[INFO] 2026-06-04 11:28:03,558 middleware 1512695 139656672098112 should_redirect: user_authenticated=True, status=200, location=, result=False, path=/archivesSystem/api/files/manage/persons/
[INFO] 2026-06-04 11:28:03,603 middleware 1512694 139656672098112 should_redirect: user_authenticated=True, status=200, location=, result=False, path=/archivesSystem/api/files/download/
[INFO] 2026-06-04 11:28:03,628 middleware 1512694 139656672098112 should_redirect: user_authenticated=True, status=200, location=, result=False, path=/archivesSystem/api/files/manage/persons/
[INFO] 2026-06-04 11:28:27,449 middleware 1512692 139656672098112 should_redirect: user_authenticated=True, status=200, location=, result=False, path=/archivesSystem/api/files/manage/save/
[INFO] 2026-06-04 11:28:27,510 middleware 1512692 139656672098112 should_redirect: user_authenticated=True, status=200, location=, result=False, path=/archivesSystem/api/files/manage/list/
[INFO] 2026-06-04 11:28:31,098 middleware 1512691 139656672098112 should_redirect: user_authenticated=True, status=200, location=, result=False, path=/archivesSystem/files/dialog/edit/
[INFO] 2026-06-04 11:28:31,115 middleware 1512692 139656672098112 should_redirect: user_authenticated=True, status=200, location=, result=False, path=/archivesSystem/api/files/manage/persons/
[INFO] 2026-06-04 11:28:31,167 middleware 1512691 139656672098112 should_redirect: user_authenticated=True, status=200, location=, result=False, path=/archivesSystem/api/files/download/
[INFO] 2026-06-04 11:28:31,212 middleware 1512692 139656672098112 should_redirect: user_authenticated=True, status=200, location=, result=False, path=/archivesSystem/api/files/manage/persons/
[INFO] 2026-06-04 11:28:40,394 middleware 1512688 139656672098112 should_redirect: user_authenticated=True, status=200, location=, result=False, path=/archivesSystem/files/dialog/edit/
[INFO] 2026-06-04 11:28:40,406 middleware 1512693 139656672098112 should_redirect: user_authenticated=True, status=200, location=, result=False, path=/archivesSystem/api/files/manage/persons/
[INFO] 2026-06-04 11:28:40,446 middleware 1512693 139656672098112 should_redirect: user_authenticated=True, status=200, location=, result=False, path=/archivesSystem/api/files/download/
[INFO] 2026-06-04 11:28:40,516 middleware 1512691 139656672098112 should_redirect: user_authenticated=True, status=200, location=, result=False, path=/archivesSystem/api/files/manage/persons/
[INFO] 2026-06-04 11:28:42,789 middleware 1512688 139656672098112 should_redirect: user_authenticated=True, status=200, location=, result=False, path=/archivesSystem/files/dialog/edit/
[INFO] 2026-06-04 11:28:42,806 middleware 1512695 139656672098112 should_redirect: user_authenticated=True, status=200, location=, result=False, path=/archivesSystem/api/files/manage/persons/
[INFO] 2026-06-04 11:28:42,858 middleware 1512693 139656672098112 should_redirect: user_authenticated=True, status=200, location=, result=False, path=/archivesSystem/api/files/download/
[INFO] 2026-06-04 11:28:42,901 middleware 1512692 139656672098112 should_redirect: user_authenticated=True, status=200, location=, result=False, path=/archivesSystem/api/files/manage/persons/
[INFO] 2026-06-04 11:28:46,346 middleware 1512693 139656672098112 should_redirect: user_authenticated=True, status=200, location=, result=False, path=/archivesSystem/files/dialog/edit/
[INFO] 2026-06-04 11:28:46,364 middleware 1512688 139656672098112 should_redirect: user_authenticated=True, status=200, location=, result=False, path=/archivesSystem/api/files/manage/persons/
[INFO] 2026-06-04 11:28:46,417 middleware 1512694 139656672098112 should_redirect: user_authenticated=True, status=200, location=, result=False, path=/archivesSystem/api/files/download/
[INFO] 2026-06-04 11:28:46,442 middleware 1512694 139656672098112 should_redirect: user_authenticated=True, status=200, location=, result=False, path=/archivesSystem/api/files/manage/persons/
[INFO] 2026-06-04 11:28:49,429 middleware 1512688 139656672098112 should_redirect: user_authenticated=True, status=200, location=, result=False, path=/archivesSystem/files/dialog/edit/
[INFO] 2026-06-04 11:28:49,446 middleware 1512692 139656672098112 should_redirect: user_authenticated=True, status=200, location=, result=False, path=/archivesSystem/api/files/manage/persons/
[INFO] 2026-06-04 11:28:49,486 middleware 1512693 139656672098112 should_redirect: user_authenticated=True, status=200, location=, result=False, path=/archivesSystem/api/files/download/
[INFO] 2026-06-04 11:28:49,537 middleware 1512693 139656672098112 should_redirect: user_authenticated=True, status=200, location=, result=False, path=/archivesSystem/api/files/manage/persons/
[INFO] 2026-06-04 11:28:50,868 middleware 1512695 139656672098112 should_redirect: user_authenticated=True, status=200, location=, result=False, path=/archivesSystem/files/dialog/edit/
[INFO] 2026-06-04 11:28:50,885 middleware 1512688 139656672098112 should_redirect: user_authenticated=True, status=200, location=, result=False, path=/archivesSystem/api/files/manage/persons/
[INFO] 2026-06-04 11:28:51,348 middleware 1512688 139656672098112 should_redirect: user_authenticated=True, status=200, location=, result=False, path=/archivesSystem/api/files/download/
[INFO] 2026-06-04 11:28:51,473 middleware 1512688 139656672098112 should_redirect: user_authenticated=True, status=200, location=, result=False, path=/archivesSystem/api/files/manage/persons/
[INFO] 2026-06-04 11:29:05,810 middleware 1512691 139656672098112 should_redirect: user_authenticated=True, status=200, location=, result=False, path=/archivesSystem/api/files/manage/save/
[INFO] 2026-06-04 11:29:05,864 middleware 1512691 139656672098112 should_redirect: user_authenticated=True, status=200, location=, result=False, path=/archivesSystem/api/files/manage/list/
[INFO] 2026-06-04 11:29:09,587 middleware 1512692 139656672098112 should_redirect: user_authenticated=True, status=200, location=, result=False, path=/archivesSystem/files/dialog/edit/
[INFO] 2026-06-04 11:29:09,605 middleware 1512689 139656672098112 should_redirect: user_authenticated=True, status=200, location=, result=False, path=/archivesSystem/api/files/manage/persons/
[INFO] 2026-06-04 11:29:09,659 middleware 1512688 139656672098112 should_redirect: user_authenticated=True, status=200, location=, result=False, path=/archivesSystem/api/files/download/
[INFO] 2026-06-04 11:29:09,685 middleware 1512688 139656672098112 should_redirect: user_authenticated=True, status=200, location=, result=False, path=/archivesSystem/api/files/manage/persons/
[INFO] 2026-06-04 11:29:25,320 middleware 1512691 139656672098112 should_redirect: user_authenticated=True, status=200, location=, result=False, path=/archivesSystem/api/files/manage/save/
[INFO] 2026-06-04 11:29:25,408 middleware 1512688 139656672098112 should_redirect: user_authenticated=True, status=200, location=, result=False, path=/archivesSystem/api/files/manage/list/
[INFO] 2026-06-04 11:29:26,427 middleware 1512692 139656672098112 should_redirect: user_authenticated=True, status=200, location=, result=False, path=/archivesSystem/files/dialog/edit/
[INFO] 2026-06-04 11:29:26,445 middleware 1512689 139656672098112 should_redirect: user_authenticated=True, status=200, location=, result=False, path=/archivesSystem/api/files/manage/persons/
[INFO] 2026-06-04 11:29:26,497 middleware 1512688 139656672098112 should_redirect: user_authenticated=True, status=200, location=, result=False, path=/archivesSystem/api/files/download/
[INFO] 2026-06-04 11:29:26,544 middleware 1512693 139656672098112 should_redirect: user_authenticated=True, status=200, location=, result=False, path=/archivesSystem/api/files/manage/persons/
[INFO] 2026-06-04 11:29:46,270 middleware 1512689 139656672098112 should_redirect: user_authenticated=True, status=200, location=, result=False, path=/archivesSystem/api/files/manage/save/
[INFO] 2026-06-04 11:29:46,342 middleware 1512689 139656672098112 should_redirect: user_authenticated=True, status=200, location=, result=False, path=/archivesSystem/api/files/manage/list/
[INFO] 2026-06-04 11:29:47,279 middleware 1512693 139656672098112 should_redirect: user_authenticated=True, status=200, location=, result=False, path=/archivesSystem/files/dialog/edit/
[INFO] 2026-06-04 11:29:47,293 middleware 1512694 139656672098112 should_redirect: user_authenticated=True, status=200, location=, result=False, path=/archivesSystem/api/files/manage/persons/
[INFO] 2026-06-04 11:29:47,329 middleware 1512694 139656672098112 should_redirect: user_authenticated=True, status=200, location=, result=False, path=/archivesSystem/api/files/download/
[INFO] 2026-06-04 11:29:47,397 middleware 1512688 139656672098112 should_redirect: user_authenticated=True, status=200, location=, result=False, path=/archivesSystem/api/files/manage/persons/
[INFO] 2026-06-04 11:30:04,038 middleware 1512688 139656672098112 should_redirect: user_authenticated=True, status=200, location=, result=False, path=/archivesSystem/api/files/manage/save/
[INFO] 2026-06-04 11:30:04,122 middleware 1512689 139656672098112 should_redirect: user_authenticated=True, status=200, location=, result=False, path=/archivesSystem/api/files/manage/list/
[INFO] 2026-06-04 11:30:05,052 middleware 1512695 139656672098112 should_redirect: user_authenticated=True, status=200, location=, result=False, path=/archivesSystem/files/dialog/edit/
[INFO] 2026-06-04 11:30:05,070 middleware 1512693 139656672098112 should_redirect: user_authenticated=True, status=200, location=, result=False, path=/archivesSystem/api/files/manage/persons/
[INFO] 2026-06-04 11:30:05,106 middleware 1512693 139656672098112 should_redirect: user_authenticated=True, status=200, location=, result=False, path=/archivesSystem/api/files/download/
[INFO] 2026-06-04 11:30:05,154 middleware 1512693 139656672098112 should_redirect: user_authenticated=True, status=200, location=, result=False, path=/archivesSystem/api/files/manage/persons/
[INFO] 2026-06-04 11:30:29,855 middleware 1512688 139656672098112 should_redirect: user_authenticated=True, status=200, location=, result=False, path=/archivesSystem/api/files/manage/save/
[INFO] 2026-06-04 11:30:29,945 middleware 1512691 139656672098112 should_redirect: user_authenticated=True, status=200, location=, result=False, path=/archivesSystem/api/files/manage/list/
[INFO] 2026-06-04 11:30:30,982 middleware 1512691 139656672098112 should_redirect: user_authenticated=True, status=200, location=, result=False, path=/archivesSystem/files/dialog/edit/
[INFO] 2026-06-04 11:30:30,999 middleware 1512693 139656672098112 should_redirect: user_authenticated=True, status=200, location=, result=False, path=/archivesSystem/api/files/manage/persons/
[INFO] 2026-06-04 11:30:31,054 middleware 1512693 139656672098112 should_redirect: user_authenticated=True, status=200, location=, result=False, path=/archivesSystem/api/files/download/
[INFO] 2026-06-04 11:30:31,100 middleware 1512692 139656672098112 should_redirect: user_authenticated=True, status=200, location=, result=False, path=/archivesSystem/api/files/manage/persons/
[INFO] 2026-06-04 11:30:51,049 middleware 1512690 139656672098112 should_redirect: user_authenticated=True, status=200, location=, result=False, path=/archivesSystem/api/files/manage/save/
[INFO] 2026-06-04 11:30:51,115 middleware 1512690 139656672098112 should_redirect: user_authenticated=True, status=200, location=, result=False, path=/archivesSystem/api/files/manage/list/
[INFO] 2026-06-04 11:30:52,229 middleware 1512690 139656672098112 should_redirect: user_authenticated=True, status=200, location=, result=False, path=/archivesSystem/files/dialog/edit/
[INFO] 2026-06-04 11:30:52,246 middleware 1512689 139656672098112 should_redirect: user_authenticated=True, status=200, location=, result=False, path=/archivesSystem/api/files/manage/persons/
[INFO] 2026-06-04 11:30:52,279 middleware 1512689 139656672098112 should_redirect: user_authenticated=True, status=200, location=, result=False, path=/archivesSystem/api/files/download/
[INFO] 2026-06-04 11:30:52,323 middleware 1512689 139656672098112 should_redirect: user_authenticated=True, status=200, location=, result=False, path=/archivesSystem/api/files/manage/persons/
[INFO] 2026-06-04 11:31:50,691 middleware 1512690 139656672098112 should_redirect: user_authenticated=True, status=200, location=, result=False, path=/archivesSystem/api/files/manage/save/
[INFO] 2026-06-04 11:31:50,773 middleware 1512693 139656672098112 should_redirect: user_authenticated=True, status=200, location=, result=False, path=/archivesSystem/api/files/manage/list/
[INFO] 2026-06-04 11:33:27,846 middleware 1512693 139656672098112 should_redirect: user_authenticated=True, status=200, location=, result=False, path=/archivesSystem/files/dialog/edit/
[INFO] 2026-06-04 11:33:27,869 middleware 1512695 139656672098112 should_redirect: user_authenticated=True, status=200, location=, result=False, path=/archivesSystem/api/files/manage/persons/
[INFO] 2026-06-04 11:33:27,895 middleware 1512695 139656672098112 should_redirect: user_authenticated=True, status=200, location=, result=False, path=/archivesSystem/api/files/download/
[INFO] 2026-06-04 11:33:27,942 middleware 1512695 139656672098112 should_redirect: user_authenticated=True, status=200, location=, result=False, path=/archivesSystem/api/files/manage/persons/
[INFO] 2026-06-04 11:33:44,494 middleware 1512688 139656672098112 should_redirect: user_authenticated=True, status=200, location=, result=False, path=/archivesSystem/api/files/manage/save/
[INFO] 2026-06-04 11:33:44,579 middleware 1512690 139656672098112 should_redirect: user_authenticated=True, status=200, location=, result=False, path=/archivesSystem/api/files/manage/list/
[INFO] 2026-06-04 11:34:25,954 middleware 1512695 139656672098112 should_redirect: user_authenticated=True, status=200, location=, result=False, path=/archivesSystem/files/dialog/edit/
[INFO] 2026-06-04 11:34:25,971 middleware 1512693 139656672098112 should_redirect: user_authenticated=True, status=200, location=, result=False, path=/archivesSystem/api/files/manage/persons/
[INFO] 2026-06-04 11:34:26,023 middleware 1512695 139656672098112 should_redirect: user_authenticated=True, status=200, location=, result=False, path=/archivesSystem/api/files/download/
[INFO] 2026-06-04 11:34:26,050 middleware 1512695 139656672098112 should_redirect: user_authenticated=True, status=200, location=, result=False, path=/archivesSystem/api/files/manage/persons/
[INFO] 2026-06-04 11:34:43,648 middleware 1512691 139656672098112 should_redirect: user_authenticated=True, status=200, location=, result=False, path=/archivesSystem/api/files/manage/save/
[INFO] 2026-06-04 11:34:43,708 middleware 1512691 139656672098112 should_redirect: user_authenticated=True, status=200, location=, result=False, path=/archivesSystem/api/files/manage/list/
[INFO] 2026-06-04 11:35:04,546 middleware 1512690 139656672098112 should_redirect: user_authenticated=True, status=200, location=, result=False, path=/archivesSystem/files/dialog/edit/
[INFO] 2026-06-04 11:35:04,564 middleware 1512692 139656672098112 should_redirect: user_authenticated=True, status=200, location=, result=False, path=/archivesSystem/api/files/manage/persons/
[INFO] 2026-06-04 11:35:04,614 middleware 1512688 139656672098112 should_redirect: user_authenticated=True, status=200, location=, result=False, path=/archivesSystem/api/files/download/
[INFO] 2026-06-04 11:35:04,666 middleware 1512695 139656672098112 should_redirect: user_authenticated=True, status=200, location=, result=False, path=/archivesSystem/api/files/manage/persons/
[INFO] 2026-06-04 11:35:23,385 middleware 1512694 139656672098112 should_redirect: user_authenticated=True, status=200, location=, result=False, path=/archivesSystem/api/files/manage/save/
[INFO] 2026-06-04 11:35:23,449 middleware 1512694 139656672098112 should_redirect: user_authenticated=True, status=200, location=, result=False, path=/archivesSystem/api/files/manage/list/
[INFO] 2026-06-04 11:35:24,779 middleware 1512693 139656672098112 should_redirect: user_authenticated=True, status=200, location=, result=False, path=/archivesSystem/files/dialog/edit/
[INFO] 2026-06-04 11:35:24,796 middleware 1512688 139656672098112 should_redirect: user_authenticated=True, status=200, location=, result=False, path=/archivesSystem/api/files/manage/persons/
[INFO] 2026-06-04 11:35:24,847 middleware 1512691 139656672098112 should_redirect: user_authenticated=True, status=200, location=, result=False, path=/archivesSystem/api/files/download/
[INFO] 2026-06-04 11:35:24,874 middleware 1512691 139656672098112 should_redirect: user_authenticated=True, status=200, location=, result=False, path=/archivesSystem/api/files/manage/persons/
[INFO] 2026-06-04 11:35:35,233 middleware 1512691 139656672098112 should_redirect: user_authenticated=True, status=200, location=, result=False, path=/archivesSystem/api/files/manage/save/
[INFO] 2026-06-04 11:35:35,295 middleware 1512691 139656672098112 should_redirect: user_authenticated=True, status=200, location=, result=False, path=/archivesSystem/api/files/manage/list/
[INFO] 2026-06-04 11:35:36,458 middleware 1512689 139656672098112 should_redirect: user_authenticated=True, status=200, location=, result=False, path=/archivesSystem/files/dialog/edit/
[INFO] 2026-06-04 11:35:36,476 middleware 1512688 139656672098112 should_redirect: user_authenticated=True, status=200, location=, result=False, path=/archivesSystem/api/files/manage/persons/
[INFO] 2026-06-04 11:35:36,507 middleware 1512688 139656672098112 should_redirect: user_authenticated=True, status=200, location=, result=False, path=/archivesSystem/api/files/download/
[INFO] 2026-06-04 11:35:36,575 middleware 1512690 139656672098112 should_redirect: user_authenticated=True, status=200, location=, result=False, path=/archivesSystem/api/files/manage/persons/
[INFO] 2026-06-04 11:35:59,187 middleware 1512692 139656672098112 should_redirect: user_authenticated=True, status=200, location=, result=False, path=/archivesSystem/api/files/manage/save/
[INFO] 2026-06-04 11:35:59,256 middleware 1512695 139656672098112 should_redirect: user_authenticated=True, status=200, location=, result=False, path=/archivesSystem/api/files/manage/list/
[INFO] 2026-06-04 11:36:00,243 middleware 1512689 139656672098112 should_redirect: user_authenticated=True, status=200, location=, result=False, path=/archivesSystem/files/dialog/edit/
[INFO] 2026-06-04 11:36:00,259 middleware 1512692 139656672098112 should_redirect: user_authenticated=True, status=200, location=, result=False, path=/archivesSystem/api/files/manage/persons/
[INFO] 2026-06-04 11:36:00,313 middleware 1512690 139656672098112 should_redirect: user_authenticated=True, status=200, location=, result=False, path=/archivesSystem/api/files/download/
[INFO] 2026-06-04 11:36:00,356 middleware 1512691 139656672098112 should_redirect: user_authenticated=True, status=200, location=, result=False, path=/archivesSystem/api/files/manage/persons/
[INFO] 2026-06-04 11:36:13,762 middleware 1512690 139656672098112 should_redirect: user_authenticated=True, status=200, location=, result=False, path=/archivesSystem/api/files/manage/save/
[INFO] 2026-06-04 11:36:13,827 middleware 1512690 139656672098112 should_redirect: user_authenticated=True, status=200, location=, result=False, path=/archivesSystem/api/files/manage/list/
[INFO] 2026-06-04 11:36:15,028 middleware 1512695 139656672098112 should_redirect: user_authenticated=True, status=200, location=, result=False, path=/archivesSystem/files/dialog/edit/
[INFO] 2026-06-04 11:36:15,046 middleware 1512692 139656672098112 should_redirect: user_authenticated=True, status=200, location=, result=False, path=/archivesSystem/api/files/manage/persons/
[INFO] 2026-06-04 11:36:15,078 middleware 1512692 139656672098112 should_redirect: user_authenticated=True, status=200, location=, result=False, path=/archivesSystem/api/files/download/
[INFO] 2026-06-04 11:36:15,144 middleware 1512693 139656672098112 should_redirect: user_authenticated=True, status=200, location=, result=False, path=/archivesSystem/api/files/manage/persons/
[INFO] 2026-06-04 11:36:31,224 middleware 1512694 139656672098112 should_redirect: user_authenticated=True, status=200, location=, result=False, path=/archivesSystem/api/files/manage/save/
[INFO] 2026-06-04 11:36:31,301 middleware 1512694 139656672098112 should_redirect: user_authenticated=True, status=200, location=, result=False, path=/archivesSystem/api/files/manage/list/
[INFO] 2026-06-04 11:36:32,308 middleware 1512695 139656672098112 should_redirect: user_authenticated=True, status=200, location=, result=False, path=/archivesSystem/files/dialog/edit/
[INFO] 2026-06-04 11:36:32,325 middleware 1512689 139656672098112 should_redirect: user_authenticated=True, status=200, location=, result=False, path=/archivesSystem/api/files/manage/persons/
[INFO] 2026-06-04 11:36:32,357 middleware 1512689 139656672098112 should_redirect: user_authenticated=True, status=200, location=, result=False, path=/archivesSystem/api/files/download/
[INFO] 2026-06-04 11:36:32,401 middleware 1512689 139656672098112 should_redirect: user_authenticated=True, status=200, location=, result=False, path=/archivesSystem/api/files/manage/persons/
[INFO] 2026-06-04 11:37:02,378 middleware 1512694 139656672098112 should_redirect: user_authenticated=True, status=200, location=, result=False, path=/archivesSystem/api/files/manage/save/
[INFO] 2026-06-04 11:37:02,451 middleware 1512689 139656672098112 should_redirect: user_authenticated=True, status=200, location=, result=False, path=/archivesSystem/api/files/manage/list/
[INFO] 2026-06-04 11:37:03,444 middleware 1512692 139656672098112 should_redirect: user_authenticated=True, status=200, location=, result=False, path=/archivesSystem/files/dialog/edit/
[INFO] 2026-06-04 11:37:03,462 middleware 1512690 139656672098112 should_redirect: user_authenticated=True, status=200, location=, result=False, path=/archivesSystem/api/files/manage/persons/
[INFO] 2026-06-04 11:37:03,493 middleware 1512690 139656672098112 should_redirect: user_authenticated=True, status=200, location=, result=False, path=/archivesSystem/api/files/download/
[INFO] 2026-06-04 11:37:03,562 middleware 1512688 139656672098112 should_redirect: user_authenticated=True, status=200, location=, result=False, path=/archivesSystem/api/files/manage/persons/
[INFO] 2026-06-04 11:37:28,685 middleware 1512694 139656672098112 should_redirect: user_authenticated=True, status=200, location=, result=False, path=/archivesSystem/api/files/manage/save/
[INFO] 2026-06-04 11:37:28,748 middleware 1512694 139656672098112 should_redirect: user_authenticated=True, status=200, location=, result=False, path=/archivesSystem/api/files/manage/list/
[INFO] 2026-06-04 11:37:29,888 middleware 1512692 139656672098112 should_redirect: user_authenticated=True, status=200, location=, result=False, path=/archivesSystem/files/dialog/edit/
[INFO] 2026-06-04 11:37:29,903 middleware 1512688 139656672098112 should_redirect: user_authenticated=True, status=200, location=, result=False, path=/archivesSystem/api/files/manage/persons/
[INFO] 2026-06-04 11:37:29,928 middleware 1512688 139656672098112 should_redirect: user_authenticated=True, status=200, location=, result=False, path=/archivesSystem/api/files/download/
[INFO] 2026-06-04 11:37:29,998 middleware 1512688 139656672098112 should_redirect: user_authenticated=True, status=200, location=, result=False, path=/archivesSystem/api/files/manage/persons/
[INFO] 2026-06-04 11:37:48,275 middleware 1512690 139656672098112 should_redirect: user_authenticated=True, status=200, location=, result=False, path=/archivesSystem/api/files/manage/save/
[INFO] 2026-06-04 11:37:48,368 middleware 1512693 139656672098112 should_redirect: user_authenticated=True, status=200, location=, result=False, path=/archivesSystem/api/files/manage/list/
[INFO] 2026-06-04 11:37:49,471 middleware 1512694 139656672098112 should_redirect: user_authenticated=True, status=200, location=, result=False, path=/archivesSystem/files/dialog/edit/
[INFO] 2026-06-04 11:37:49,487 middleware 1512692 139656672098112 should_redirect: user_authenticated=True, status=200, location=, result=False, path=/archivesSystem/api/files/manage/persons/
[INFO] 2026-06-04 11:37:49,522 middleware 1512692 139656672098112 should_redirect: user_authenticated=True, status=200, location=, result=False, path=/archivesSystem/api/files/download/
[INFO] 2026-06-04 11:37:49,583 middleware 1512691 139656672098112 should_redirect: user_authenticated=True, status=200, location=, result=False, path=/archivesSystem/api/files/manage/persons/
[INFO] 2026-06-04 11:38:06,793 middleware 1512690 139656672098112 should_redirect: user_authenticated=True, status=200, location=, result=False, path=/archivesSystem/api/files/manage/save/
[INFO] 2026-06-04 11:38:06,843 middleware 1512690 139656672098112 should_redirect: user_authenticated=True, status=200, location=, result=False, path=/archivesSystem/api/files/manage/list/
[INFO] 2026-06-04 11:38:09,470 middleware 1512689 139656672098112 should_redirect: user_authenticated=True, status=200, location=, result=False, path=/archivesSystem/files/dialog/edit/
[INFO] 2026-06-04 11:38:09,486 middleware 1512692 139656672098112 should_redirect: user_authenticated=True, status=200, location=, result=False, path=/archivesSystem/api/files/manage/persons/
[INFO] 2026-06-04 11:38:09,519 middleware 1512692 139656672098112 should_redirect: user_authenticated=True, status=200, location=, result=False, path=/archivesSystem/api/files/download/
[INFO] 2026-06-04 11:38:09,564 middleware 1512692 139656672098112 should_redirect: user_authenticated=True, status=200, location=, result=False, path=/archivesSystem/api/files/manage/persons/
[INFO] 2026-06-04 11:38:31,108 middleware 1512688 139656672098112 should_redirect: user_authenticated=True, status=200, location=, result=False, path=/archivesSystem/api/files/manage/save/
[INFO] 2026-06-04 11:38:31,169 middleware 1512688 139656672098112 should_redirect: user_authenticated=True, status=200, location=, result=False, path=/archivesSystem/api/files/manage/list/
[INFO] 2026-06-04 11:38:33,150 middleware 1512691 139656672098112 should_redirect: user_authenticated=True, status=200, location=, result=False, path=/archivesSystem/files/dialog/edit/
[INFO] 2026-06-04 11:38:33,167 middleware 1512693 139656672098112 should_redirect: user_authenticated=True, status=200, location=, result=False, path=/archivesSystem/api/files/manage/persons/
[INFO] 2026-06-04 11:38:33,199 middleware 1512693 139656672098112 should_redirect: user_authenticated=True, status=200, location=, result=False, path=/archivesSystem/api/files/download/
[INFO] 2026-06-04 11:38:33,264 middleware 1512691 139656672098112 should_redirect: user_authenticated=True, status=200, location=, result=False, path=/archivesSystem/api/files/manage/persons/
[INFO] 2026-06-04 11:38:50,287 middleware 1512689 139656672098112 should_redirect: user_authenticated=True, status=200, location=, result=False, path=/archivesSystem/api/files/manage/save/
[INFO] 2026-06-04 11:38:50,384 middleware 1512690 139656672098112 should_redirect: user_authenticated=True, status=200, location=, result=False, path=/archivesSystem/api/files/manage/list/
[INFO] 2026-06-04 11:38:51,856 middleware 1512691 139656672098112 should_redirect: user_authenticated=True, status=200, location=, result=False, path=/archivesSystem/files/dialog/edit/
[INFO] 2026-06-04 11:38:51,872 middleware 1512690 139656672098112 should_redirect: user_authenticated=True, status=200, location=, result=False, path=/archivesSystem/api/files/manage/persons/
[INFO] 2026-06-04 11:38:51,903 middleware 1512690 139656672098112 should_redirect: user_authenticated=True, status=200, location=, result=False, path=/archivesSystem/api/files/download/
[INFO] 2026-06-04 11:38:51,970 middleware 1512688 139656672098112 should_redirect: user_authenticated=True, status=200, location=, result=False, path=/archivesSystem/api/files/manage/persons/
[INFO] 2026-06-04 11:39:30,640 middleware 1512688 139656672098112 should_redirect: user_authenticated=True, status=200, location=, result=False, path=/archivesSystem/api/files/manage/save/
[INFO] 2026-06-04 11:39:30,706 middleware 1512688 139656672098112 should_redirect: user_authenticated=True, status=200, location=, result=False, path=/archivesSystem/api/files/manage/list/
[INFO] 2026-06-04 12:22:37,889 middleware 1510143 140215062017728 should_redirect: user_authenticated=False, status=302, location=/login/?next=/, result=True, path=/
[INFO] 2026-06-04 12:22:37,890 middleware 1510143 140215062017728 为用户 AnonymousUser 执行iframe登录跳转
[INFO] 2026-06-04 12:23:43,373 auth 1510143 140214970345152 用户 admin 登录成功
[INFO] 2026-06-04 12:23:43,633 middleware 1510143 140214970345152 should_redirect: user_authenticated=True, status=200, location=, result=False, path=/
[INFO] 2026-06-04 12:23:43,887 middleware 1510143 140214970345152 should_redirect: user_authenticated=True, status=200, location=, result=False, path=/
[INFO] 2026-06-04 12:23:45,541 middleware 1510143 140214970345152 should_redirect: user_authenticated=True, status=200, location=, result=False, path=/welcome/
[INFO] 2026-06-04 12:23:45,609 middleware 1510143 140214970345152 should_redirect: user_authenticated=True, status=200, location=, result=False, path=/menus/
[INFO] 2026-06-04 12:23:48,465 middleware 1510143 140214970345152 should_redirect: user_authenticated=True, status=200, location=, result=False, path=/archives/person
[INFO] 2026-06-04 12:23:49,685 middleware 1510143 140214970345152 should_redirect: user_authenticated=True, status=200, location=, result=False, path=/components/person-panel-embed/
[INFO] 2026-06-04 12:23:50,082 middleware 1510143 140214970345152 should_redirect: user_authenticated=True, status=200, location=, result=False, path=/components/tree/
[INFO] 2026-06-04 12:23:58,614 middleware 1510143 140214970345152 should_redirect: user_authenticated=True, status=200, location=, result=False, path=/components/person-search/
[INFO] 2026-06-04 12:24:16,360 middleware 1510143 140214970345152 should_redirect: user_authenticated=True, status=200, location=, result=False, path=/components/person-search/
[INFO] 2026-06-04 12:24:18,615 middleware 1510143 140214970345152 should_redirect: user_authenticated=True, status=200, location=, result=False, path=/archives/person-basic/
[INFO] 2026-06-04 12:24:19,497 middleware 1510143 140214970345152 should_redirect: user_authenticated=True, status=200, location=, result=False, path=/archives/api/person-detail/
[INFO] 2026-06-04 12:24:25,177 middleware 1510143 140214970345152 should_redirect: user_authenticated=True, status=200, location=, result=False, path=/archives/image/scan/
[INFO] 2026-06-04 12:24:25,851 middleware 1510143 140214970345152 should_redirect: user_authenticated=True, status=200, location=, result=False, path=/components/person-panel-embed/
[INFO] 2026-06-04 12:24:25,914 middleware 1510143 140214970345152 should_redirect: user_authenticated=True, status=200, location=, result=False, path=/components/archive-tree-embed/
[INFO] 2026-06-04 12:24:26,147 middleware 1510143 140214970345152 should_redirect: user_authenticated=True, status=200, location=, result=False, path=/components/tree/
[INFO] 2026-06-04 12:24:35,676 middleware 1510143 140214970345152 should_redirect: user_authenticated=True, status=200, location=, result=False, path=/components/person-search/
[INFO] 2026-06-04 12:24:57,821 middleware 1510143 140214970345152 should_redirect: user_authenticated=True, status=200, location=, result=False, path=/components/archive-tree-embed/
[INFO] 2026-06-04 12:24:57,987 middleware 1510143 140214970345152 should_redirect: user_authenticated=True, status=200, location=, result=False, path=/components/scan-stats/
[INFO] 2026-06-04 12:24:58,194 middleware 1510143 140214970345152 should_redirect: user_authenticated=True, status=200, location=, result=False, path=/components/archive-tree/
[INFO] 2026-06-04 12:25:02,999 middleware 1510143 140214970345152 should_redirect: user_authenticated=True, status=200, location=, result=False, path=/components/archive-tree/
[INFO] 2026-06-04 12:25:05,583 middleware 1510143 140214970345152 should_redirect: user_authenticated=True, status=200, location=, result=False, path=/components/archive-tree/
[INFO] 2026-06-04 12:25:08,132 middleware 1510143 140214970345152 should_redirect: user_authenticated=True, status=200, location=, result=False, path=/components/archive-tree/
[INFO] 2026-06-04 12:25:17,687 middleware 1510143 140214970345152 should_redirect: user_authenticated=True, status=200, location=, result=False, path=/components/archive-tree/
[INFO] 2026-06-04 12:25:21,681 middleware 1510143 140214970345152 should_redirect: user_authenticated=True, status=200, location=, result=False, path=/components/archive-tree-embed/
[INFO] 2026-06-04 12:25:21,967 middleware 1510143 140214970345152 should_redirect: user_authenticated=True, status=200, location=, result=False, path=/components/scan-stats/
[INFO] 2026-06-04 12:25:21,970 middleware 1510143 140214953559744 should_redirect: user_authenticated=True, status=200, location=, result=False, path=/components/archive-tree/
[INFO] 2026-06-04 12:25:23,389 middleware 1510143 140214953559744 should_redirect: user_authenticated=True, status=200, location=, result=False, path=/components/archive-tree-embed/
[INFO] 2026-06-04 12:25:23,518 middleware 1510143 140214953559744 should_redirect: user_authenticated=True, status=200, location=, result=False, path=/components/scan-stats/
[INFO] 2026-06-04 12:25:23,698 middleware 1510143 140214953559744 should_redirect: user_authenticated=True, status=200, location=, result=False, path=/components/archive-tree/
[INFO] 2026-06-04 14:59:33,694 middleware 1512691 139656672098112 should_redirect: user_authenticated=True, status=200, location=, result=False, path=/archives/person
[INFO] 2026-06-04 14:59:34,035 middleware 1512691 139656672098112 should_redirect: user_authenticated=True, status=200, location=, result=False, path=/components/person-panel-embed/
[INFO] 2026-06-04 14:59:34,139 middleware 1512691 139656672098112 should_redirect: user_authenticated=True, status=200, location=, result=False, path=/components/person-panel-embed/
[INFO] 2026-06-04 14:59:34,345 middleware 1512694 139656672098112 should_redirect: user_authenticated=True, status=200, location=, result=False, path=/components/tree/
[INFO] 2026-06-04 15:00:09,016 middleware 1512691 139656672098112 should_redirect: user_authenticated=True, status=200, location=, result=False, path=/components/tree-children/
[INFO] 2026-06-04 15:00:11,878 middleware 1512691 139656672098112 should_redirect: user_authenticated=True, status=200, location=, result=False, path=/components/tree-children/
[INFO] 2026-06-04 15:00:12,470 middleware 1512694 139656672098112 should_redirect: user_authenticated=True, status=200, location=, result=False, path=/components/tree-children/
[INFO] 2026-06-04 15:00:13,436 middleware 1512689 139656672098112 should_redirect: user_authenticated=True, status=200, location=, result=False, path=/components/tree-children/
[INFO] 2026-06-04 15:00:56,767 middleware 1512692 139656672098112 should_redirect: user_authenticated=True, status=200, location=, result=False, path=/archives/person-basic/
[INFO] 2026-06-04 15:00:57,115 middleware 1512690 139656672098112 should_redirect: user_authenticated=True, status=200, location=, result=False, path=/archives/api/person-detail/
[INFO] 2026-06-04 15:01:15,716 middleware 1512692 139656672098112 should_redirect: user_authenticated=True, status=200, location=, result=False, path=/archives/image/scan/
[INFO] 2026-06-04 15:01:15,893 middleware 1512693 139656672098112 should_redirect: user_authenticated=True, status=200, location=, result=False, path=/components/person-panel-embed/
[INFO] 2026-06-04 15:01:15,936 middleware 1512695 139656672098112 should_redirect: user_authenticated=True, status=200, location=, result=False, path=/components/person-panel-embed/
[INFO] 2026-06-04 15:01:15,937 middleware 1512691 139656672098112 should_redirect: user_authenticated=True, status=200, location=, result=False, path=/components/archive-tree-embed/
[INFO] 2026-06-04 15:01:16,102 middleware 1512691 139656672098112 should_redirect: user_authenticated=True, status=200, location=, result=False, path=/components/tree/
[INFO] 2026-06-04 15:01:18,215 middleware 1512690 139656672098112 should_redirect: user_authenticated=True, status=200, location=, result=False, path=/components/person-search/
[INFO] 2026-06-04 15:01:19,018 middleware 1512689 139656672098112 should_redirect: user_authenticated=True, status=200, location=, result=False, path=/components/archive-tree-embed/
[INFO] 2026-06-04 15:01:19,092 middleware 1512695 139656672098112 should_redirect: user_authenticated=True, status=200, location=, result=False, path=/components/archive-tree/
[INFO] 2026-06-04 15:01:19,163 middleware 1512694 139656672098112 should_redirect: user_authenticated=True, status=200, location=, result=False, path=/components/scan-stats/
[INFO] 2026-06-04 15:01:20,543 middleware 1512690 139656672098112 should_redirect: user_authenticated=True, status=200, location=, result=False, path=/components/archive-tree/
[INFO] 2026-06-04 15:01:22,530 middleware 1512688 139656672098112 should_redirect: user_authenticated=True, status=200, location=, result=False, path=/components/archive-tree/
[INFO] 2026-06-04 15:01:26,314 middleware 1512688 139656672098112 should_redirect: user_authenticated=True, status=200, location=, result=False, path=/archives/image/api/scan-check/
[INFO] 2026-06-04 15:01:27,785 middleware 1512688 139656672098112 should_redirect: user_authenticated=True, status=200, location=, result=False, path=/archives/image/api/scan-generate-pdf/
[INFO] 2026-06-04 15:01:27,799 middleware 1512688 139656672098112 should_redirect: user_authenticated=True, status=200, location=, result=False, path=/archives/image/api/scan-pdf/
[INFO] 2026-06-04 15:14:56,068 middleware 1512688 139656672098112 should_redirect: user_authenticated=True, status=200, location=, result=False, path=/components/person-search/
[INFO] 2026-06-04 15:14:57,083 middleware 1512693 139656672098112 should_redirect: user_authenticated=True, status=200, location=, result=False, path=/archives/person-basic/
[INFO] 2026-06-04 15:14:57,428 middleware 1512693 139656672098112 should_redirect: user_authenticated=True, status=200, location=, result=False, path=/archives/api/person-detail/
[INFO] 2026-06-04 15:15:05,374 middleware 1512688 139656672098112 should_redirect: user_authenticated=True, status=200, location=, result=False, path=/components/person-search/
[INFO] 2026-06-04 15:15:06,217 middleware 1512690 139656672098112 should_redirect: user_authenticated=True, status=200, location=, result=False, path=/components/archive-tree-embed/
[INFO] 2026-06-04 15:15:06,301 middleware 1512690 139656672098112 should_redirect: user_authenticated=True, status=200, location=, result=False, path=/components/archive-tree/
[INFO] 2026-06-04 15:15:06,340 middleware 1512689 139656672098112 should_redirect: user_authenticated=True, status=200, location=, result=False, path=/components/scan-stats/
[INFO] 2026-06-04 15:15:07,408 middleware 1512695 139656672098112 should_redirect: user_authenticated=True, status=200, location=, result=False, path=/components/archive-tree/
[INFO] 2026-06-04 15:15:08,778 middleware 1512695 139656672098112 should_redirect: user_authenticated=True, status=200, location=, result=False, path=/archives/image/api/scan-check/
[INFO] 2026-06-04 15:15:10,206 middleware 1512689 139656672098112 should_redirect: user_authenticated=True, status=200, location=, result=False, path=/archives/image/api/scan-generate-pdf/
[INFO] 2026-06-04 15:15:10,219 middleware 1512689 139656672098112 should_redirect: user_authenticated=True, status=200, location=, result=False, path=/archives/image/api/scan-pdf/
[INFO] 2026-06-04 15:15:44,337 middleware 1512689 139656672098112 should_redirect: user_authenticated=True, status=200, location=, result=False, path=/components/person-search/
[INFO] 2026-06-04 15:15:53,329 middleware 1512689 139656672098112 should_redirect: user_authenticated=True, status=200, location=, result=False, path=/archives/person-basic/
[INFO] 2026-06-04 15:15:53,637 middleware 1512689 139656672098112 should_redirect: user_authenticated=True, status=200, location=, result=False, path=/archives/api/person-detail/
[INFO] 2026-06-04 15:15:55,422 middleware 1512692 139656672098112 should_redirect: user_authenticated=True, status=200, location=, result=False, path=/archives/person-basic/
[INFO] 2026-06-04 15:15:55,731 middleware 1512695 139656672098112 should_redirect: user_authenticated=True, status=200, location=, result=False, path=/archives/api/person-detail/
[INFO] 2026-06-04 15:16:21,074 middleware 1512692 139656672098112 should_redirect: user_authenticated=True, status=200, location=, result=False, path=/components/person-search/
[INFO] 2026-06-04 15:16:22,720 middleware 1512693 139656672098112 should_redirect: user_authenticated=True, status=200, location=, result=False, path=/components/archive-tree-embed/
[INFO] 2026-06-04 15:16:22,791 middleware 1512689 139656672098112 should_redirect: user_authenticated=True, status=200, location=, result=False, path=/components/archive-tree/
[INFO] 2026-06-04 15:16:22,832 middleware 1512695 139656672098112 should_redirect: user_authenticated=True, status=200, location=, result=False, path=/components/scan-stats/
[INFO] 2026-06-04 15:16:25,500 middleware 1512689 139656672098112 should_redirect: user_authenticated=True, status=200, location=, result=False, path=/components/archive-tree/
[INFO] 2026-06-04 15:16:27,029 middleware 1512694 139656672098112 should_redirect: user_authenticated=True, status=200, location=, result=False, path=/archives/image/api/scan-check/
[INFO] 2026-06-04 15:16:28,153 middleware 1512694 139656672098112 should_redirect: user_authenticated=True, status=200, location=, result=False, path=/archives/image/api/scan-generate-pdf/
[INFO] 2026-06-04 15:16:28,170 middleware 1512694 139656672098112 should_redirect: user_authenticated=True, status=200, location=, result=False, path=/archives/image/api/scan-pdf/
[INFO] 2026-06-04 15:16:39,205 middleware 1512691 139656672098112 should_redirect: user_authenticated=True, status=200, location=, result=False, path=/components/person-search/
[INFO] 2026-06-04 15:16:42,147 middleware 1512693 139656672098112 should_redirect: user_authenticated=True, status=200, location=, result=False, path=/archives/person-basic/
[INFO] 2026-06-04 15:16:42,463 middleware 1512688 139656672098112 should_redirect: user_authenticated=True, status=200, location=, result=False, path=/archives/api/person-detail/
[INFO] 2026-06-04 15:16:55,987 middleware 1512688 139656672098112 should_redirect: user_authenticated=True, status=200, location=, result=False, path=/components/person-search/
[INFO] 2026-06-04 15:17:13,137 middleware 1512694 139656672098112 should_redirect: user_authenticated=True, status=200, location=, result=False, path=/components/archive-tree-embed/
[INFO] 2026-06-04 15:17:13,218 middleware 1512691 139656672098112 should_redirect: user_authenticated=True, status=200, location=, result=False, path=/components/archive-tree/
[INFO] 2026-06-04 15:17:13,261 middleware 1512688 139656672098112 should_redirect: user_authenticated=True, status=200, location=, result=False, path=/components/scan-stats/
[INFO] 2026-06-04 15:17:15,353 middleware 1512695 139656672098112 should_redirect: user_authenticated=True, status=200, location=, result=False, path=/components/archive-tree/
[INFO] 2026-06-04 15:17:17,778 middleware 1512695 139656672098112 should_redirect: user_authenticated=True, status=200, location=, result=False, path=/archives/image/api/scan-check/
[INFO] 2026-06-04 15:17:18,897 middleware 1512693 139656672098112 should_redirect: user_authenticated=True, status=200, location=, result=False, path=/archives/image/api/scan-generate-pdf/
[INFO] 2026-06-04 15:17:18,907 middleware 1512693 139656672098112 should_redirect: user_authenticated=True, status=200, location=, result=False, path=/archives/image/api/scan-pdf/
[INFO] 2026-06-04 16:21:22,478 middleware 1512693 139656672098112 should_redirect: user_authenticated=True, status=200, location=, result=False, path=/components/person-search/
[INFO] 2026-06-04 16:21:23,299 middleware 1512692 139656672098112 should_redirect: user_authenticated=True, status=200, location=, result=False, path=/archives/person-basic/
[INFO] 2026-06-04 16:21:24,642 middleware 1512690 139656672098112 should_redirect: user_authenticated=True, status=200, location=, result=False, path=/archives/api/person-detail/
[INFO] 2026-06-04 16:21:26,330 middleware 1512691 139656672098112 should_redirect: user_authenticated=True, status=200, location=, result=False, path=/archives/person-audit/
[INFO] 2026-06-04 16:21:26,703 middleware 1512689 139656672098112 should_redirect: user_authenticated=True, status=200, location=, result=False, path=/archives/api/audit/
[INFO] 2026-06-04 16:21:28,787 middleware 1512688 139656672098112 should_redirect: user_authenticated=True, status=200, location=, result=False, path=/archives/api/audit-proof-print/
[INFO] 2026-06-04 16:21:29,539 middleware 1512688 139656672098112 should_redirect: user_authenticated=True, status=200, location=, result=False, path=/archives/api/audit-proof-print/
[INFO] 2026-06-04 16:21:42,154 middleware 1512690 139656672098112 should_redirect: user_authenticated=True, status=200, location=, result=False, path=/archives/api/audit-proof-check/
[INFO] 2026-06-04 16:21:45,814 middleware 1512694 139656672098112 should_redirect: user_authenticated=True, status=200, location=, result=False, path=/archives/api/audit-proof-print/
[INFO] 2026-06-04 16:21:46,590 middleware 1512694 139656672098112 should_redirect: user_authenticated=True, status=200, location=, result=False, path=/archives/api/audit-proof-print/
[INFO] 2026-06-04 16:21:49,906 middleware 1512693 139656672098112 should_redirect: user_authenticated=True, status=200, location=, result=False, path=/archives/api/audit-proof-print/
[INFO] 2026-06-04 16:21:50,069 middleware 1512693 139656672098112 should_redirect: user_authenticated=False, status=404, location=, result=False, path=/favicon.ico
[INFO] 2026-06-04 16:22:01,305 middleware 1512692 139656672098112 should_redirect: user_authenticated=True, status=200, location=, result=False, path=/archives/person-basic/
[INFO] 2026-06-04 16:22:01,687 middleware 1512692 139656672098112 should_redirect: user_authenticated=True, status=200, location=, result=False, path=/archives/api/person-detail/
[INFO] 2026-06-04 16:26:21,602 middleware 1512691 139656672098112 should_redirect: user_authenticated=True, status=200, location=, result=False, path=/components/person-search/
[INFO] 2026-06-04 16:26:23,176 middleware 1512693 139656672098112 should_redirect: user_authenticated=True, status=200, location=, result=False, path=/archives/person-basic/
[INFO] 2026-06-04 16:26:23,627 middleware 1512692 139656672098112 should_redirect: user_authenticated=True, status=200, location=, result=False, path=/archives/api/person-detail/
[INFO] 2026-06-04 16:27:02,922 middleware 1512691 139656672098112 should_redirect: user_authenticated=True, status=200, location=, result=False, path=/components/person-search/
[INFO] 2026-06-04 16:27:03,668 middleware 1512694 139656672098112 should_redirect: user_authenticated=True, status=200, location=, result=False, path=/components/archive-tree-embed/
[INFO] 2026-06-04 16:27:03,755 middleware 1512693 139656672098112 should_redirect: user_authenticated=True, status=200, location=, result=False, path=/components/archive-tree/
[INFO] 2026-06-04 16:27:03,872 middleware 1512695 139656672098112 should_redirect: user_authenticated=True, status=200, location=, result=False, path=/components/scan-stats/
[INFO] 2026-06-04 16:27:05,979 middleware 1512693 139656672098112 should_redirect: user_authenticated=True, status=200, location=, result=False, path=/components/archive-tree/
[INFO] 2026-06-04 16:27:08,847 middleware 1512692 139656672098112 should_redirect: user_authenticated=True, status=200, location=, result=False, path=/archives/image/api/scan-check/
[INFO] 2026-06-04 16:27:10,537 middleware 1512692 139656672098112 should_redirect: user_authenticated=True, status=200, location=, result=False, path=/archives/image/api/scan-generate-pdf/
[INFO] 2026-06-04 16:27:10,552 middleware 1512691 139656672098112 should_redirect: user_authenticated=True, status=200, location=, result=False, path=/archives/image/api/scan-pdf/
[INFO] 2026-06-04 16:27:21,268 middleware 1512692 139656672098112 should_redirect: user_authenticated=True, status=200, location=, result=False, path=/archives/image/api/scan-check/
[INFO] 2026-06-04 16:27:22,335 middleware 1512688 139656672098112 should_redirect: user_authenticated=True, status=200, location=, result=False, path=/archives/image/api/scan-generate-pdf/
[INFO] 2026-06-04 16:27:22,349 middleware 1512688 139656672098112 should_redirect: user_authenticated=True, status=200, location=, result=False, path=/archives/image/api/scan-pdf/
[INFO] 2026-06-04 16:53:25,709 middleware 1512692 139656672098112 should_redirect: user_authenticated=True, status=200, location=, result=False, path=/archivesSystem/files/dialog/edit/
[INFO] 2026-06-04 16:53:25,746 middleware 1512689 139656672098112 should_redirect: user_authenticated=True, status=200, location=, result=False, path=/archivesSystem/api/files/manage/list/
[INFO] 2026-06-04 16:53:27,391 middleware 1512692 139656672098112 should_redirect: user_authenticated=True, status=200, location=, result=False, path=/archivesSystem/api/files/manage/list/
[INFO] 2026-06-04 16:53:30,055 middleware 1512694 139656672098112 should_redirect: user_authenticated=True, status=200, location=, result=False, path=/archivesSystem/files/dialog/edit/
[INFO] 2026-06-04 16:53:30,070 middleware 1512695 139656672098112 should_redirect: user_authenticated=True, status=200, location=, result=False, path=/archivesSystem/api/files/manage/persons/
[INFO] 2026-06-04 16:53:30,149 middleware 1512689 139656672098112 should_redirect: user_authenticated=True, status=200, location=, result=False, path=/archivesSystem/api/files/download/
[INFO] 2026-06-04 16:53:30,210 middleware 1512691 139656672098112 should_redirect: user_authenticated=True, status=200, location=, result=False, path=/archivesSystem/api/files/manage/persons/
[INFO] 2026-06-04 16:53:38,589 middleware 1512693 139656672098112 should_redirect: user_authenticated=True, status=200, location=, result=False, path=/archivesSystem/files/dialog/edit/
[INFO] 2026-06-04 16:53:38,607 middleware 1512688 139656672098112 should_redirect: user_authenticated=True, status=200, location=, result=False, path=/archivesSystem/api/files/manage/persons/
[INFO] 2026-06-04 16:53:38,874 middleware 1512694 139656672098112 should_redirect: user_authenticated=True, status=200, location=, result=False, path=/archivesSystem/api/files/download/
[INFO] 2026-06-04 16:53:39,505 middleware 1512694 139656672098112 should_redirect: user_authenticated=True, status=200, location=, result=False, path=/archivesSystem/api/files/manage/persons/
[INFO] 2026-06-04 16:53:51,318 middleware 1512694 139656672098112 should_redirect: user_authenticated=True, status=200, location=, result=False, path=/archivesSystem/files/dialog/edit/
[INFO] 2026-06-04 16:53:51,335 middleware 1512689 139656672098112 should_redirect: user_authenticated=True, status=200, location=, result=False, path=/archivesSystem/api/files/manage/persons/
[INFO] 2026-06-04 16:53:51,366 middleware 1512689 139656672098112 should_redirect: user_authenticated=True, status=200, location=, result=False, path=/archivesSystem/api/files/download/
[INFO] 2026-06-04 16:53:51,428 middleware 1512689 139656672098112 should_redirect: user_authenticated=True, status=200, location=, result=False, path=/archivesSystem/api/files/manage/persons/
[INFO] 2026-06-04 16:53:58,795 middleware 1512691 139656672098112 should_redirect: user_authenticated=True, status=200, location=, result=False, path=/archivesSystem/files/dialog/edit/
[INFO] 2026-06-04 16:53:58,813 middleware 1512693 139656672098112 should_redirect: user_authenticated=True, status=200, location=, result=False, path=/archivesSystem/api/files/manage/persons/
[INFO] 2026-06-04 16:53:58,848 middleware 1512693 139656672098112 should_redirect: user_authenticated=True, status=200, location=, result=False, path=/archivesSystem/api/files/download/
[INFO] 2026-06-04 16:53:58,919 middleware 1512690 139656672098112 should_redirect: user_authenticated=True, status=200, location=, result=False, path=/archivesSystem/api/files/manage/persons/
[INFO] 2026-06-04 16:54:04,398 middleware 1512690 139656672098112 should_redirect: user_authenticated=True, status=200, location=, result=False, path=/archivesSystem/files/dialog/edit/
[INFO] 2026-06-04 16:54:04,439 middleware 1512688 139656672098112 should_redirect: user_authenticated=True, status=200, location=, result=False, path=/archivesSystem/api/files/manage/persons/
[INFO] 2026-06-04 16:54:04,455 middleware 1512688 139656672098112 should_redirect: user_authenticated=True, status=200, location=, result=False, path=/archivesSystem/api/files/download/
[INFO] 2026-06-04 16:54:04,521 middleware 1512694 139656672098112 should_redirect: user_authenticated=True, status=200, location=, result=False, path=/archivesSystem/api/files/manage/persons/
[INFO] 2026-06-04 16:54:10,516 middleware 1512695 139656672098112 should_redirect: user_authenticated=True, status=200, location=, result=False, path=/archivesSystem/api/files/manage/persons/
[INFO] 2026-06-04 16:54:10,640 middleware 1512695 139656672098112 should_redirect: user_authenticated=True, status=200, location=, result=False, path=/archivesSystem/files/dialog/edit/
[INFO] 2026-06-04 16:54:10,671 middleware 1512691 139656672098112 should_redirect: user_authenticated=True, status=200, location=, result=False, path=/archivesSystem/api/files/download/
[INFO] 2026-06-04 16:54:10,771 middleware 1512691 139656672098112 should_redirect: user_authenticated=True, status=200, location=, result=False, path=/archivesSystem/api/files/manage/persons/
[INFO] 2026-06-04 16:54:17,635 middleware 1512691 139656672098112 should_redirect: user_authenticated=True, status=200, location=, result=False, path=/archivesSystem/files/dialog/edit/
[INFO] 2026-06-04 16:54:17,657 middleware 1512694 139656672098112 should_redirect: user_authenticated=True, status=200, location=, result=False, path=/archivesSystem/api/files/manage/persons/
[INFO] 2026-06-04 16:54:17,708 middleware 1512691 139656672098112 should_redirect: user_authenticated=True, status=200, location=, result=False, path=/archivesSystem/api/files/download/
[INFO] 2026-06-04 16:54:17,737 middleware 1512691 139656672098112 should_redirect: user_authenticated=True, status=200, location=, result=False, path=/archivesSystem/api/files/manage/persons/
[INFO] 2026-06-04 16:54:22,078 middleware 1512691 139656672098112 should_redirect: user_authenticated=True, status=200, location=, result=False, path=/archivesSystem/files/dialog/edit/
[INFO] 2026-06-04 16:54:22,098 middleware 1512693 139656672098112 should_redirect: user_authenticated=True, status=200, location=, result=False, path=/archivesSystem/api/files/manage/persons/
[INFO] 2026-06-04 16:54:22,153 middleware 1512694 139656672098112 should_redirect: user_authenticated=True, status=200, location=, result=False, path=/archivesSystem/api/files/download/
[INFO] 2026-06-04 16:54:22,210 middleware 1512694 139656672098112 should_redirect: user_authenticated=True, status=200, location=, result=False, path=/archivesSystem/api/files/manage/persons/
[INFO] 2026-06-04 16:54:29,206 middleware 1512690 139656672098112 should_redirect: user_authenticated=True, status=200, location=, result=False, path=/archivesSystem/files/dialog/edit/
[INFO] 2026-06-04 16:54:29,223 middleware 1512692 139656672098112 should_redirect: user_authenticated=True, status=200, location=, result=False, path=/archivesSystem/api/files/manage/persons/
[INFO] 2026-06-04 16:54:29,269 middleware 1512695 139656672098112 should_redirect: user_authenticated=True, status=200, location=, result=False, path=/archivesSystem/api/files/download/
[INFO] 2026-06-04 16:54:29,338 middleware 1512694 139656672098112 should_redirect: user_authenticated=True, status=200, location=, result=False, path=/archivesSystem/api/files/manage/persons/
[INFO] 2026-06-04 16:54:38,977 middleware 1512690 139656672098112 should_redirect: user_authenticated=True, status=200, location=, result=False, path=/archivesSystem/files/dialog/edit/
[INFO] 2026-06-04 16:54:38,999 middleware 1512691 139656672098112 should_redirect: user_authenticated=True, status=200, location=, result=False, path=/archivesSystem/api/files/manage/persons/
[INFO] 2026-06-04 16:54:39,055 middleware 1512691 139656672098112 should_redirect: user_authenticated=True, status=200, location=, result=False, path=/archivesSystem/api/files/download/
[INFO] 2026-06-04 16:54:39,085 middleware 1512691 139656672098112 should_redirect: user_authenticated=True, status=200, location=, result=False, path=/archivesSystem/api/files/manage/persons/
[INFO] 2026-06-04 16:54:45,873 middleware 1512689 139656672098112 should_redirect: user_authenticated=True, status=200, location=, result=False, path=/archivesSystem/files/dialog/edit/
[INFO] 2026-06-04 16:54:45,886 middleware 1512693 139656672098112 should_redirect: user_authenticated=True, status=200, location=, result=False, path=/archivesSystem/api/files/manage/persons/
[INFO] 2026-06-04 16:54:45,979 middleware 1512689 139656672098112 should_redirect: user_authenticated=True, status=200, location=, result=False, path=/archivesSystem/api/files/download/
[INFO] 2026-06-04 16:54:45,990 middleware 1512689 139656672098112 should_redirect: user_authenticated=True, status=200, location=, result=False, path=/archivesSystem/api/files/manage/persons/
[INFO] 2026-06-04 16:54:51,268 middleware 1512690 139656672098112 should_redirect: user_authenticated=True, status=200, location=, result=False, path=/archivesSystem/files/dialog/edit/
[INFO] 2026-06-04 16:54:51,281 middleware 1512693 139656672098112 should_redirect: user_authenticated=True, status=200, location=, result=False, path=/archivesSystem/api/files/manage/persons/
[INFO] 2026-06-04 16:54:51,323 middleware 1512693 139656672098112 should_redirect: user_authenticated=True, status=200, location=, result=False, path=/archivesSystem/api/files/download/
[INFO] 2026-06-04 16:54:51,373 middleware 1512693 139656672098112 should_redirect: user_authenticated=True, status=200, location=, result=False, path=/archivesSystem/api/files/manage/persons/
[INFO] 2026-06-04 16:54:56,974 middleware 1512693 139656672098112 should_redirect: user_authenticated=True, status=200, location=, result=False, path=/archivesSystem/files/dialog/edit/
[INFO] 2026-06-04 16:54:56,992 middleware 1512695 139656672098112 should_redirect: user_authenticated=True, status=200, location=, result=False, path=/archivesSystem/api/files/manage/persons/
[INFO] 2026-06-04 16:54:57,047 middleware 1512688 139656672098112 should_redirect: user_authenticated=True, status=200, location=, result=False, path=/archivesSystem/api/files/download/
[INFO] 2026-06-04 16:54:57,095 middleware 1512695 139656672098112 should_redirect: user_authenticated=True, status=200, location=, result=False, path=/archivesSystem/api/files/manage/persons/
[INFO] 2026-06-04 16:56:26,752 middleware 1512688 139656672098112 should_redirect: user_authenticated=False, status=302, location=/login/?next=/, result=True, path=/
[INFO] 2026-06-04 16:56:26,753 middleware 1512688 139656672098112 为用户 AnonymousUser 执行iframe登录跳转
[INFO] 2026-06-04 17:02:32,839 middleware 1512695 139656672098112 should_redirect: user_authenticated=True, status=200, location=, result=False, path=/archivesSystem/files/dialog/edit/
[INFO] 2026-06-04 17:02:32,861 middleware 1512694 139656672098112 should_redirect: user_authenticated=True, status=200, location=, result=False, path=/archivesSystem/api/files/manage/persons/
[INFO] 2026-06-04 17:02:32,888 middleware 1512694 139656672098112 should_redirect: user_authenticated=True, status=200, location=, result=False, path=/archivesSystem/api/files/download/
[INFO] 2026-06-04 17:02:32,934 middleware 1512694 139656672098112 should_redirect: user_authenticated=True, status=200, location=, result=False, path=/archivesSystem/api/files/manage/persons/
[INFO] 2026-06-04 17:02:55,284 middleware 1512691 139656672098112 should_redirect: user_authenticated=True, status=200, location=, result=False, path=/archivesSystem/files/dialog/edit/
[INFO] 2026-06-04 17:02:55,303 middleware 1512693 139656672098112 should_redirect: user_authenticated=True, status=200, location=, result=False, path=/archivesSystem/api/files/manage/persons/
[INFO] 2026-06-04 17:02:55,334 middleware 1512693 139656672098112 should_redirect: user_authenticated=True, status=200, location=, result=False, path=/archivesSystem/api/files/download/
[INFO] 2026-06-04 17:02:55,400 middleware 1512694 139656672098112 should_redirect: user_authenticated=True, status=200, location=, result=False, path=/archivesSystem/api/files/manage/persons/
[INFO] 2026-06-04 17:03:06,598 middleware 1512689 139656672098112 should_redirect: user_authenticated=True, status=200, location=, result=False, path=/archivesSystem/files/dialog/edit/
[INFO] 2026-06-04 17:03:06,617 middleware 1512690 139656672098112 should_redirect: user_authenticated=True, status=200, location=, result=False, path=/archivesSystem/api/files/manage/persons/
[INFO] 2026-06-04 17:03:06,668 middleware 1512689 139656672098112 should_redirect: user_authenticated=True, status=200, location=, result=False, path=/archivesSystem/api/files/download/
[INFO] 2026-06-04 17:03:06,715 middleware 1512693 139656672098112 should_redirect: user_authenticated=True, status=200, location=, result=False, path=/archivesSystem/api/files/manage/persons/
[INFO] 2026-06-04 17:03:11,236 middleware 1512695 139656672098112 should_redirect: user_authenticated=True, status=200, location=, result=False, path=/archivesSystem/files/dialog/edit/
[INFO] 2026-06-04 17:03:11,256 middleware 1512693 139656672098112 should_redirect: user_authenticated=True, status=200, location=, result=False, path=/archivesSystem/api/files/manage/persons/
[INFO] 2026-06-04 17:03:11,290 middleware 1512693 139656672098112 should_redirect: user_authenticated=True, status=200, location=, result=False, path=/archivesSystem/api/files/download/
[INFO] 2026-06-04 17:03:11,336 middleware 1512693 139656672098112 should_redirect: user_authenticated=True, status=200, location=, result=False, path=/archivesSystem/api/files/manage/persons/
[INFO] 2026-06-04 17:03:18,452 middleware 1512688 139656672098112 should_redirect: user_authenticated=True, status=200, location=, result=False, path=/archivesSystem/files/dialog/edit/
[INFO] 2026-06-04 17:03:18,470 middleware 1512689 139656672098112 should_redirect: user_authenticated=True, status=200, location=, result=False, path=/archivesSystem/api/files/manage/persons/
[INFO] 2026-06-04 17:03:18,502 middleware 1512689 139656672098112 should_redirect: user_authenticated=True, status=200, location=, result=False, path=/archivesSystem/api/files/download/
[INFO] 2026-06-04 17:03:18,570 middleware 1512694 139656672098112 should_redirect: user_authenticated=True, status=200, location=, result=False, path=/archivesSystem/api/files/manage/persons/
[INFO] 2026-06-04 17:03:22,692 middleware 1512695 139656672098112 should_redirect: user_authenticated=True, status=200, location=, result=False, path=/archivesSystem/files/dialog/edit/
[INFO] 2026-06-04 17:03:22,711 middleware 1512692 139656672098112 should_redirect: user_authenticated=True, status=200, location=, result=False, path=/archivesSystem/api/files/manage/persons/
[INFO] 2026-06-04 17:03:22,754 middleware 1512692 139656672098112 should_redirect: user_authenticated=True, status=200, location=, result=False, path=/archivesSystem/api/files/download/
[INFO] 2026-06-04 17:03:22,810 middleware 1512689 139656672098112 should_redirect: user_authenticated=True, status=200, location=, result=False, path=/archivesSystem/api/files/manage/persons/
[INFO] 2026-06-04 17:03:28,741 middleware 1512691 139656672098112 should_redirect: user_authenticated=True, status=200, location=, result=False, path=/archivesSystem/files/dialog/edit/
[INFO] 2026-06-04 17:03:28,759 middleware 1512690 139656672098112 should_redirect: user_authenticated=True, status=200, location=, result=False, path=/archivesSystem/api/files/manage/persons/
[INFO] 2026-06-04 17:03:28,792 middleware 1512690 139656672098112 should_redirect: user_authenticated=True, status=200, location=, result=False, path=/archivesSystem/api/files/download/
[INFO] 2026-06-04 17:03:28,865 middleware 1512692 139656672098112 should_redirect: user_authenticated=True, status=200, location=, result=False, path=/archivesSystem/api/files/manage/persons/
[INFO] 2026-06-04 17:03:36,052 middleware 1512690 139656672098112 should_redirect: user_authenticated=True, status=200, location=, result=False, path=/archivesSystem/files/dialog/edit/
[INFO] 2026-06-04 17:03:36,073 middleware 1512693 139656672098112 should_redirect: user_authenticated=True, status=200, location=, result=False, path=/archivesSystem/api/files/manage/persons/
[INFO] 2026-06-04 17:03:36,103 middleware 1512693 139656672098112 should_redirect: user_authenticated=True, status=200, location=, result=False, path=/archivesSystem/api/files/download/
[INFO] 2026-06-04 17:03:36,167 middleware 1512690 139656672098112 should_redirect: user_authenticated=True, status=200, location=, result=False, path=/archivesSystem/api/files/manage/persons/
[INFO] 2026-06-04 17:03:39,964 middleware 1512690 139656672098112 should_redirect: user_authenticated=True, status=200, location=, result=False, path=/archivesSystem/files/dialog/edit/
[INFO] 2026-06-04 17:03:39,978 middleware 1512688 139656672098112 should_redirect: user_authenticated=True, status=200, location=, result=False, path=/archivesSystem/api/files/manage/persons/
[INFO] 2026-06-04 17:03:40,035 middleware 1512688 139656672098112 should_redirect: user_authenticated=True, status=200, location=, result=False, path=/archivesSystem/api/files/download/
[INFO] 2026-06-04 17:03:40,064 middleware 1512688 139656672098112 should_redirect: user_authenticated=True, status=200, location=, result=False, path=/archivesSystem/api/files/manage/persons/
[INFO] 2026-06-04 17:03:49,856 middleware 1512695 139656672098112 should_redirect: user_authenticated=True, status=200, location=, result=False, path=/archivesSystem/files/dialog/edit/
[INFO] 2026-06-04 17:03:49,875 middleware 1512694 139656672098112 should_redirect: user_authenticated=True, status=200, location=, result=False, path=/archivesSystem/api/files/manage/persons/
[INFO] 2026-06-04 17:03:49,924 middleware 1512695 139656672098112 should_redirect: user_authenticated=True, status=200, location=, result=False, path=/archivesSystem/api/files/download/
[INFO] 2026-06-04 17:03:49,953 middleware 1512695 139656672098112 should_redirect: user_authenticated=True, status=200, location=, result=False, path=/archivesSystem/api/files/manage/persons/
[INFO] 2026-06-04 17:03:58,741 middleware 1512688 139656672098112 should_redirect: user_authenticated=True, status=200, location=, result=False, path=/archivesSystem/files/dialog/edit/
[INFO] 2026-06-04 17:03:58,759 middleware 1512691 139656672098112 should_redirect: user_authenticated=True, status=200, location=, result=False, path=/archivesSystem/api/files/manage/persons/
[INFO] 2026-06-04 17:03:58,813 middleware 1512690 139656672098112 should_redirect: user_authenticated=True, status=200, location=, result=False, path=/archivesSystem/api/files/download/
[INFO] 2026-06-04 17:03:58,840 middleware 1512690 139656672098112 should_redirect: user_authenticated=True, status=200, location=, result=False, path=/archivesSystem/api/files/manage/persons/
[INFO] 2026-06-04 17:04:07,720 middleware 1512690 139656672098112 should_redirect: user_authenticated=True, status=200, location=, result=False, path=/archivesSystem/files/dialog/edit/
[INFO] 2026-06-04 17:04:07,736 middleware 1512693 139656672098112 should_redirect: user_authenticated=True, status=200, location=, result=False, path=/archivesSystem/api/files/manage/persons/
[INFO] 2026-06-04 17:04:07,773 middleware 1512693 139656672098112 should_redirect: user_authenticated=True, status=200, location=, result=False, path=/archivesSystem/api/files/download/
[INFO] 2026-06-04 17:04:07,845 middleware 1512695 139656672098112 should_redirect: user_authenticated=True, status=200, location=, result=False, path=/archivesSystem/api/files/manage/persons/
[INFO] 2026-06-04 17:04:17,949 middleware 1512691 139656672098112 should_redirect: user_authenticated=True, status=200, location=, result=False, path=/archivesSystem/files/dialog/edit/
[INFO] 2026-06-04 17:04:17,968 middleware 1512688 139656672098112 should_redirect: user_authenticated=True, status=200, location=, result=False, path=/archivesSystem/api/files/manage/persons/
[INFO] 2026-06-04 17:04:18,020 middleware 1512692 139656672098112 should_redirect: user_authenticated=True, status=200, location=, result=False, path=/archivesSystem/api/files/download/
[INFO] 2026-06-04 17:04:18,045 middleware 1512692 139656672098112 should_redirect: user_authenticated=True, status=200, location=, result=False, path=/archivesSystem/api/files/manage/persons/
[INFO] 2026-06-04 17:04:29,437 middleware 1512692 139656672098112 should_redirect: user_authenticated=True, status=200, location=, result=False, path=/archivesSystem/files/dialog/edit/
[INFO] 2026-06-04 17:04:29,456 middleware 1512695 139656672098112 should_redirect: user_authenticated=True, status=200, location=, result=False, path=/archivesSystem/api/files/manage/persons/
[INFO] 2026-06-04 17:04:29,486 middleware 1512695 139656672098112 should_redirect: user_authenticated=True, status=200, location=, result=False, path=/archivesSystem/api/files/download/
[INFO] 2026-06-04 17:04:29,551 middleware 1512692 139656672098112 should_redirect: user_authenticated=True, status=200, location=, result=False, path=/archivesSystem/api/files/manage/persons/
[INFO] 2026-06-04 17:05:02,290 middleware 1512692 139656672098112 should_redirect: user_authenticated=True, status=200, location=, result=False, path=/archivesSystem/api/files/manage/save/
[INFO] 2026-06-04 17:05:02,360 middleware 1512692 139656672098112 should_redirect: user_authenticated=True, status=200, location=, result=False, path=/archivesSystem/api/files/manage/list/
[INFO] 2026-06-04 17:05:03,807 middleware 1512694 139656672098112 should_redirect: user_authenticated=True, status=200, location=, result=False, path=/archivesSystem/files/dialog/edit/
[INFO] 2026-06-04 17:05:03,824 middleware 1512693 139656672098112 should_redirect: user_authenticated=True, status=200, location=, result=False, path=/archivesSystem/api/files/manage/persons/
[INFO] 2026-06-04 17:05:03,859 middleware 1512693 139656672098112 should_redirect: user_authenticated=True, status=200, location=, result=False, path=/archivesSystem/api/files/download/
[INFO] 2026-06-04 17:05:03,928 middleware 1512689 139656672098112 should_redirect: user_authenticated=True, status=200, location=, result=False, path=/archivesSystem/api/files/manage/persons/
[INFO] 2026-06-04 17:05:31,594 middleware 1512689 139656672098112 should_redirect: user_authenticated=True, status=200, location=, result=False, path=/archivesSystem/api/files/manage/save/
[INFO] 2026-06-04 17:05:31,674 middleware 1512694 139656672098112 should_redirect: user_authenticated=True, status=200, location=, result=False, path=/archivesSystem/api/files/manage/list/
[INFO] 2026-06-04 17:07:57,753 middleware 1512688 139656672098112 should_redirect: user_authenticated=True, status=200, location=, result=False, path=/archivesSystem/files/dialog/edit/
[INFO] 2026-06-04 17:07:57,776 middleware 1512694 139656672098112 should_redirect: user_authenticated=True, status=200, location=, result=False, path=/archivesSystem/api/files/manage/persons/
[INFO] 2026-06-04 17:07:57,821 middleware 1512695 139656672098112 should_redirect: user_authenticated=True, status=200, location=, result=False, path=/archivesSystem/api/files/download/
[INFO] 2026-06-04 17:07:57,850 middleware 1512695 139656672098112 should_redirect: user_authenticated=True, status=200, location=, result=False, path=/archivesSystem/api/files/manage/persons/
[INFO] 2026-06-04 17:08:30,097 middleware 1512695 139656672098112 should_redirect: user_authenticated=True, status=200, location=, result=False, path=/archivesSystem/api/files/manage/save/
[INFO] 2026-06-04 17:08:30,163 middleware 1512695 139656672098112 should_redirect: user_authenticated=True, status=200, location=, result=False, path=/archivesSystem/api/files/manage/list/
[INFO] 2026-06-04 17:08:49,802 middleware 1512693 139656672098112 should_redirect: user_authenticated=True, status=200, location=, result=False, path=/archivesSystem/files/dialog/edit/
[INFO] 2026-06-04 17:08:49,819 middleware 1512694 139656672098112 should_redirect: user_authenticated=True, status=200, location=, result=False, path=/archivesSystem/api/files/manage/persons/
[INFO] 2026-06-04 17:08:49,871 middleware 1512689 139656672098112 should_redirect: user_authenticated=True, status=200, location=, result=False, path=/archivesSystem/api/files/download/
[INFO] 2026-06-04 17:08:49,897 middleware 1512689 139656672098112 should_redirect: user_authenticated=True, status=200, location=, result=False, path=/archivesSystem/api/files/manage/persons/
[INFO] 2026-06-04 17:09:20,051 middleware 1512689 139656672098112 should_redirect: user_authenticated=True, status=200, location=, result=False, path=/archivesSystem/api/files/manage/save/
[INFO] 2026-06-04 17:09:20,113 middleware 1512689 139656672098112 should_redirect: user_authenticated=True, status=200, location=, result=False, path=/archivesSystem/api/files/manage/list/
[INFO] 2026-06-04 17:09:21,491 middleware 1512691 139656672098112 should_redirect: user_authenticated=True, status=200, location=, result=False, path=/archivesSystem/files/dialog/edit/
[INFO] 2026-06-04 17:09:21,508 middleware 1512689 139656672098112 should_redirect: user_authenticated=True, status=200, location=, result=False, path=/archivesSystem/api/files/manage/persons/
[INFO] 2026-06-04 17:09:21,542 middleware 1512689 139656672098112 should_redirect: user_authenticated=True, status=200, location=, result=False, path=/archivesSystem/api/files/download/
[INFO] 2026-06-04 17:09:21,610 middleware 1512693 139656672098112 should_redirect: user_authenticated=True, status=200, location=, result=False, path=/archivesSystem/api/files/manage/persons/
[INFO] 2026-06-04 17:09:43,942 middleware 1512690 139656672098112 should_redirect: user_authenticated=True, status=200, location=, result=False, path=/archivesSystem/api/files/manage/save/
[INFO] 2026-06-04 17:09:44,018 middleware 1512693 139656672098112 should_redirect: user_authenticated=True, status=200, location=, result=False, path=/archivesSystem/api/files/manage/list/
[INFO] 2026-06-04 17:09:45,046 middleware 1512689 139656672098112 should_redirect: user_authenticated=True, status=200, location=, result=False, path=/archivesSystem/files/dialog/edit/
[INFO] 2026-06-04 17:09:45,061 middleware 1512695 139656672098112 should_redirect: user_authenticated=True, status=200, location=, result=False, path=/archivesSystem/api/files/manage/persons/
[INFO] 2026-06-04 17:09:45,096 middleware 1512695 139656672098112 should_redirect: user_authenticated=True, status=200, location=, result=False, path=/archivesSystem/api/files/download/
[INFO] 2026-06-04 17:09:45,141 middleware 1512695 139656672098112 should_redirect: user_authenticated=True, status=200, location=, result=False, path=/archivesSystem/api/files/manage/persons/
[INFO] 2026-06-04 17:11:53,435 middleware 1512695 139656672098112 should_redirect: user_authenticated=True, status=200, location=, result=False, path=/archivesSystem/api/files/manage/save/
[INFO] 2026-06-04 17:11:53,513 middleware 1512693 139656672098112 should_redirect: user_authenticated=True, status=200, location=, result=False, path=/archivesSystem/api/files/manage/list/
[INFO] 2026-06-04 17:11:55,534 middleware 1512693 139656672098112 should_redirect: user_authenticated=True, status=200, location=, result=False, path=/archivesSystem/files/dialog/edit/
[INFO] 2026-06-04 17:11:55,551 middleware 1512690 139656672098112 should_redirect: user_authenticated=True, status=200, location=, result=False, path=/archivesSystem/api/files/manage/persons/
[INFO] 2026-06-04 17:11:55,603 middleware 1512693 139656672098112 should_redirect: user_authenticated=True, status=200, location=, result=False, path=/archivesSystem/api/files/download/
[INFO] 2026-06-04 17:11:55,654 middleware 1512694 139656672098112 should_redirect: user_authenticated=True, status=200, location=, result=False, path=/archivesSystem/api/files/manage/persons/
[INFO] 2026-06-04 17:12:09,550 middleware 1512688 139656672098112 should_redirect: user_authenticated=True, status=200, location=, result=False, path=/archivesSystem/api/files/manage/save/
[INFO] 2026-06-04 17:12:09,638 middleware 1512690 139656672098112 should_redirect: user_authenticated=True, status=200, location=, result=False, path=/archivesSystem/api/files/manage/list/
[INFO] 2026-06-04 17:12:10,590 middleware 1512690 139656672098112 should_redirect: user_authenticated=True, status=200, location=, result=False, path=/archivesSystem/files/dialog/edit/
[INFO] 2026-06-04 17:12:10,608 middleware 1512688 139656672098112 should_redirect: user_authenticated=True, status=200, location=, result=False, path=/archivesSystem/api/files/manage/persons/
[INFO] 2026-06-04 17:12:10,658 middleware 1512690 139656672098112 should_redirect: user_authenticated=True, status=200, location=, result=False, path=/archivesSystem/api/files/download/
[INFO] 2026-06-04 17:12:10,685 middleware 1512690 139656672098112 should_redirect: user_authenticated=True, status=200, location=, result=False, path=/archivesSystem/api/files/manage/persons/
[INFO] 2026-06-04 17:12:47,992 middleware 1512689 139656672098112 should_redirect: user_authenticated=True, status=200, location=, result=False, path=/archivesSystem/api/files/manage/save/
[INFO] 2026-06-04 17:12:48,074 middleware 1512689 139656672098112 should_redirect: user_authenticated=True, status=200, location=, result=False, path=/archivesSystem/api/files/manage/list/
[INFO] 2026-06-04 17:13:51,274 middleware 1512688 139656672098112 should_redirect: user_authenticated=True, status=200, location=, result=False, path=/archivesSystem/files/dialog/edit/
[INFO] 2026-06-04 17:13:51,291 middleware 1512692 139656672098112 should_redirect: user_authenticated=True, status=200, location=, result=False, path=/archivesSystem/api/files/manage/persons/
[INFO] 2026-06-04 17:13:51,342 middleware 1512693 139656672098112 should_redirect: user_authenticated=True, status=200, location=, result=False, path=/archivesSystem/api/files/download/
[INFO] 2026-06-04 17:13:51,388 middleware 1512689 139656672098112 should_redirect: user_authenticated=True, status=200, location=, result=False, path=/archivesSystem/api/files/manage/persons/
[INFO] 2026-06-04 17:14:17,347 middleware 1512693 139656672098112 should_redirect: user_authenticated=False, status=302, location=/login/?next=/archivesSystem/api/files/manage/save/, result=True, path=/archivesSystem/api/files/manage/save/
[INFO] 2026-06-04 17:14:17,347 middleware 1512693 139656672098112 为用户 AnonymousUser 执行iframe登录跳转
[INFO] 2026-06-04 17:14:17,383 middleware 1512693 139656672098112 should_redirect: user_authenticated=False, status=302, location=/login/?next=/archivesSystem/api/files/manage/list/%3Fcategory%3D08%25E5%25A4%2584%25E5%2588%2586%25E6%2596%2587%25E4%25BB%25B6%26year%3D%26page%3D1%26pageSize%3D100, result=True, path=/archivesSystem/api/files/manage/list/
[INFO] 2026-06-04 17:14:17,383 middleware 1512693 139656672098112 为用户 AnonymousUser 执行iframe登录跳转
[INFO] 2026-06-04 17:14:18,545 middleware 1512694 139656672098112 should_redirect: user_authenticated=False, status=302, location=/login/?next=/archivesSystem/api/files/manage/persons/%3FfileNo%3D%25E7%259B%2598%25E5%25B7%259E%25E6%2595%2599%25E5%258F%2591%25E3%2580%25942025%25E3%2580%25958%25E5%258F%25B7, result=True, path=/archivesSystem/api/files/manage/persons/
[INFO] 2026-06-04 17:14:18,545 middleware 1512694 139656672098112 为用户 AnonymousUser 执行iframe登录跳转
[INFO] 2026-06-04 17:14:18,551 middleware 1512694 139656672098112 should_redirect: user_authenticated=False, status=302, location=/login/?next=/archivesSystem/files/dialog/edit/%3FfileNo%3D%25E7%259B%2598%25E5%25B7%259E%25E6%2595%2599%25E5%258F%2591%25E3%2580%25942025%25E3%2580%25958%25E5%258F%25B7, result=True, path=/archivesSystem/files/dialog/edit/
[INFO] 2026-06-04 17:14:18,551 middleware 1512694 139656672098112 为用户 AnonymousUser 执行iframe登录跳转
[INFO] 2026-06-04 17:14:35,320 auth 1512689 139656672098112 用户 李家贤 登录成功
[INFO] 2026-06-04 17:14:35,337 middleware 1512689 139656672098112 should_redirect: user_authenticated=True, status=200, location=, result=False, path=/
[INFO] 2026-06-04 17:14:35,393 middleware 1512693 139656672098112 should_redirect: user_authenticated=True, status=200, location=, result=False, path=/
[INFO] 2026-06-04 17:14:35,704 middleware 1512695 139656672098112 should_redirect: user_authenticated=True, status=200, location=, result=False, path=/welcome/
[INFO] 2026-06-04 17:14:35,722 middleware 1512695 139656672098112 should_redirect: user_authenticated=True, status=200, location=, result=False, path=/menus/
[INFO] 2026-06-04 17:14:57,959 middleware 1512688 139656672098112 should_redirect: user_authenticated=True, status=200, location=, result=False, path=/archivesSystem/files/manage/
[INFO] 2026-06-04 17:14:58,125 middleware 1512688 139656672098112 should_redirect: user_authenticated=True, status=200, location=, result=False, path=/archivesSystem/files/dialog/add/
[INFO] 2026-06-04 17:14:58,181 middleware 1512689 139656672098112 should_redirect: user_authenticated=True, status=200, location=, result=False, path=/archivesSystem/api/files/categories/
[INFO] 2026-06-05 09:07:52,299 middleware 1512688 139656672098112 should_redirect: user_authenticated=False, status=302, location=/login/?next=/archives/person, result=True, path=/archives/person
[INFO] 2026-06-05 09:07:52,299 middleware 1512688 139656672098112 为用户 AnonymousUser 执行iframe登录跳转
[INFO] 2026-06-05 09:08:00,756 auth 1512688 139656672098112 用户 李家贤 登录成功
[INFO] 2026-06-05 09:08:00,792 middleware 1512692 139656672098112 should_redirect: user_authenticated=True, status=200, location=, result=False, path=/
[INFO] 2026-06-05 09:08:00,842 middleware 1512693 139656672098112 should_redirect: user_authenticated=True, status=200, location=, result=False, path=/
[INFO] 2026-06-05 09:08:01,129 middleware 1512695 139656672098112 should_redirect: user_authenticated=True, status=200, location=, result=False, path=/welcome/
[INFO] 2026-06-05 09:08:01,147 middleware 1512695 139656672098112 should_redirect: user_authenticated=True, status=200, location=, result=False, path=/menus/
[INFO] 2026-06-05 09:08:05,272 middleware 1512692 139656672098112 should_redirect: user_authenticated=True, status=200, location=, result=False, path=/archives/person
[INFO] 2026-06-05 09:08:05,464 middleware 1512694 139656672098112 should_redirect: user_authenticated=True, status=200, location=, result=False, path=/components/person-panel-embed/
[INFO] 2026-06-05 09:08:05,501 middleware 1512694 139656672098112 should_redirect: user_authenticated=True, status=200, location=, result=False, path=/components/person-panel-embed/
[INFO] 2026-06-05 09:08:05,650 middleware 1512692 139656672098112 should_redirect: user_authenticated=True, status=200, location=, result=False, path=/components/tree/
[INFO] 2026-06-05 09:08:17,437 middleware 1512689 139656672098112 should_redirect: user_authenticated=True, status=200, location=, result=False, path=/components/person-search/
[INFO] 2026-06-05 09:08:18,996 middleware 1512690 139656672098112 should_redirect: user_authenticated=True, status=200, location=, result=False, path=/archives/person-basic/
[INFO] 2026-06-05 09:08:19,328 middleware 1512694 139656672098112 should_redirect: user_authenticated=True, status=200, location=, result=False, path=/archives/api/person-detail/
[INFO] 2026-06-05 09:08:21,774 middleware 1512695 139656672098112 should_redirect: user_authenticated=True, status=200, location=, result=False, path=/archives/image/scan/
[INFO] 2026-06-05 09:08:22,069 middleware 1512689 139656672098112 should_redirect: user_authenticated=True, status=200, location=, result=False, path=/components/person-panel-embed/
[INFO] 2026-06-05 09:08:22,073 middleware 1512688 139656672098112 should_redirect: user_authenticated=True, status=200, location=, result=False, path=/components/archive-tree-embed/
[INFO] 2026-06-05 09:08:22,260 middleware 1512690 139656672098112 should_redirect: user_authenticated=True, status=200, location=, result=False, path=/components/tree/
[INFO] 2026-06-05 09:08:39,828 middleware 1512695 139656672098112 should_redirect: user_authenticated=True, status=200, location=, result=False, path=/archives/image/scan/
[INFO] 2026-06-05 09:08:40,014 middleware 1512692 139656672098112 should_redirect: user_authenticated=True, status=200, location=, result=False, path=/components/person-panel-embed/
[INFO] 2026-06-05 09:08:40,055 middleware 1512690 139656672098112 should_redirect: user_authenticated=True, status=200, location=, result=False, path=/components/person-panel-embed/
[INFO] 2026-06-05 09:08:40,056 middleware 1512693 139656672098112 should_redirect: user_authenticated=True, status=200, location=, result=False, path=/components/archive-tree-embed/
[INFO] 2026-06-05 09:08:40,207 middleware 1512690 139656672098112 should_redirect: user_authenticated=True, status=200, location=, result=False, path=/components/tree/
[INFO] 2026-06-05 09:08:47,179 middleware 1512691 139656672098112 should_redirect: user_authenticated=True, status=200, location=, result=False, path=/components/person-search/
[INFO] 2026-06-05 09:08:47,953 middleware 1512689 139656672098112 should_redirect: user_authenticated=True, status=200, location=, result=False, path=/components/archive-tree-embed/
[INFO] 2026-06-05 09:08:48,033 middleware 1512690 139656672098112 should_redirect: user_authenticated=True, status=200, location=, result=False, path=/components/archive-tree/
[INFO] 2026-06-05 09:08:48,126 middleware 1512693 139656672098112 should_redirect: user_authenticated=True, status=200, location=, result=False, path=/components/scan-stats/
[INFO] 2026-06-05 09:08:49,987 middleware 1512694 139656672098112 should_redirect: user_authenticated=True, status=200, location=, result=False, path=/components/archive-tree/
[INFO] 2026-06-05 09:08:52,898 middleware 1512688 139656672098112 should_redirect: user_authenticated=True, status=200, location=, result=False, path=/archives/image/api/scan-check/
[INFO] 2026-06-05 09:08:54,571 middleware 1512691 139656672098112 should_redirect: user_authenticated=True, status=200, location=, result=False, path=/archives/image/api/scan-check/
[INFO] 2026-06-05 09:08:55,364 middleware 1512695 139656672098112 should_redirect: user_authenticated=True, status=200, location=, result=False, path=/archives/image/api/scan-check/
[INFO] 2026-06-05 09:08:56,775 middleware 1512695 139656672098112 should_redirect: user_authenticated=True, status=200, location=, result=False, path=/archives/image/api/scan-generate-pdf/
[INFO] 2026-06-05 09:08:56,793 middleware 1512690 139656672098112 should_redirect: user_authenticated=True, status=200, location=, result=False, path=/archives/image/api/scan-pdf/
[INFO] 2026-06-05 09:09:02,445 middleware 1512691 139656672098112 should_redirect: user_authenticated=True, status=200, location=, result=False, path=/archives/image/api/scan-check/
[INFO] 2026-06-05 09:09:03,547 middleware 1512694 139656672098112 should_redirect: user_authenticated=True, status=200, location=, result=False, path=/archives/image/api/scan-check/
[INFO] 2026-06-05 09:19:42,538 middleware 1512689 139656672098112 should_redirect: user_authenticated=True, status=200, location=, result=False, path=/components/person-search/
[INFO] 2026-06-05 09:19:43,171 middleware 1512692 139656672098112 should_redirect: user_authenticated=True, status=200, location=, result=False, path=/components/archive-tree-embed/
[INFO] 2026-06-05 09:19:43,296 middleware 1512693 139656672098112 should_redirect: user_authenticated=True, status=200, location=, result=False, path=/components/scan-stats/
[INFO] 2026-06-05 09:19:43,299 middleware 1512689 139656672098112 should_redirect: user_authenticated=True, status=200, location=, result=False, path=/components/archive-tree/
[INFO] 2026-06-05 09:19:45,752 middleware 1512695 139656672098112 should_redirect: user_authenticated=True, status=200, location=, result=False, path=/components/archive-tree/
[INFO] 2026-06-05 09:19:47,254 middleware 1512690 139656672098112 should_redirect: user_authenticated=True, status=200, location=, result=False, path=/archives/image/api/scan-check/
[INFO] 2026-06-05 09:19:48,922 middleware 1512695 139656672098112 should_redirect: user_authenticated=True, status=200, location=, result=False, path=/archives/image/api/scan-generate-pdf/
[INFO] 2026-06-05 09:19:48,940 middleware 1512695 139656672098112 should_redirect: user_authenticated=True, status=200, location=, result=False, path=/archives/image/api/scan-pdf/
[INFO] 2026-06-05 09:20:08,191 middleware 1512690 139656672098112 should_redirect: user_authenticated=True, status=200, location=, result=False, path=/archives/image/api/scan-check/
[INFO] 2026-06-05 09:20:10,020 middleware 1512690 139656672098112 should_redirect: user_authenticated=True, status=200, location=, result=False, path=/archives/image/api/scan-generate-pdf/
[INFO] 2026-06-05 09:20:10,035 middleware 1512690 139656672098112 should_redirect: user_authenticated=True, status=200, location=, result=False, path=/archives/image/api/scan-pdf/
[INFO] 2026-06-05 09:20:27,206 middleware 1512691 139656672098112 should_redirect: user_authenticated=True, status=200, location=, result=False, path=/archives/image/api/scan-check/
[INFO] 2026-06-05 09:20:28,571 middleware 1512691 139656672098112 should_redirect: user_authenticated=True, status=200, location=, result=False, path=/archives/image/api/scan-generate-pdf/
[INFO] 2026-06-05 09:20:28,590 middleware 1512691 139656672098112 should_redirect: user_authenticated=True, status=200, location=, result=False, path=/archives/image/api/scan-pdf/
[INFO] 2026-06-05 09:50:39,145 middleware 1512692 139656672098112 should_redirect: user_authenticated=True, status=200, location=, result=False, path=/archives/person
[INFO] 2026-06-05 09:50:41,661 middleware 1512692 139656672098112 should_redirect: user_authenticated=True, status=200, location=, result=False, path=/components/person-panel-embed/
[INFO] 2026-06-05 09:50:41,696 middleware 1512692 139656672098112 should_redirect: user_authenticated=True, status=200, location=, result=False, path=/components/person-panel-embed/
[INFO] 2026-06-05 09:50:41,824 middleware 1512688 139656672098112 should_redirect: user_authenticated=True, status=200, location=, result=False, path=/components/tree/
[INFO] 2026-06-05 09:51:09,793 middleware 1512689 139656672098112 should_redirect: user_authenticated=True, status=200, location=, result=False, path=/components/person-search/
[INFO] 2026-06-05 09:51:12,217 middleware 1512691 139656672098112 should_redirect: user_authenticated=True, status=200, location=, result=False, path=/archives/person-basic/
[INFO] 2026-06-05 09:51:12,553 middleware 1512694 139656672098112 should_redirect: user_authenticated=True, status=200, location=, result=False, path=/archives/api/person-detail/
[INFO] 2026-06-05 09:51:18,612 middleware 1512695 139656672098112 should_redirect: user_authenticated=True, status=200, location=, result=False, path=/archives/image/scan/
[INFO] 2026-06-05 09:51:18,764 middleware 1512695 139656672098112 should_redirect: user_authenticated=True, status=200, location=, result=False, path=/components/person-panel-embed/
[INFO] 2026-06-05 09:51:18,811 middleware 1512688 139656672098112 should_redirect: user_authenticated=True, status=200, location=, result=False, path=/components/person-panel-embed/
[INFO] 2026-06-05 09:51:18,815 middleware 1512690 139656672098112 should_redirect: user_authenticated=True, status=200, location=, result=False, path=/components/archive-tree-embed/
[INFO] 2026-06-05 09:51:18,978 middleware 1512695 139656672098112 should_redirect: user_authenticated=True, status=200, location=, result=False, path=/components/tree/
[INFO] 2026-06-05 09:51:21,011 middleware 1512694 139656672098112 should_redirect: user_authenticated=True, status=200, location=, result=False, path=/components/person-search/
[INFO] 2026-06-05 09:51:22,722 middleware 1512691 139656672098112 should_redirect: user_authenticated=True, status=200, location=, result=False, path=/components/archive-tree-embed/
[INFO] 2026-06-05 09:51:22,797 middleware 1512691 139656672098112 should_redirect: user_authenticated=True, status=200, location=, result=False, path=/components/archive-tree/
[INFO] 2026-06-05 09:51:22,867 middleware 1512690 139656672098112 should_redirect: user_authenticated=True, status=200, location=, result=False, path=/components/scan-stats/
[INFO] 2026-06-05 09:51:25,179 middleware 1512692 139656672098112 should_redirect: user_authenticated=True, status=200, location=, result=False, path=/components/archive-tree/
[INFO] 2026-06-05 09:51:26,643 middleware 1512692 139656672098112 should_redirect: user_authenticated=True, status=200, location=, result=False, path=/archives/image/api/scan-check/
[INFO] 2026-06-05 09:51:27,732 middleware 1512691 139656672098112 should_redirect: user_authenticated=True, status=200, location=, result=False, path=/archives/image/api/scan-generate-pdf/
[INFO] 2026-06-05 09:51:27,773 middleware 1512691 139656672098112 should_redirect: user_authenticated=True, status=200, location=, result=False, path=/archives/image/api/scan-pdf/
[INFO] 2026-06-05 09:52:23,705 middleware 1512693 139656672098112 should_redirect: user_authenticated=True, status=200, location=, result=False, path=/components/person-search/
[INFO] 2026-06-05 09:52:24,539 middleware 1512688 139656672098112 should_redirect: user_authenticated=True, status=200, location=, result=False, path=/components/archive-tree-embed/
[INFO] 2026-06-05 09:52:24,624 middleware 1512690 139656672098112 should_redirect: user_authenticated=True, status=200, location=, result=False, path=/components/archive-tree/
[INFO] 2026-06-05 09:52:24,749 middleware 1512695 139656672098112 should_redirect: user_authenticated=True, status=200, location=, result=False, path=/components/scan-stats/
[INFO] 2026-06-05 09:52:35,571 middleware 1512693 139656672098112 should_redirect: user_authenticated=True, status=200, location=, result=False, path=/components/person-search/
[INFO] 2026-06-05 09:52:36,275 middleware 1512693 139656672098112 should_redirect: user_authenticated=True, status=200, location=, result=False, path=/archives/person-basic/
[INFO] 2026-06-05 09:52:36,583 middleware 1512689 139656672098112 should_redirect: user_authenticated=True, status=200, location=, result=False, path=/archives/api/person-detail/
[INFO] 2026-06-05 09:52:43,958 middleware 1512692 139656672098112 should_redirect: user_authenticated=True, status=200, location=, result=False, path=/components/archive-tree/
[INFO] 2026-06-05 09:52:45,461 middleware 1512688 139656672098112 should_redirect: user_authenticated=True, status=200, location=, result=False, path=/archives/image/api/scan-check/
[INFO] 2026-06-05 09:52:46,540 middleware 1512691 139656672098112 should_redirect: user_authenticated=True, status=200, location=, result=False, path=/archives/image/api/scan-generate-pdf/
[INFO] 2026-06-05 09:52:46,556 middleware 1512691 139656672098112 should_redirect: user_authenticated=True, status=200, location=, result=False, path=/archives/image/api/scan-pdf/
[INFO] 2026-06-05 09:54:54,247 middleware 1512688 139656672098112 should_redirect: user_authenticated=False, status=302, location=/login/?next=/, result=True, path=/
[INFO] 2026-06-05 09:54:54,247 middleware 1512688 139656672098112 为用户 AnonymousUser 执行iframe登录跳转
[INFO] 2026-06-05 09:54:57,446 middleware 1512690 139656672098112 should_redirect: user_authenticated=False, status=404, location=, result=False, path=/das_images
[INFO] 2026-06-05 09:55:52,769 auth 1512690 139656672098112 用户 admin 登录成功
[INFO] 2026-06-05 09:55:52,784 middleware 1512690 139656672098112 should_redirect: user_authenticated=True, status=200, location=, result=False, path=/
[INFO] 2026-06-05 09:55:52,828 middleware 1512690 139656672098112 should_redirect: user_authenticated=True, status=200, location=, result=False, path=/
[INFO] 2026-06-05 09:55:52,975 middleware 1512691 139656672098112 should_redirect: user_authenticated=True, status=200, location=, result=False, path=/welcome/
[INFO] 2026-06-05 09:55:53,007 middleware 1512694 139656672098112 should_redirect: user_authenticated=True, status=200, location=, result=False, path=/menus/
[INFO] 2026-06-05 09:56:03,265 middleware 1512694 139656672098112 should_redirect: user_authenticated=True, status=200, location=, result=False, path=/archives/person
[INFO] 2026-06-05 09:56:03,331 middleware 1512688 139656672098112 should_redirect: user_authenticated=True, status=200, location=, result=False, path=/components/person-panel-embed/
[INFO] 2026-06-05 09:56:03,420 middleware 1512689 139656672098112 should_redirect: user_authenticated=True, status=200, location=, result=False, path=/components/person-panel-embed/
[INFO] 2026-06-05 09:56:03,461 middleware 1512689 139656672098112 should_redirect: user_authenticated=True, status=200, location=, result=False, path=/components/tree/
[INFO] 2026-06-05 09:56:05,470 middleware 1512691 139656672098112 should_redirect: user_authenticated=True, status=200, location=, result=False, path=/components/tree-children/
[INFO] 2026-06-05 09:56:06,696 middleware 1512694 139656672098112 should_redirect: user_authenticated=True, status=200, location=, result=False, path=/components/tree-children/
[INFO] 2026-06-05 09:56:07,402 middleware 1512690 139656672098112 should_redirect: user_authenticated=True, status=200, location=, result=False, path=/archives/person-basic/
[INFO] 2026-06-05 09:56:07,595 middleware 1512688 139656672098112 should_redirect: user_authenticated=True, status=200, location=, result=False, path=/archives/api/person-detail/
[INFO] 2026-06-05 09:57:14,027 middleware 1512695 139656672098112 should_redirect: user_authenticated=True, status=200, location=, result=False, path=/
[INFO] 2026-06-05 09:57:14,151 middleware 1512693 139656672098112 should_redirect: user_authenticated=True, status=200, location=, result=False, path=/welcome/
[INFO] 2026-06-05 09:57:14,166 middleware 1512690 139656672098112 should_redirect: user_authenticated=True, status=200, location=, result=False, path=/menus/
[INFO] 2026-06-05 09:57:39,395 middleware 1512691 139656672098112 should_redirect: user_authenticated=True, status=200, location=, result=False, path=/
[INFO] 2026-06-05 09:57:39,489 middleware 1512692 139656672098112 should_redirect: user_authenticated=True, status=200, location=, result=False, path=/welcome/
[INFO] 2026-06-05 09:57:39,508 middleware 1512692 139656672098112 should_redirect: user_authenticated=True, status=200, location=, result=False, path=/menus/
[INFO] 2026-06-05 09:57:42,720 middleware 1512693 139656672098112 should_redirect: user_authenticated=True, status=200, location=, result=False, path=/
[INFO] 2026-06-05 09:57:42,822 middleware 1512695 139656672098112 should_redirect: user_authenticated=True, status=200, location=, result=False, path=/welcome/
[INFO] 2026-06-05 09:57:42,833 middleware 1512690 139656672098112 should_redirect: user_authenticated=True, status=200, location=, result=False, path=/menus/
[INFO] 2026-06-05 09:57:51,970 middleware 1512692 139656672098112 should_redirect: user_authenticated=True, status=200, location=, result=False, path=/
[INFO] 2026-06-05 09:57:52,077 middleware 1512693 139656672098112 should_redirect: user_authenticated=True, status=200, location=, result=False, path=/welcome/
[INFO] 2026-06-05 09:57:52,088 middleware 1512692 139656672098112 should_redirect: user_authenticated=True, status=200, location=, result=False, path=/menus/
[INFO] 2026-06-05 09:57:54,946 middleware 1512690 139656672098112 should_redirect: user_authenticated=True, status=200, location=, result=False, path=/
[INFO] 2026-06-05 09:57:55,044 middleware 1512692 139656672098112 should_redirect: user_authenticated=True, status=200, location=, result=False, path=/welcome/
[INFO] 2026-06-05 09:57:55,056 middleware 1512694 139656672098112 should_redirect: user_authenticated=True, status=200, location=, result=False, path=/menus/
[INFO] 2026-06-05 09:58:01,011 middleware 1512693 139656672098112 should_redirect: user_authenticated=True, status=200, location=, result=False, path=/
[INFO] 2026-06-05 09:58:01,119 middleware 1512694 139656672098112 should_redirect: user_authenticated=True, status=200, location=, result=False, path=/welcome/
[INFO] 2026-06-05 09:58:01,135 middleware 1512689 139656672098112 should_redirect: user_authenticated=True, status=200, location=, result=False, path=/menus/
[INFO] 2026-06-05 09:58:07,906 middleware 1512695 139656672098112 should_redirect: user_authenticated=True, status=200, location=, result=False, path=/archives/person
[INFO] 2026-06-05 09:58:07,976 middleware 1512691 139656672098112 should_redirect: user_authenticated=True, status=200, location=, result=False, path=/components/person-panel-embed/
[INFO] 2026-06-05 09:58:08,057 middleware 1512695 139656672098112 should_redirect: user_authenticated=True, status=200, location=, result=False, path=/components/person-panel-embed/
[INFO] 2026-06-05 09:58:08,122 middleware 1512690 139656672098112 should_redirect: user_authenticated=True, status=200, location=, result=False, path=/components/tree/
[INFO] 2026-06-05 09:58:09,188 middleware 1512693 139656672098112 should_redirect: user_authenticated=True, status=200, location=, result=False, path=/archives/person-meeting/
[INFO] 2026-06-05 09:58:09,256 middleware 1512693 139656672098112 should_redirect: user_authenticated=True, status=200, location=, result=False, path=/components/person-panel-embed/
[INFO] 2026-06-05 09:58:09,292 middleware 1512693 139656672098112 should_redirect: user_authenticated=True, status=200, location=, result=False, path=/archives/api/meeting-batches/
[INFO] 2026-06-05 09:58:11,197 middleware 1512691 139656672098112 should_redirect: user_authenticated=True, status=200, location=, result=False, path=/business/archive-stats/
[INFO] 2026-06-05 09:58:11,667 middleware 1512691 139656672098112 should_redirect: user_authenticated=True, status=200, location=, result=False, path=/business/api/archive-stats/
[INFO] 2026-06-05 09:58:11,772 middleware 1512688 139656672098112 should_redirect: user_authenticated=True, status=200, location=, result=False, path=/business/api/archive-stats/
[INFO] 2026-06-05 09:58:11,829 middleware 1512688 139656672098112 should_redirect: user_authenticated=True, status=200, location=, result=False, path=/business/api/archive-stats/
[INFO] 2026-06-05 09:58:11,893 middleware 1512689 139656672098112 should_redirect: user_authenticated=True, status=200, location=, result=False, path=/business/api/archive-stats/
[INFO] 2026-06-05 09:58:11,934 middleware 1512688 139656672098112 should_redirect: user_authenticated=True, status=200, location=, result=False, path=/business/api/archive-stats/
[INFO] 2026-06-05 09:58:11,973 middleware 1512688 139656672098112 should_redirect: user_authenticated=True, status=200, location=, result=False, path=/business/api/archive-stats/
[INFO] 2026-06-05 09:58:12,028 middleware 1512694 139656672098112 should_redirect: user_authenticated=True, status=200, location=, result=False, path=/business/api/archive-stats/
[INFO] 2026-06-05 09:58:12,086 middleware 1512693 139656672098112 should_redirect: user_authenticated=True, status=200, location=, result=False, path=/business/api/archive-stats/
[INFO] 2026-06-05 09:58:12,147 middleware 1512688 139656672098112 should_redirect: user_authenticated=True, status=200, location=, result=False, path=/business/api/archive-stats/
[INFO] 2026-06-05 09:58:12,213 middleware 1512688 139656672098112 should_redirect: user_authenticated=True, status=200, location=, result=False, path=/business/api/archive-stats/
[INFO] 2026-06-05 09:58:13,686 middleware 1512691 139656672098112 should_redirect: user_authenticated=True, status=200, location=, result=False, path=/archivesSystem/meeting-admin/
[INFO] 2026-06-05 09:58:13,792 middleware 1512691 139656672098112 should_redirect: user_authenticated=True, status=200, location=, result=False, path=/archivesSystem/api/meeting-admin-all-batches/
[INFO] 2026-06-05 09:58:13,796 middleware 1512688 139656672098112 should_redirect: user_authenticated=True, status=200, location=, result=False, path=/archivesSystem/api/meeting-admin-batches/
[INFO] 2026-06-05 09:58:13,922 middleware 1512692 139656672098112 should_redirect: user_authenticated=True, status=200, location=, result=False, path=/business/api/archive-stats/checked/
[INFO] 2026-06-05 09:58:13,931 middleware 1512694 139656672098112 should_redirect: user_authenticated=True, status=200, location=, result=False, path=/archivesSystem/api/meeting-admin-list/
[INFO] 2026-06-05 09:58:19,907 middleware 1512695 139656672098112 should_redirect: user_authenticated=True, status=200, location=, result=False, path=/archives/image/editor/
[INFO] 2026-06-05 09:58:20,001 middleware 1512691 139656672098112 should_redirect: user_authenticated=True, status=200, location=, result=False, path=/components/person-panel-embed/
[INFO] 2026-06-05 09:58:20,008 middleware 1512695 139656672098112 should_redirect: user_authenticated=True, status=200, location=, result=False, path=/archives/image/process/
[INFO] 2026-06-05 09:58:20,049 middleware 1512694 139656672098112 should_redirect: user_authenticated=True, status=200, location=, result=False, path=/components/person-panel-embed/
[INFO] 2026-06-05 09:58:20,052 middleware 1512689 139656672098112 should_redirect: user_authenticated=True, status=200, location=, result=False, path=/components/archive-tree-embed/
[INFO] 2026-06-05 09:58:20,052 middleware 1512695 139656672098112 should_redirect: user_authenticated=True, status=200, location=, result=False, path=/archives/image/process/
[INFO] 2026-06-05 09:58:20,164 middleware 1512693 139656672098112 should_redirect: user_authenticated=True, status=200, location=, result=False, path=/components/tree/
[INFO] 2026-06-05 09:59:57,801 middleware 1512689 139656672098112 should_redirect: user_authenticated=True, status=200, location=, result=False, path=/
[INFO] 2026-06-05 09:59:57,924 middleware 1512692 139656672098112 should_redirect: user_authenticated=True, status=200, location=, result=False, path=/welcome/
[INFO] 2026-06-05 09:59:57,941 middleware 1512691 139656672098112 should_redirect: user_authenticated=True, status=200, location=, result=False, path=/menus/
[INFO] 2026-06-05 10:00:00,494 middleware 1512693 139656672098112 should_redirect: user_authenticated=True, status=200, location=, result=False, path=/
[INFO] 2026-06-05 10:00:00,593 middleware 1512693 139656672098112 should_redirect: user_authenticated=True, status=200, location=, result=False, path=/welcome/
[INFO] 2026-06-05 10:00:00,606 middleware 1512688 139656672098112 should_redirect: user_authenticated=True, status=200, location=, result=False, path=/menus/
[INFO] 2026-06-05 10:00:03,503 middleware 1512692 139656672098112 should_redirect: user_authenticated=True, status=200, location=, result=False, path=/
[INFO] 2026-06-05 10:00:03,602 middleware 1512692 139656672098112 should_redirect: user_authenticated=True, status=200, location=, result=False, path=/welcome/
[INFO] 2026-06-05 10:00:03,614 middleware 1512689 139656672098112 should_redirect: user_authenticated=True, status=200, location=, result=False, path=/menus/
[INFO] 2026-06-05 10:00:21,780 middleware 1512694 139656672098112 should_redirect: user_authenticated=True, status=200, location=, result=False, path=/
[INFO] 2026-06-05 10:00:21,887 middleware 1512693 139656672098112 should_redirect: user_authenticated=True, status=200, location=, result=False, path=/welcome/
[INFO] 2026-06-05 10:00:21,899 middleware 1512691 139656672098112 should_redirect: user_authenticated=True, status=200, location=, result=False, path=/menus/
[INFO] 2026-06-05 10:00:24,175 middleware 1512689 139656672098112 should_redirect: user_authenticated=True, status=200, location=, result=False, path=/
[INFO] 2026-06-05 10:00:24,291 middleware 1512691 139656672098112 should_redirect: user_authenticated=True, status=200, location=, result=False, path=/welcome/
[INFO] 2026-06-05 10:00:24,297 middleware 1512692 139656672098112 should_redirect: user_authenticated=True, status=200, location=, result=False, path=/menus/
[INFO] 2026-06-05 10:00:28,523 middleware 1512694 139656672098112 should_redirect: user_authenticated=True, status=200, location=, result=False, path=/
[INFO] 2026-06-05 10:00:28,802 middleware 1512688 139656672098112 should_redirect: user_authenticated=True, status=200, location=, result=False, path=/welcome/
[INFO] 2026-06-05 10:00:28,813 middleware 1512692 139656672098112 should_redirect: user_authenticated=True, status=200, location=, result=False, path=/menus/
[INFO] 2026-06-05 10:00:47,983 middleware 1512691 139656672098112 should_redirect: user_authenticated=True, status=200, location=, result=False, path=/
[INFO] 2026-06-05 10:00:48,270 middleware 1512693 139656672098112 should_redirect: user_authenticated=True, status=200, location=, result=False, path=/welcome/
[INFO] 2026-06-05 10:00:48,288 middleware 1512693 139656672098112 should_redirect: user_authenticated=True, status=200, location=, result=False, path=/menus/
[INFO] 2026-06-05 10:00:50,761 middleware 1512690 139656672098112 should_redirect: user_authenticated=True, status=200, location=, result=False, path=/
[INFO] 2026-06-05 10:00:51,057 middleware 1512690 139656672098112 should_redirect: user_authenticated=True, status=200, location=, result=False, path=/welcome/
[INFO] 2026-06-05 10:00:51,072 middleware 1512693 139656672098112 should_redirect: user_authenticated=True, status=200, location=, result=False, path=/menus/
[INFO] 2026-06-05 10:02:00,073 middleware 1512695 139656672098112 should_redirect: user_authenticated=True, status=200, location=, result=False, path=/
[INFO] 2026-06-05 10:02:00,362 middleware 1512694 139656672098112 should_redirect: user_authenticated=True, status=200, location=, result=False, path=/welcome/
[INFO] 2026-06-05 10:02:00,374 middleware 1512693 139656672098112 should_redirect: user_authenticated=True, status=200, location=, result=False, path=/menus/
[INFO] 2026-06-05 10:02:02,283 middleware 1512692 139656672098112 should_redirect: user_authenticated=True, status=200, location=, result=False, path=/
[INFO] 2026-06-05 10:02:02,551 middleware 1512689 139656672098112 should_redirect: user_authenticated=True, status=200, location=, result=False, path=/welcome/
[INFO] 2026-06-05 10:02:02,565 middleware 1512691 139656672098112 should_redirect: user_authenticated=True, status=200, location=, result=False, path=/menus/
[INFO] 2026-06-05 10:03:33,359 middleware 1608133 139980183762752 should_redirect: user_authenticated=True, status=200, location=, result=False, path=/
[INFO] 2026-06-05 10:03:33,661 middleware 1608133 139980183762752 should_redirect: user_authenticated=True, status=200, location=, result=False, path=/welcome/
[INFO] 2026-06-05 10:03:33,678 middleware 1608133 139980183762752 should_redirect: user_authenticated=True, status=200, location=, result=False, path=/menus/
[INFO] 2026-06-05 10:34:55,921 middleware 1608126 139980183762752 should_redirect: user_authenticated=True, status=200, location=, result=False, path=/business/archive-stats/
[INFO] 2026-06-05 10:34:57,118 middleware 1608125 139980183762752 should_redirect: user_authenticated=True, status=200, location=, result=False, path=/business/api/archive-stats/
[INFO] 2026-06-05 10:34:57,232 middleware 1608127 139980183762752 should_redirect: user_authenticated=True, status=200, location=, result=False, path=/business/api/archive-stats/
[INFO] 2026-06-05 10:34:57,334 middleware 1608132 139980183762752 should_redirect: user_authenticated=True, status=200, location=, result=False, path=/business/api/archive-stats/
[INFO] 2026-06-05 10:34:57,353 middleware 1608132 139980183762752 should_redirect: user_authenticated=True, status=200, location=, result=False, path=/business/api/archive-stats/
[INFO] 2026-06-05 10:34:57,374 middleware 1608132 139980183762752 should_redirect: user_authenticated=True, status=200, location=, result=False, path=/business/api/archive-stats/
[INFO] 2026-06-05 10:34:57,395 middleware 1608126 139980183762752 should_redirect: user_authenticated=True, status=200, location=, result=False, path=/business/api/archive-stats/
[INFO] 2026-06-05 10:34:57,520 middleware 1608129 139980183762752 should_redirect: user_authenticated=True, status=200, location=, result=False, path=/business/api/archive-stats/
[INFO] 2026-06-05 10:34:57,536 middleware 1608129 139980183762752 should_redirect: user_authenticated=True, status=200, location=, result=False, path=/business/api/archive-stats/
[INFO] 2026-06-05 10:34:57,549 middleware 1608132 139980183762752 should_redirect: user_authenticated=True, status=200, location=, result=False, path=/business/api/archive-stats/
[INFO] 2026-06-05 10:34:57,563 middleware 1608126 139980183762752 should_redirect: user_authenticated=True, status=200, location=, result=False, path=/business/api/archive-stats/
[INFO] 2026-06-05 10:34:58,538 middleware 1608132 139980183762752 should_redirect: user_authenticated=True, status=200, location=, result=False, path=/business/api/archive-stats/checked/
[INFO] 2026-06-05 10:35:16,855 middleware 1608128 139980183762752 should_redirect: user_authenticated=True, status=200, location=, result=False, path=/business/api/archive-stats/export-detail/
[INFO] 2026-06-05 10:37:52,477 middleware 1608133 139980183762752 should_redirect: user_authenticated=True, status=200, location=, result=False, path=/components/person-search/
[INFO] 2026-06-05 10:37:54,010 middleware 1608133 139980183762752 should_redirect: user_authenticated=True, status=200, location=, result=False, path=/archives/person-basic/
[INFO] 2026-06-05 10:37:54,368 middleware 1608126 139980183762752 should_redirect: user_authenticated=True, status=200, location=, result=False, path=/archives/api/person-detail/
[INFO] 2026-06-05 10:37:57,670 middleware 1608128 139980183762752 should_redirect: user_authenticated=True, status=200, location=, result=False, path=/archives/person-audit/
[INFO] 2026-06-05 10:37:57,957 middleware 1608128 139980183762752 should_redirect: user_authenticated=True, status=200, location=, result=False, path=/archives/api/audit/
[INFO] 2026-06-05 10:38:00,750 middleware 1608132 139980183762752 should_redirect: user_authenticated=True, status=200, location=, result=False, path=/archives/api/audit-proof-print/
[INFO] 2026-06-05 10:38:02,699 middleware 1608127 139980183762752 should_redirect: user_authenticated=True, status=200, location=, result=False, path=/archives/api/audit-proof-check/
[INFO] 2026-06-05 10:38:18,684 middleware 1608129 139980183762752 should_redirect: user_authenticated=True, status=200, location=, result=False, path=/archives/person-directory/
[INFO] 2026-06-05 10:38:18,936 middleware 1608129 139980183762752 should_redirect: user_authenticated=True, status=200, location=, result=False, path=/archives/api/directory-tree/
[INFO] 2026-06-05 10:38:22,721 middleware 1608128 139980183762752 should_redirect: user_authenticated=True, status=200, location=, result=False, path=/archives/api/directory-list/
[INFO] 2026-06-05 10:38:23,886 middleware 1608126 139980183762752 should_redirect: user_authenticated=True, status=200, location=, result=False, path=/archives/api/directory-list/
[INFO] 2026-06-05 10:38:41,311 middleware 1608127 139980183762752 should_redirect: user_authenticated=True, status=200, location=, result=False, path=/archives/api/directory-save/
[INFO] 2026-06-05 10:38:41,373 middleware 1608127 139980183762752 should_redirect: user_authenticated=True, status=200, location=, result=False, path=/archives/api/directory-list/
[INFO] 2026-06-05 10:39:21,467 middleware 1608133 139980183762752 should_redirect: user_authenticated=True, status=200, location=, result=False, path=/archives/api/directory-save/
[INFO] 2026-06-05 10:39:21,547 middleware 1608133 139980183762752 should_redirect: user_authenticated=True, status=200, location=, result=False, path=/archives/api/directory-list/
[INFO] 2026-06-05 10:39:25,025 middleware 1608127 139980183762752 should_redirect: user_authenticated=True, status=200, location=, result=False, path=/archives/person-salary/
[INFO] 2026-06-05 10:39:25,716 middleware 1608131 139980183762752 should_redirect: user_authenticated=True, status=200, location=, result=False, path=/archives/api/salary/
[INFO] 2026-06-05 10:39:28,921 middleware 1608125 139980183762752 should_redirect: user_authenticated=True, status=200, location=, result=False, path=/archives/api/salary/
[INFO] 2026-06-05 10:39:31,929 middleware 1608133 139980183762752 should_redirect: user_authenticated=True, status=200, location=, result=False, path=/archives/api/salary-bzfind/
[INFO] 2026-06-05 10:39:38,499 middleware 1608131 139980183762752 should_redirect: user_authenticated=True, status=200, location=, result=False, path=/archives/api/salary-bzfind/
[INFO] 2026-06-05 10:39:43,323 middleware 1608126 139980183762752 should_redirect: user_authenticated=True, status=200, location=, result=False, path=/archives/api/salary/
[INFO] 2026-06-05 10:39:46,284 middleware 1608125 139980183762752 should_redirect: user_authenticated=True, status=200, location=, result=False, path=/archives/api/salary-bzfind/
[INFO] 2026-06-05 10:39:56,257 middleware 1608127 139980183762752 should_redirect: user_authenticated=True, status=200, location=, result=False, path=/archives/api/salary-dcfind/
[INFO] 2026-06-05 10:39:56,306 middleware 1608127 139980183762752 should_redirect: user_authenticated=True, status=200, location=, result=False, path=/archives/api/salary-bzfind/
[INFO] 2026-06-05 10:40:01,885 middleware 1608126 139980183762752 should_redirect: user_authenticated=True, status=200, location=, result=False, path=/archives/api/salary-save/
[INFO] 2026-06-05 10:40:02,214 middleware 1608126 139980183762752 should_redirect: user_authenticated=True, status=200, location=, result=False, path=/archives/api/salary/
[INFO] 2026-06-05 10:40:04,721 middleware 1608127 139980183762752 should_redirect: user_authenticated=True, status=200, location=, result=False, path=/archives/person-audit/
[INFO] 2026-06-05 10:40:04,993 middleware 1608127 139980183762752 should_redirect: user_authenticated=True, status=200, location=, result=False, path=/archives/api/audit/
[INFO] 2026-06-05 10:40:06,905 middleware 1608133 139980183762752 should_redirect: user_authenticated=True, status=200, location=, result=False, path=/archives/api/audit-proof-print/
[INFO] 2026-06-05 10:40:07,627 middleware 1608133 139980183762752 should_redirect: user_authenticated=True, status=200, location=, result=False, path=/archives/api/audit-proof-print/
[INFO] 2026-06-05 10:40:11,697 middleware 1608132 139980183762752 should_redirect: user_authenticated=True, status=200, location=, result=False, path=/archives/api/audit-proof-print/
[INFO] 2026-06-05 10:40:11,870 middleware 1608132 139980183762752 should_redirect: user_authenticated=False, status=404, location=, result=False, path=/favicon.ico
[INFO] 2026-06-05 10:48:47,496 middleware 1608133 139980183762752 should_redirect: user_authenticated=True, status=200, location=, result=False, path=/archives/person
[INFO] 2026-06-05 10:48:47,656 middleware 1608133 139980183762752 should_redirect: user_authenticated=True, status=200, location=, result=False, path=/components/person-panel-embed/
[INFO] 2026-06-05 10:48:47,692 middleware 1608128 139980183762752 should_redirect: user_authenticated=True, status=200, location=, result=False, path=/components/person-panel-embed/
[INFO] 2026-06-05 10:48:47,827 middleware 1608133 139980183762752 should_redirect: user_authenticated=True, status=200, location=, result=False, path=/components/tree/
[INFO] 2026-06-05 10:49:02,199 middleware 1608125 139980183762752 should_redirect: user_authenticated=True, status=200, location=, result=False, path=/components/person-search/
[INFO] 2026-06-05 10:49:11,574 middleware 1608127 139980183762752 should_redirect: user_authenticated=True, status=200, location=, result=False, path=/archives/person-basic/
[INFO] 2026-06-05 10:49:11,871 middleware 1608125 139980183762752 should_redirect: user_authenticated=True, status=200, location=, result=False, path=/archives/api/person-detail/
[INFO] 2026-06-05 10:49:24,650 middleware 1608129 139980183762752 should_redirect: user_authenticated=True, status=200, location=, result=False, path=/archives/image/scan/
[INFO] 2026-06-05 10:49:24,822 middleware 1608126 139980183762752 should_redirect: user_authenticated=True, status=200, location=, result=False, path=/components/person-panel-embed/
[INFO] 2026-06-05 10:49:24,862 middleware 1608125 139980183762752 should_redirect: user_authenticated=True, status=200, location=, result=False, path=/components/person-panel-embed/
[INFO] 2026-06-05 10:49:24,865 middleware 1608128 139980183762752 should_redirect: user_authenticated=True, status=200, location=, result=False, path=/components/archive-tree-embed/
[INFO] 2026-06-05 10:49:25,033 middleware 1608128 139980183762752 should_redirect: user_authenticated=True, status=200, location=, result=False, path=/components/tree/
[INFO] 2026-06-05 10:49:27,758 middleware 1608129 139980183762752 should_redirect: user_authenticated=True, status=200, location=, result=False, path=/components/person-search/
[INFO] 2026-06-05 10:49:29,339 middleware 1608131 139980183762752 should_redirect: user_authenticated=True, status=200, location=, result=False, path=/components/archive-tree-embed/
[INFO] 2026-06-05 10:49:29,414 middleware 1608131 139980183762752 should_redirect: user_authenticated=True, status=200, location=, result=False, path=/components/archive-tree/
[INFO] 2026-06-05 10:49:29,490 middleware 1608129 139980183762752 should_redirect: user_authenticated=True, status=200, location=, result=False, path=/components/scan-stats/
[INFO] 2026-06-05 10:49:33,815 middleware 1608125 139980183762752 should_redirect: user_authenticated=True, status=200, location=, result=False, path=/components/archive-tree/
[INFO] 2026-06-05 10:49:35,290 middleware 1608128 139980183762752 should_redirect: user_authenticated=True, status=200, location=, result=False, path=/archives/image/api/scan-check/
[INFO] 2026-06-05 10:49:37,413 middleware 1608131 139980183762752 should_redirect: user_authenticated=True, status=200, location=, result=False, path=/archives/image/api/scan-generate-pdf/
[INFO] 2026-06-05 10:49:37,431 middleware 1608131 139980183762752 should_redirect: user_authenticated=True, status=200, location=, result=False, path=/archives/image/api/scan-pdf/
[INFO] 2026-06-05 10:49:54,948 middleware 1608131 139980183762752 should_redirect: user_authenticated=True, status=200, location=, result=False, path=/archives/image/api/scan-check/
[INFO] 2026-06-05 10:49:56,239 middleware 1608131 139980183762752 should_redirect: user_authenticated=True, status=200, location=, result=False, path=/archives/image/api/scan-generate-pdf/
[INFO] 2026-06-05 10:49:56,254 middleware 1608131 139980183762752 should_redirect: user_authenticated=True, status=200, location=, result=False, path=/archives/image/api/scan-pdf/
[INFO] 2026-06-05 10:50:24,768 middleware 1608129 139980183762752 should_redirect: user_authenticated=True, status=200, location=, result=False, path=/archives/image/api/scan-check/
[INFO] 2026-06-05 10:50:26,255 middleware 1608129 139980183762752 should_redirect: user_authenticated=True, status=200, location=, result=False, path=/archives/image/api/scan-generate-pdf/
[INFO] 2026-06-05 10:50:26,270 middleware 1608129 139980183762752 should_redirect: user_authenticated=True, status=200, location=, result=False, path=/archives/image/api/scan-pdf/
[INFO] 2026-06-05 14:25:46,359 middleware 1608132 139980183762752 should_redirect: user_authenticated=False, status=302, location=/login/?next=/, result=True, path=/
[INFO] 2026-06-05 14:25:46,375 middleware 1608132 139980183762752 为用户 AnonymousUser 执行iframe登录跳转
[INFO] 2026-06-05 14:26:02,410 auth 1608131 139980183762752 用户 admin 登录成功
[INFO] 2026-06-05 14:26:02,433 middleware 1608131 139980183762752 should_redirect: user_authenticated=True, status=200, location=, result=False, path=/
[INFO] 2026-06-05 14:26:02,460 middleware 1608131 139980183762752 should_redirect: user_authenticated=True, status=200, location=, result=False, path=/
[INFO] 2026-06-05 14:26:02,625 middleware 1608127 139980183762752 should_redirect: user_authenticated=True, status=200, location=, result=False, path=/welcome/
[INFO] 2026-06-05 14:26:02,700 middleware 1608129 139980183762752 should_redirect: user_authenticated=True, status=200, location=, result=False, path=/menus/
[INFO] 2026-06-05 14:26:05,754 middleware 1608133 139980183762752 should_redirect: user_authenticated=True, status=200, location=, result=False, path=/archives/person
[INFO] 2026-06-05 14:26:05,831 middleware 1608125 139980183762752 should_redirect: user_authenticated=True, status=200, location=, result=False, path=/components/person-panel-embed/
[INFO] 2026-06-05 14:26:05,917 middleware 1608127 139980183762752 should_redirect: user_authenticated=True, status=200, location=, result=False, path=/components/person-panel-embed/
[INFO] 2026-06-05 14:26:05,983 middleware 1608132 139980183762752 should_redirect: user_authenticated=True, status=200, location=, result=False, path=/components/tree/
[INFO] 2026-06-05 14:26:08,328 middleware 1608132 139980183762752 should_redirect: user_authenticated=True, status=200, location=, result=False, path=/archivesSystem/files/
[INFO] 2026-06-05 14:26:08,450 middleware 1608132 139980183762752 should_redirect: user_authenticated=True, status=200, location=, result=False, path=/archivesSystem/api/files/categories/
[INFO] 2026-06-05 14:26:25,646 middleware 1608131 139980183762752 should_redirect: user_authenticated=True, status=200, location=, result=False, path=/archivesSystem/api/files/list/
[INFO] 2026-06-05 14:26:26,444 middleware 1608128 139980183762752 should_redirect: user_authenticated=True, status=200, location=, result=False, path=/archivesSystem/api/files/list/
[INFO] 2026-06-05 14:26:27,748 middleware 1608133 139980183762752 should_redirect: user_authenticated=True, status=200, location=, result=False, path=/archivesSystem/api/files/list/
[INFO] 2026-06-05 14:26:28,635 middleware 1608129 139980183762752 should_redirect: user_authenticated=True, status=200, location=, result=False, path=/archivesSystem/api/files/list/
[INFO] 2026-06-05 14:26:29,854 middleware 1608125 139980183762752 should_redirect: user_authenticated=True, status=200, location=, result=False, path=/archivesSystem/api/files/list/
[INFO] 2026-06-05 14:26:30,390 middleware 1608129 139980183762752 should_redirect: user_authenticated=True, status=200, location=, result=False, path=/archivesSystem/api/files/list/
[INFO] 2026-06-05 14:26:32,557 middleware 1608126 139980183762752 should_redirect: user_authenticated=True, status=200, location=, result=False, path=/archivesSystem/api/files/list/
[INFO] 2026-06-05 14:26:32,995 middleware 1608126 139980183762752 should_redirect: user_authenticated=True, status=200, location=, result=False, path=/archivesSystem/api/files/list/
[INFO] 2026-06-05 14:26:33,454 middleware 1608125 139980183762752 should_redirect: user_authenticated=True, status=200, location=, result=False, path=/archivesSystem/api/files/list/
[INFO] 2026-06-05 14:26:33,670 middleware 1608132 139980183762752 should_redirect: user_authenticated=True, status=200, location=, result=False, path=/archivesSystem/api/files/list/
[INFO] 2026-06-05 14:26:33,875 middleware 1608132 139980183762752 should_redirect: user_authenticated=True, status=200, location=, result=False, path=/archivesSystem/api/files/list/
[INFO] 2026-06-05 14:26:35,974 middleware 1608132 139980183762752 should_redirect: user_authenticated=True, status=200, location=, result=False, path=/archivesSystem/api/files/list/
[INFO] 2026-06-05 14:26:36,847 middleware 1608125 139980183762752 should_redirect: user_authenticated=True, status=200, location=, result=False, path=/archivesSystem/api/files/list/
[INFO] 2026-06-05 14:26:37,138 middleware 1608125 139980183762752 should_redirect: user_authenticated=True, status=200, location=, result=False, path=/archivesSystem/api/files/list/
[INFO] 2026-06-05 14:26:40,046 middleware 1608131 139980183762752 should_redirect: user_authenticated=True, status=200, location=, result=False, path=/archivesSystem/api/files/list/
[INFO] 2026-06-05 14:41:59,801 middleware 1608131 139980183762752 should_redirect: user_authenticated=True, status=200, location=, result=False, path=/archives/person
[INFO] 2026-06-05 14:42:00,840 middleware 1608133 139980183762752 should_redirect: user_authenticated=True, status=200, location=, result=False, path=/components/person-panel-embed/
[INFO] 2026-06-05 14:42:00,932 middleware 1608131 139980183762752 should_redirect: user_authenticated=True, status=200, location=, result=False, path=/components/person-panel-embed/
[INFO] 2026-06-05 14:42:00,995 middleware 1608133 139980183762752 should_redirect: user_authenticated=True, status=200, location=, result=False, path=/components/tree/
[INFO] 2026-06-05 14:42:02,840 middleware 1608126 139980183762752 should_redirect: user_authenticated=True, status=200, location=, result=False, path=/business/archive-stats/
[INFO] 2026-06-05 14:42:03,252 middleware 1608133 139980183762752 should_redirect: user_authenticated=True, status=200, location=, result=False, path=/business/api/archive-stats/
[INFO] 2026-06-05 14:42:03,332 middleware 1608133 139980183762752 should_redirect: user_authenticated=True, status=200, location=, result=False, path=/business/api/archive-stats/
[INFO] 2026-06-05 14:42:03,385 middleware 1608133 139980183762752 should_redirect: user_authenticated=True, status=200, location=, result=False, path=/business/api/archive-stats/
[INFO] 2026-06-05 14:42:03,446 middleware 1608128 139980183762752 should_redirect: user_authenticated=True, status=200, location=, result=False, path=/business/api/archive-stats/
[INFO] 2026-06-05 14:42:03,502 middleware 1608126 139980183762752 should_redirect: user_authenticated=True, status=200, location=, result=False, path=/business/api/archive-stats/
[INFO] 2026-06-05 14:42:03,540 middleware 1608126 139980183762752 should_redirect: user_authenticated=True, status=200, location=, result=False, path=/business/api/archive-stats/
[INFO] 2026-06-05 14:42:03,595 middleware 1608129 139980183762752 should_redirect: user_authenticated=True, status=200, location=, result=False, path=/business/api/archive-stats/
[INFO] 2026-06-05 14:42:03,631 middleware 1608129 139980183762752 should_redirect: user_authenticated=True, status=200, location=, result=False, path=/business/api/archive-stats/
[INFO] 2026-06-05 14:42:03,666 middleware 1608128 139980183762752 should_redirect: user_authenticated=True, status=200, location=, result=False, path=/business/api/archive-stats/
[INFO] 2026-06-05 14:42:03,704 middleware 1608133 139980183762752 should_redirect: user_authenticated=True, status=200, location=, result=False, path=/business/api/archive-stats/
[INFO] 2026-06-05 14:42:04,617 middleware 1608133 139980183762752 should_redirect: user_authenticated=True, status=200, location=, result=False, path=/business/api/archive-stats/checked/
[INFO] 2026-06-05 14:42:13,711 middleware 1608127 139980183762752 should_redirect: user_authenticated=True, status=200, location=, result=False, path=/business/student-archives/
[INFO] 2026-06-05 14:42:13,836 middleware 1608129 139980183762752 should_redirect: user_authenticated=True, status=200, location=, result=False, path=/business/api/student-archives/list/
[INFO] 2026-06-05 14:42:20,773 middleware 1608132 139980183762752 should_redirect: user_authenticated=True, status=200, location=, result=False, path=/tools/diary/
[INFO] 2026-06-05 14:42:20,832 middleware 1608127 139980183762752 should_redirect: user_authenticated=True, status=200, location=, result=False, path=/tools/api/diary/list/
[INFO] 2026-06-05 14:42:23,414 middleware 1608127 139980183762752 should_redirect: user_authenticated=True, status=200, location=, result=False, path=/tools/encrypt/
[INFO] 2026-06-05 14:42:30,169 middleware 1608132 139980183762752 should_redirect: user_authenticated=True, status=200, location=, result=False, path=/tools/api/diary/detail/
[INFO] 2026-06-05 14:42:30,182 middleware 1608127 139980183762752 should_redirect: user_authenticated=True, status=200, location=, result=False, path=/tools/api/diary/list/
[INFO] 2026-06-05 14:42:32,945 middleware 1608131 139980183762752 should_redirect: user_authenticated=True, status=200, location=, result=False, path=/tools/api/diary/detail/
[INFO] 2026-06-05 14:42:32,965 middleware 1608131 139980183762752 should_redirect: user_authenticated=True, status=200, location=, result=False, path=/tools/api/diary/list/
[INFO] 2026-06-05 14:42:35,184 middleware 1608126 139980183762752 should_redirect: user_authenticated=True, status=200, location=, result=False, path=/tools/api/diary/detail/
[INFO] 2026-06-05 14:42:35,197 middleware 1608126 139980183762752 should_redirect: user_authenticated=True, status=200, location=, result=False, path=/tools/api/diary/list/
[INFO] 2026-06-05 14:42:40,529 middleware 1608132 139980183762752 should_redirect: user_authenticated=True, status=200, location=, result=False, path=/tools/api/diary/detail/
[INFO] 2026-06-05 14:42:40,540 middleware 1608132 139980183762752 should_redirect: user_authenticated=True, status=200, location=, result=False, path=/tools/api/diary/list/
[INFO] 2026-06-05 14:42:41,112 middleware 1608132 139980183762752 should_redirect: user_authenticated=True, status=200, location=, result=False, path=/tools/api/diary/detail/
[INFO] 2026-06-05 14:42:41,123 middleware 1608128 139980183762752 should_redirect: user_authenticated=True, status=200, location=, result=False, path=/tools/api/diary/list/
[INFO] 2026-06-05 14:42:42,161 middleware 1608128 139980183762752 should_redirect: user_authenticated=True, status=200, location=, result=False, path=/tools/api/diary/detail/
[INFO] 2026-06-05 14:42:42,170 middleware 1608128 139980183762752 should_redirect: user_authenticated=True, status=200, location=, result=False, path=/tools/api/diary/list/
[INFO] 2026-06-05 14:42:44,805 middleware 1608131 139980183762752 should_redirect: user_authenticated=True, status=200, location=, result=False, path=/tools/decrypt/
[INFO] 2026-06-05 14:55:01,006 middleware 1608128 139980183762752 should_redirect: user_authenticated=True, status=200, location=, result=False, path=/tools/linux/
[INFO] 2026-06-05 15:23:22,885 middleware 1637136 140375366420160 should_redirect: user_authenticated=True, status=200, location=, result=False, path=/
[INFO] 2026-06-05 15:23:23,329 middleware 1637136 140375366420160 should_redirect: user_authenticated=True, status=200, location=, result=False, path=/welcome/
[INFO] 2026-06-05 15:23:23,367 middleware 1637136 140375366420160 should_redirect: user_authenticated=True, status=200, location=, result=False, path=/menus/
[INFO] 2026-06-05 15:41:27,150 middleware 1608126 139980183762752 should_redirect: user_authenticated=True, status=200, location=, result=False, path=/components/person-search/
[INFO] 2026-06-05 15:41:29,484 middleware 1608128 139980183762752 should_redirect: user_authenticated=True, status=200, location=, result=False, path=/components/archive-tree-embed/
[INFO] 2026-06-05 15:41:29,505 middleware 1608131 139980183762752 should_redirect: user_authenticated=True, status=200, location=, result=False, path=/components/scan-stats/
[INFO] 2026-06-05 15:41:29,777 middleware 1608129 139980183762752 should_redirect: user_authenticated=True, status=200, location=, result=False, path=/components/archive-tree/
[INFO] 2026-06-05 15:41:38,678 middleware 1608127 139980183762752 should_redirect: user_authenticated=True, status=200, location=, result=False, path=/components/archive-tree/
[INFO] 2026-06-05 15:41:48,530 middleware 1608125 139980183762752 should_redirect: user_authenticated=True, status=200, location=, result=False, path=/archives/image/api/scan-check/
[INFO] 2026-06-05 15:41:50,379 middleware 1608129 139980183762752 should_redirect: user_authenticated=True, status=200, location=, result=False, path=/archives/image/api/scan-generate-pdf/
[INFO] 2026-06-05 15:41:50,391 middleware 1608129 139980183762752 should_redirect: user_authenticated=True, status=200, location=, result=False, path=/archives/image/api/scan-pdf/
[INFO] 2026-06-05 15:41:55,406 middleware 1608131 139980183762752 should_redirect: user_authenticated=True, status=200, location=, result=False, path=/components/archive-tree/
[INFO] 2026-06-05 15:42:11,287 middleware 1608128 139980183762752 should_redirect: user_authenticated=True, status=200, location=, result=False, path=/archives/image/api/scan-check/
[INFO] 2026-06-05 15:42:12,335 middleware 1608126 139980183762752 should_redirect: user_authenticated=True, status=200, location=, result=False, path=/archives/image/api/scan-generate-pdf/
[INFO] 2026-06-05 15:42:12,347 middleware 1608126 139980183762752 should_redirect: user_authenticated=True, status=200, location=, result=False, path=/archives/image/api/scan-pdf/
[INFO] 2026-06-05 15:42:38,126 middleware 1608129 139980183762752 should_redirect: user_authenticated=True, status=200, location=, result=False, path=/components/archive-tree/
[INFO] 2026-06-05 15:42:44,772 middleware 1608125 139980183762752 should_redirect: user_authenticated=True, status=200, location=, result=False, path=/archives/image/api/scan-check/
[INFO] 2026-06-05 15:42:46,010 middleware 1608125 139980183762752 should_redirect: user_authenticated=True, status=200, location=, result=False, path=/archives/image/api/scan-generate-pdf/
[INFO] 2026-06-05 15:42:46,022 middleware 1608125 139980183762752 should_redirect: user_authenticated=True, status=200, location=, result=False, path=/archives/image/api/scan-pdf/
[INFO] 2026-06-05 15:42:55,953 middleware 1608133 139980183762752 should_redirect: user_authenticated=True, status=200, location=, result=False, path=/archives/image/api/scan-check/
[INFO] 2026-06-05 15:42:57,970 middleware 1608133 139980183762752 should_redirect: user_authenticated=True, status=200, location=, result=False, path=/archives/image/api/scan-generate-pdf/
[INFO] 2026-06-05 15:42:57,989 middleware 1608133 139980183762752 should_redirect: user_authenticated=True, status=200, location=, result=False, path=/archives/image/api/scan-pdf/
[INFO] 2026-06-05 15:43:01,853 middleware 1608129 139980183762752 should_redirect: user_authenticated=True, status=200, location=, result=False, path=/archives/image/api/scan-check/
[INFO] 2026-06-05 15:43:02,658 middleware 1608133 139980183762752 should_redirect: user_authenticated=True, status=200, location=, result=False, path=/archives/image/api/scan-generate-pdf/
[INFO] 2026-06-05 15:43:02,675 middleware 1608133 139980183762752 should_redirect: user_authenticated=True, status=200, location=, result=False, path=/archives/image/api/scan-pdf/
[INFO] 2026-06-05 15:43:09,132 middleware 1608127 139980183762752 should_redirect: user_authenticated=True, status=200, location=, result=False, path=/archives/image/api/scan-check/
[INFO] 2026-06-05 15:43:13,407 middleware 1608127 139980183762752 should_redirect: user_authenticated=True, status=200, location=, result=False, path=/archives/image/api/scan-generate-pdf/
[INFO] 2026-06-05 15:43:13,434 middleware 1608125 139980183762752 should_redirect: user_authenticated=True, status=200, location=, result=False, path=/archives/image/api/scan-pdf/
[INFO] 2026-06-05 15:43:14,614 middleware 1608132 139980183762752 should_redirect: user_authenticated=True, status=200, location=, result=False, path=/archives/image/api/scan-check/
[INFO] 2026-06-05 15:43:18,004 middleware 1608129 139980183762752 should_redirect: user_authenticated=True, status=200, location=, result=False, path=/archives/image/api/scan-generate-pdf/
[INFO] 2026-06-05 15:43:19,543 middleware 1608129 139980183762752 should_redirect: user_authenticated=True, status=200, location=, result=False, path=/archives/image/api/scan-pdf/
[INFO] 2026-06-05 15:43:52,399 middleware 1608127 139980183762752 should_redirect: user_authenticated=True, status=200, location=, result=False, path=/archivesSystem/files/
[INFO] 2026-06-05 15:43:52,699 middleware 1608132 139980183762752 should_redirect: user_authenticated=True, status=200, location=, result=False, path=/archivesSystem/api/files/categories/
[INFO] 2026-06-05 15:44:01,248 middleware 1608129 139980183762752 should_redirect: user_authenticated=True, status=200, location=, result=False, path=/archivesSystem/api/files/list/
[INFO] 2026-06-05 15:44:15,738 middleware 1608132 139980183762752 should_redirect: user_authenticated=True, status=200, location=, result=False, path=/archivesSystem/api/files/download/
[INFO] 2026-06-05 15:44:25,192 middleware 1608129 139980183762752 should_redirect: user_authenticated=True, status=200, location=, result=False, path=/archivesSystem/api/files/download/
[INFO] 2026-06-05 15:44:25,510 middleware 1608126 139980183762752 should_redirect: user_authenticated=False, status=404, location=, result=False, path=/favicon.ico
[INFO] 2026-06-05 16:42:50,144 middleware 1641242 139688056506048 should_redirect: user_authenticated=True, status=200, location=, result=False, path=/archivesSystem/auto-names/
[INFO] 2026-06-05 16:42:50,491 middleware 1641242 139688056506048 should_redirect: user_authenticated=True, status=200, location=, result=False, path=/archivesSystem/api/auto-names/fl/
[INFO] 2026-06-05 16:42:50,504 middleware 1641242 139687972828864 should_redirect: user_authenticated=True, status=200, location=, result=False, path=/archivesSystem/api/auto-names/list/
[INFO] 2026-06-05 16:42:54,681 middleware 1641242 139687972828864 should_redirect: user_authenticated=True, status=200, location=, result=False, path=/archivesSystem/files/manage/
[INFO] 2026-06-05 16:42:54,778 middleware 1641242 139687972828864 should_redirect: user_authenticated=True, status=200, location=, result=False, path=/archivesSystem/files/dialog/add/
[INFO] 2026-06-05 16:42:54,861 middleware 1641242 139687972828864 should_redirect: user_authenticated=True, status=200, location=, result=False, path=/archivesSystem/api/files/categories/
[INFO] 2026-06-05 16:42:56,071 middleware 1641242 139687972828864 should_redirect: user_authenticated=True, status=200, location=, result=False, path=/archivesSystem/salary-standard/
[INFO] 2026-06-05 16:42:56,236 middleware 1641242 139687972828864 should_redirect: user_authenticated=True, status=200, location=, result=False, path=/archivesSystem/api/salary-standard-list/
[INFO] 2026-06-05 16:42:56,266 middleware 1641242 139688056506048 should_redirect: user_authenticated=True, status=200, location=, result=False, path=/archivesSystem/api/salary-standard-filters/
[INFO] 2026-06-05 16:42:57,821 middleware 1641242 139688056506048 should_redirect: user_authenticated=True, status=200, location=, result=False, path=/tools/diary/
[INFO] 2026-06-05 16:42:57,873 middleware 1641242 139688056506048 should_redirect: user_authenticated=True, status=200, location=, result=False, path=/tools/api/diary/list/
[INFO] 2026-06-05 16:43:20,694 middleware 1641242 139688056506048 should_redirect: user_authenticated=True, status=404, location=, result=False, path=/tools/mp3
[INFO] 2026-06-05 16:44:15,395 middleware 1641242 139688056506048 should_redirect: user_authenticated=True, status=200, location=, result=False, path=/tools/mp3/
[INFO] 2026-06-05 16:44:15,789 middleware 1641242 139687964436160 should_redirect: user_authenticated=True, status=404, location=, result=False, path=/favicon.ico
[INFO] 2026-06-05 16:44:58,096 middleware 1641242 139688056506048 should_redirect: user_authenticated=True, status=404, location=, result=False, path=/admin
[INFO] 2026-06-05 16:44:58,241 middleware 1641242 139688056506048 should_redirect: user_authenticated=True, status=200, location=, result=False, path=/admin/
[INFO] 2026-06-05 16:45:01,337 middleware 1641242 139688056506048 should_redirect: user_authenticated=True, status=200, location=, result=False, path=/admin/main/menu/
[INFO] 2026-06-05 16:45:01,908 middleware 1641242 139687972828864 should_redirect: user_authenticated=True, status=200, location=, result=False, path=/admin/jsi18n/
[INFO] 2026-06-05 16:45:10,550 middleware 1641242 139687964436160 should_redirect: user_authenticated=True, status=200, location=, result=False, path=/admin/main/menu/add/
[INFO] 2026-06-05 16:45:10,706 middleware 1641242 139687964436160 should_redirect: user_authenticated=True, status=200, location=, result=False, path=/admin/jsi18n/
[INFO] 2026-06-05 16:45:42,445 middleware 1641242 139687947650752 should_redirect: user_authenticated=True, status=302, location=/admin/main/menu/, result=False, path=/admin/main/menu/add/
[INFO] 2026-06-05 16:45:42,564 middleware 1641242 139687947650752 should_redirect: user_authenticated=True, status=200, location=, result=False, path=/admin/main/menu/
[INFO] 2026-06-05 16:45:42,642 middleware 1641242 139687947650752 should_redirect: user_authenticated=True, status=200, location=, result=False, path=/admin/jsi18n/
[INFO] 2026-06-05 16:45:51,905 middleware 1641242 139687947650752 should_redirect: user_authenticated=True, status=200, location=, result=False, path=/archive-users/
[INFO] 2026-06-05 16:45:52,059 middleware 1641242 139687947650752 should_redirect: user_authenticated=True, status=200, location=, result=False, path=/api/depart-list/
[INFO] 2026-06-05 16:45:52,063 middleware 1641242 139687964436160 should_redirect: user_authenticated=True, status=200, location=, result=False, path=/components/tree/
[INFO] 2026-06-05 16:45:53,608 middleware 1641242 139687964436160 should_redirect: user_authenticated=True, status=200, location=, result=False, path=/platform-users/
[INFO] 2026-06-05 16:45:53,734 middleware 1641242 139687964436160 should_redirect: user_authenticated=True, status=200, location=, result=False, path=/api/platform-users/list/
[INFO] 2026-06-05 16:45:53,751 middleware 1641242 139687964436160 should_redirect: user_authenticated=True, status=200, location=, result=False, path=/api/platform-groups/list/
[INFO] 2026-06-05 16:45:56,805 middleware 1641242 139687964436160 should_redirect: user_authenticated=True, status=200, location=, result=False, path=/groups/
[INFO] 2026-06-05 16:45:56,920 middleware 1641242 139687964436160 should_redirect: user_authenticated=True, status=200, location=, result=False, path=/api/platform-groups/list/
[INFO] 2026-06-05 16:45:56,945 middleware 1641242 139687964436160 should_redirect: user_authenticated=True, status=200, location=, result=False, path=/api/menu-tree/
[INFO] 2026-06-05 16:45:58,010 middleware 1641242 139687964436160 should_redirect: user_authenticated=True, status=200, location=, result=False, path=/api/group-menus/
[INFO] 2026-06-05 16:46:03,432 middleware 1641242 139687964436160 should_redirect: user_authenticated=True, status=200, location=, result=False, path=/api/platform-groups/save/
[INFO] 2026-06-05 16:46:03,463 middleware 1641242 139687964436160 should_redirect: user_authenticated=True, status=200, location=, result=False, path=/api/platform-groups/list/
[INFO] 2026-06-05 16:46:04,732 middleware 1641242 139687964436160 should_redirect: user_authenticated=True, status=200, location=, result=False, path=/api/group-menus/
[INFO] 2026-06-05 16:46:06,925 middleware 1641242 139687964436160 should_redirect: user_authenticated=True, status=200, location=, result=False, path=/api/platform-groups/save/
[INFO] 2026-06-05 16:46:06,963 middleware 1641242 139687964436160 should_redirect: user_authenticated=True, status=200, location=, result=False, path=/api/platform-groups/list/
[INFO] 2026-06-05 16:46:08,058 middleware 1641242 139687964436160 should_redirect: user_authenticated=True, status=200, location=, result=False, path=/api/group-menus/
[INFO] 2026-06-05 16:46:10,297 middleware 1641242 139687964436160 should_redirect: user_authenticated=True, status=200, location=, result=False, path=/api/platform-groups/save/
[INFO] 2026-06-05 16:46:10,327 middleware 1641242 139687964436160 should_redirect: user_authenticated=True, status=200, location=, result=False, path=/api/platform-groups/list/
[INFO] 2026-06-05 16:46:11,117 middleware 1641242 139687964436160 should_redirect: user_authenticated=True, status=200, location=, result=False, path=/api/group-menus/
[INFO] 2026-06-05 16:46:13,333 middleware 1641242 139687964436160 should_redirect: user_authenticated=True, status=200, location=, result=False, path=/api/platform-groups/save/
[INFO] 2026-06-05 16:46:13,371 middleware 1641242 139687964436160 should_redirect: user_authenticated=True, status=200, location=, result=False, path=/api/platform-groups/list/
[INFO] 2026-06-05 16:46:55,081 middleware 1641242 139687964436160 should_redirect: user_authenticated=True, status=200, location=, result=False, path=/admin/main/menu/add/
[INFO] 2026-06-05 16:46:55,119 middleware 1641242 139687964436160 should_redirect: user_authenticated=True, status=200, location=, result=False, path=/admin/jsi18n/
[INFO] 2026-06-05 16:47:24,057 middleware 1641242 139687964436160 should_redirect: user_authenticated=True, status=302, location=/admin/main/menu/, result=False, path=/admin/main/menu/add/
[INFO] 2026-06-05 16:47:24,193 middleware 1641242 139687964436160 should_redirect: user_authenticated=True, status=200, location=, result=False, path=/admin/main/menu/
[INFO] 2026-06-05 16:47:24,250 middleware 1641242 139687964436160 should_redirect: user_authenticated=True, status=200, location=, result=False, path=/admin/jsi18n/
[INFO] 2026-06-05 16:47:37,174 middleware 1641242 139687964436160 should_redirect: user_authenticated=True, status=200, location=, result=False, path=/admin/main/menu/62/change/
[INFO] 2026-06-05 16:47:37,209 middleware 1641242 139687964436160 should_redirect: user_authenticated=True, status=200, location=, result=False, path=/admin/jsi18n/
[INFO] 2026-06-05 16:47:41,413 middleware 1641242 139687964436160 should_redirect: user_authenticated=True, status=302, location=/admin/main/menu/, result=False, path=/admin/main/menu/62/change/
[INFO] 2026-06-05 16:47:41,554 middleware 1641242 139687964436160 should_redirect: user_authenticated=True, status=200, location=, result=False, path=/admin/main/menu/
[INFO] 2026-06-05 16:47:41,631 middleware 1641242 139687964436160 should_redirect: user_authenticated=True, status=200, location=, result=False, path=/admin/jsi18n/
[INFO] 2026-06-05 16:47:44,141 middleware 1641242 139687964436160 should_redirect: user_authenticated=True, status=200, location=, result=False, path=/admin/main/menu/73/change/
[INFO] 2026-06-05 16:47:44,175 middleware 1641242 139687964436160 should_redirect: user_authenticated=True, status=200, location=, result=False, path=/admin/jsi18n/
[INFO] 2026-06-05 16:47:48,185 middleware 1641242 139687964436160 should_redirect: user_authenticated=True, status=302, location=/admin/main/menu/, result=False, path=/admin/main/menu/73/change/
[INFO] 2026-06-05 16:47:48,323 middleware 1641242 139687964436160 should_redirect: user_authenticated=True, status=200, location=, result=False, path=/admin/main/menu/
[INFO] 2026-06-05 16:47:48,384 middleware 1641242 139687964436160 should_redirect: user_authenticated=True, status=200, location=, result=False, path=/admin/jsi18n/
[INFO] 2026-06-05 16:47:50,030 middleware 1641242 139687964436160 should_redirect: user_authenticated=True, status=200, location=, result=False, path=/admin/main/menugroup/
[INFO] 2026-06-05 16:47:50,079 middleware 1641242 139687964436160 should_redirect: user_authenticated=True, status=200, location=, result=False, path=/admin/jsi18n/
[INFO] 2026-06-05 16:47:57,687 middleware 1641242 139687964436160 should_redirect: user_authenticated=True, status=200, location=, result=False, path=/api/group-menus/
[INFO] 2026-06-05 16:48:03,010 middleware 1641242 139687964436160 should_redirect: user_authenticated=True, status=200, location=, result=False, path=/api/group-menus/save/
[INFO] 2026-06-05 16:48:03,058 middleware 1641242 139687964436160 should_redirect: user_authenticated=True, status=200, location=, result=False, path=/api/group-menus/
[INFO] 2026-06-05 16:48:04,164 middleware 1641242 139687964436160 should_redirect: user_authenticated=True, status=200, location=, result=False, path=/api/group-menus/
[INFO] 2026-06-05 16:48:09,676 middleware 1641242 139687964436160 should_redirect: user_authenticated=True, status=200, location=, result=False, path=/api/group-menus/save/
[INFO] 2026-06-05 16:48:09,707 middleware 1641242 139687964436160 should_redirect: user_authenticated=True, status=200, location=, result=False, path=/api/group-menus/
[INFO] 2026-06-05 16:48:10,688 middleware 1641242 139687964436160 should_redirect: user_authenticated=True, status=200, location=, result=False, path=/api/group-menus/
[INFO] 2026-06-05 16:48:13,349 middleware 1641242 139687964436160 should_redirect: user_authenticated=True, status=200, location=, result=False, path=/api/group-menus/save/
[INFO] 2026-06-05 16:48:13,398 middleware 1641242 139687964436160 should_redirect: user_authenticated=True, status=200, location=, result=False, path=/api/group-menus/
[INFO] 2026-06-05 16:48:14,180 middleware 1641242 139687964436160 should_redirect: user_authenticated=True, status=200, location=, result=False, path=/api/group-menus/
[INFO] 2026-06-05 16:48:16,914 middleware 1641242 139687964436160 should_redirect: user_authenticated=True, status=200, location=, result=False, path=/api/group-menus/save/
[INFO] 2026-06-05 16:48:16,951 middleware 1641242 139687964436160 should_redirect: user_authenticated=True, status=200, location=, result=False, path=/api/group-menus/
[INFO] 2026-06-05 16:48:17,927 middleware 1641242 139687964436160 should_redirect: user_authenticated=True, status=200, location=, result=False, path=/api/group-menus/
[INFO] 2026-06-05 16:48:32,090 middleware 1641242 139687964436160 should_redirect: user_authenticated=True, status=200, location=, result=False, path=/admin/main/menu/73/change/
[INFO] 2026-06-05 16:48:32,139 middleware 1641242 139687964436160 should_redirect: user_authenticated=True, status=200, location=, result=False, path=/admin/jsi18n/
[INFO] 2026-06-05 16:48:36,222 middleware 1641242 139687964436160 should_redirect: user_authenticated=True, status=302, location=/admin/main/menu/, result=False, path=/admin/main/menu/73/change/
[INFO] 2026-06-05 16:48:36,355 middleware 1641242 139687964436160 should_redirect: user_authenticated=True, status=200, location=, result=False, path=/admin/main/menu/
[INFO] 2026-06-05 16:48:36,425 middleware 1641242 139687964436160 should_redirect: user_authenticated=True, status=200, location=, result=False, path=/admin/jsi18n/
[INFO] 2026-06-05 16:48:41,528 middleware 1641242 139687964436160 should_redirect: user_authenticated=True, status=200, location=, result=False, path=/admin/main/menu/62/change/
[INFO] 2026-06-05 16:48:41,560 middleware 1641242 139687964436160 should_redirect: user_authenticated=True, status=200, location=, result=False, path=/admin/jsi18n/
[INFO] 2026-06-05 16:48:46,006 middleware 1641242 139687964436160 should_redirect: user_authenticated=True, status=302, location=/admin/main/menu/, result=False, path=/admin/main/menu/62/change/
[INFO] 2026-06-05 16:48:46,148 middleware 1641242 139687964436160 should_redirect: user_authenticated=True, status=200, location=, result=False, path=/admin/main/menu/
[INFO] 2026-06-05 16:48:46,224 middleware 1641242 139687964436160 should_redirect: user_authenticated=True, status=200, location=, result=False, path=/admin/jsi18n/
[INFO] 2026-06-05 16:48:55,691 middleware 1641242 139687964436160 should_redirect: user_authenticated=True, status=200, location=, result=False, path=/groups/
[INFO] 2026-06-05 16:48:55,837 middleware 1641242 139687964436160 should_redirect: user_authenticated=True, status=200, location=, result=False, path=/api/platform-groups/list/
[INFO] 2026-06-05 16:48:55,863 middleware 1641242 139687964436160 should_redirect: user_authenticated=True, status=200, location=, result=False, path=/api/menu-tree/
[INFO] 2026-06-05 16:48:57,078 middleware 1641242 139687964436160 should_redirect: user_authenticated=True, status=200, location=, result=False, path=/api/group-menus/
[INFO] 2026-06-05 16:49:01,260 middleware 1641242 139687964436160 should_redirect: user_authenticated=True, status=200, location=, result=False, path=/api/group-menus/save/
[INFO] 2026-06-05 16:49:01,309 middleware 1641242 139687964436160 should_redirect: user_authenticated=True, status=200, location=, result=False, path=/api/group-menus/
[INFO] 2026-06-05 16:49:07,017 middleware 1641242 139687964436160 should_redirect: user_authenticated=True, status=200, location=, result=False, path=/
[INFO] 2026-06-05 16:49:07,149 middleware 1641242 139687964436160 should_redirect: user_authenticated=True, status=200, location=, result=False, path=/welcome/
[INFO] 2026-06-05 16:49:07,190 middleware 1641242 139687964436160 should_redirect: user_authenticated=True, status=200, location=, result=False, path=/menus/
[INFO] 2026-06-05 16:49:09,639 middleware 1641242 139687964436160 should_redirect: user_authenticated=True, status=200, location=, result=False, path=/tools/mp3/manage/
[INFO] 2026-06-05 16:51:29,390 middleware 1608133 139980183762752 should_redirect: user_authenticated=True, status=200, location=, result=False, path=/archives/image/editor/
[INFO] 2026-06-05 16:51:29,651 middleware 1608133 139980183762752 should_redirect: user_authenticated=True, status=200, location=, result=False, path=/components/person-panel-embed/
[INFO] 2026-06-05 16:51:29,677 middleware 1608133 139980183762752 should_redirect: user_authenticated=True, status=200, location=, result=False, path=/components/person-panel-embed/
[INFO] 2026-06-05 16:51:29,692 middleware 1608126 139980183762752 should_redirect: user_authenticated=True, status=200, location=, result=False, path=/components/archive-tree-embed/
[INFO] 2026-06-05 16:51:29,694 middleware 1608127 139980183762752 should_redirect: user_authenticated=True, status=200, location=, result=False, path=/archives/image/process/
[INFO] 2026-06-05 16:51:29,704 middleware 1608129 139980183762752 should_redirect: user_authenticated=True, status=200, location=, result=False, path=/archives/image/process/
[INFO] 2026-06-05 16:51:29,842 middleware 1608126 139980183762752 should_redirect: user_authenticated=True, status=200, location=, result=False, path=/components/tree/
[INFO] 2026-06-05 16:51:39,011 middleware 1608126 139980183762752 should_redirect: user_authenticated=True, status=200, location=, result=False, path=/components/tree-children/
[INFO] 2026-06-05 16:51:47,851 middleware 1608129 139980183762752 should_redirect: user_authenticated=True, status=200, location=, result=False, path=/components/tree-children/
[INFO] 2026-06-05 16:51:48,671 middleware 1608131 139980183762752 should_redirect: user_authenticated=True, status=200, location=, result=False, path=/components/tree-children/
[INFO] 2026-06-05 16:52:01,540 middleware 1608132 139980183762752 should_redirect: user_authenticated=True, status=200, location=, result=False, path=/components/tree-children/
[INFO] 2026-06-05 16:52:03,155 middleware 1608129 139980183762752 should_redirect: user_authenticated=True, status=200, location=, result=False, path=/components/tree-children/
[INFO] 2026-06-05 16:52:06,932 middleware 1608132 139980183762752 should_redirect: user_authenticated=True, status=200, location=, result=False, path=/components/archive-tree-embed/
[INFO] 2026-06-05 16:52:06,993 middleware 1608132 139980183762752 should_redirect: user_authenticated=True, status=200, location=, result=False, path=/components/archive-tree/
[INFO] 2026-06-05 16:52:08,682 middleware 1608131 139980183762752 should_redirect: user_authenticated=True, status=200, location=, result=False, path=/components/archive-tree/
[INFO] 2026-06-05 16:52:51,139 middleware 1608127 139980183762752 should_redirect: user_authenticated=True, status=200, location=, result=False, path=/archivesSystem/files/manage/
[INFO] 2026-06-05 16:52:51,312 middleware 1608128 139980183762752 should_redirect: user_authenticated=True, status=200, location=, result=False, path=/archivesSystem/files/dialog/add/
[INFO] 2026-06-05 16:52:51,340 middleware 1608128 139980183762752 should_redirect: user_authenticated=True, status=200, location=, result=False, path=/archivesSystem/api/files/categories/
[INFO] 2026-06-05 16:52:55,340 middleware 1608131 139980183762752 should_redirect: user_authenticated=True, status=200, location=, result=False, path=/archivesSystem/api/files/manage/list/
[INFO] 2026-06-05 16:52:58,879 middleware 1608131 139980183762752 should_redirect: user_authenticated=True, status=200, location=, result=False, path=/archivesSystem/api/files/manage/list/
[INFO] 2026-06-05 16:53:02,781 middleware 1608131 139980183762752 should_redirect: user_authenticated=True, status=200, location=, result=False, path=/archivesSystem/api/files/manage/persons/
[INFO] 2026-06-05 16:53:02,824 middleware 1608133 139980183762752 should_redirect: user_authenticated=True, status=200, location=, result=False, path=/archivesSystem/api/files/download/
[INFO] 2026-06-05 16:53:05,668 middleware 1608132 139980183762752 should_redirect: user_authenticated=True, status=200, location=, result=False, path=/archivesSystem/files/dialog/edit/
[INFO] 2026-06-05 16:53:06,106 middleware 1608132 139980183762752 should_redirect: user_authenticated=True, status=200, location=, result=False, path=/archivesSystem/api/files/manage/persons/
[INFO] 2026-06-05 16:53:08,986 middleware 1608133 139980183762752 should_redirect: user_authenticated=True, status=200, location=, result=False, path=/archivesSystem/files/dialog/edit/
[INFO] 2026-06-05 16:53:08,997 middleware 1608126 139980183762752 should_redirect: user_authenticated=True, status=200, location=, result=False, path=/archivesSystem/api/files/manage/persons/
[INFO] 2026-06-05 16:53:09,046 middleware 1608127 139980183762752 should_redirect: user_authenticated=True, status=200, location=, result=False, path=/archivesSystem/api/files/download/
[INFO] 2026-06-05 16:53:09,105 middleware 1608131 139980183762752 should_redirect: user_authenticated=True, status=200, location=, result=False, path=/archivesSystem/api/files/manage/persons/
[INFO] 2026-06-05 16:53:15,524 middleware 1608129 139980183762752 should_redirect: user_authenticated=True, status=200, location=, result=False, path=/archivesSystem/files/dialog/edit/
[INFO] 2026-06-05 16:53:15,542 middleware 1608128 139980183762752 should_redirect: user_authenticated=True, status=200, location=, result=False, path=/archivesSystem/api/files/manage/persons/
[INFO] 2026-06-05 16:53:15,604 middleware 1608127 139980183762752 should_redirect: user_authenticated=True, status=200, location=, result=False, path=/archivesSystem/api/files/download/
[INFO] 2026-06-05 16:53:15,649 middleware 1608126 139980183762752 should_redirect: user_authenticated=True, status=200, location=, result=False, path=/archivesSystem/api/files/manage/persons/
[INFO] 2026-06-05 16:53:22,180 middleware 1608132 139980183762752 should_redirect: user_authenticated=True, status=200, location=, result=False, path=/archivesSystem/api/files/manage/persons/
[INFO] 2026-06-05 16:53:22,184 middleware 1608125 139980183762752 should_redirect: user_authenticated=True, status=200, location=, result=False, path=/archivesSystem/files/dialog/edit/
[INFO] 2026-06-05 16:53:22,220 middleware 1608125 139980183762752 should_redirect: user_authenticated=True, status=200, location=, result=False, path=/archivesSystem/api/files/download/
[INFO] 2026-06-05 16:53:22,280 middleware 1608125 139980183762752 should_redirect: user_authenticated=True, status=200, location=, result=False, path=/archivesSystem/api/files/manage/persons/
[INFO] 2026-06-05 16:53:32,013 middleware 1608127 139980183762752 should_redirect: user_authenticated=True, status=200, location=, result=False, path=/archivesSystem/files/dialog/edit/
[INFO] 2026-06-05 16:53:32,030 middleware 1608132 139980183762752 should_redirect: user_authenticated=True, status=200, location=, result=False, path=/archivesSystem/api/files/manage/persons/
[INFO] 2026-06-05 16:53:32,088 middleware 1608125 139980183762752 should_redirect: user_authenticated=True, status=200, location=, result=False, path=/archivesSystem/api/files/download/
[INFO] 2026-06-05 16:53:32,116 middleware 1608125 139980183762752 should_redirect: user_authenticated=True, status=200, location=, result=False, path=/archivesSystem/api/files/manage/persons/
[INFO] 2026-06-05 16:53:37,813 middleware 1608129 139980183762752 should_redirect: user_authenticated=True, status=200, location=, result=False, path=/archivesSystem/files/dialog/edit/
[INFO] 2026-06-05 16:53:37,829 middleware 1608133 139980183762752 should_redirect: user_authenticated=True, status=200, location=, result=False, path=/archivesSystem/api/files/manage/persons/
[INFO] 2026-06-05 16:53:37,866 middleware 1608133 139980183762752 should_redirect: user_authenticated=True, status=200, location=, result=False, path=/archivesSystem/api/files/download/
[INFO] 2026-06-05 16:53:37,912 middleware 1608133 139980183762752 should_redirect: user_authenticated=True, status=200, location=, result=False, path=/archivesSystem/api/files/manage/persons/
[INFO] 2026-06-05 16:53:42,534 middleware 1608131 139980183762752 should_redirect: user_authenticated=True, status=200, location=, result=False, path=/archivesSystem/files/dialog/edit/
[INFO] 2026-06-05 16:53:42,548 middleware 1608133 139980183762752 should_redirect: user_authenticated=True, status=200, location=, result=False, path=/archivesSystem/api/files/manage/persons/
[INFO] 2026-06-05 16:53:42,609 middleware 1608127 139980183762752 should_redirect: user_authenticated=True, status=200, location=, result=False, path=/archivesSystem/api/files/download/
[INFO] 2026-06-05 16:53:42,657 middleware 1608131 139980183762752 should_redirect: user_authenticated=True, status=200, location=, result=False, path=/archivesSystem/api/files/manage/persons/
[INFO] 2026-06-05 16:53:46,984 middleware 1608127 139980183762752 should_redirect: user_authenticated=True, status=200, location=, result=False, path=/archivesSystem/files/dialog/edit/
[INFO] 2026-06-05 16:53:46,996 middleware 1608133 139980183762752 should_redirect: user_authenticated=True, status=200, location=, result=False, path=/archivesSystem/api/files/manage/persons/
[INFO] 2026-06-05 16:53:47,062 middleware 1608133 139980183762752 should_redirect: user_authenticated=True, status=200, location=, result=False, path=/archivesSystem/api/files/download/
[INFO] 2026-06-05 16:53:47,200 middleware 1608133 139980183762752 should_redirect: user_authenticated=True, status=200, location=, result=False, path=/archivesSystem/api/files/manage/persons/
[INFO] 2026-06-05 16:55:07,891 middleware 1608133 139980183762752 should_redirect: user_authenticated=True, status=200, location=, result=False, path=/archivesSystem/files/dialog/edit/
[INFO] 2026-06-05 16:55:07,914 middleware 1608131 139980183762752 should_redirect: user_authenticated=True, status=200, location=, result=False, path=/archivesSystem/api/files/manage/persons/
[INFO] 2026-06-05 16:55:07,962 middleware 1608125 139980183762752 should_redirect: user_authenticated=True, status=200, location=, result=False, path=/archivesSystem/api/files/download/
[INFO] 2026-06-05 16:55:08,042 middleware 1608125 139980183762752 should_redirect: user_authenticated=True, status=200, location=, result=False, path=/archivesSystem/api/files/manage/persons/
[INFO] 2026-06-05 16:55:13,107 middleware 1608129 139980183762752 should_redirect: user_authenticated=True, status=200, location=, result=False, path=/archivesSystem/files/dialog/edit/
[INFO] 2026-06-05 16:55:13,120 middleware 1608127 139980183762752 should_redirect: user_authenticated=True, status=200, location=, result=False, path=/archivesSystem/api/files/manage/persons/
[INFO] 2026-06-05 16:55:13,180 middleware 1608129 139980183762752 should_redirect: user_authenticated=True, status=200, location=, result=False, path=/archivesSystem/api/files/download/
[INFO] 2026-06-05 16:55:13,229 middleware 1608132 139980183762752 should_redirect: user_authenticated=True, status=200, location=, result=False, path=/archivesSystem/api/files/manage/persons/
[INFO] 2026-06-05 16:55:17,157 middleware 1608132 139980183762752 should_redirect: user_authenticated=True, status=200, location=, result=False, path=/archivesSystem/files/dialog/edit/
[INFO] 2026-06-05 16:55:17,174 middleware 1608127 139980183762752 should_redirect: user_authenticated=True, status=200, location=, result=False, path=/archivesSystem/api/files/manage/persons/
[INFO] 2026-06-05 16:55:17,202 middleware 1608127 139980183762752 should_redirect: user_authenticated=True, status=200, location=, result=False, path=/archivesSystem/api/files/download/
[INFO] 2026-06-05 16:55:17,278 middleware 1608133 139980183762752 should_redirect: user_authenticated=True, status=200, location=, result=False, path=/archivesSystem/api/files/manage/persons/
[INFO] 2026-06-05 16:55:24,444 middleware 1608128 139980183762752 should_redirect: user_authenticated=True, status=200, location=, result=False, path=/archivesSystem/files/dialog/edit/
[INFO] 2026-06-05 16:55:24,461 middleware 1608133 139980183762752 should_redirect: user_authenticated=True, status=200, location=, result=False, path=/archivesSystem/api/files/manage/persons/
[INFO] 2026-06-05 16:55:24,516 middleware 1608125 139980183762752 should_redirect: user_authenticated=True, status=200, location=, result=False, path=/archivesSystem/api/files/download/
[INFO] 2026-06-05 16:55:24,543 middleware 1608125 139980183762752 should_redirect: user_authenticated=True, status=200, location=, result=False, path=/archivesSystem/api/files/manage/persons/
[INFO] 2026-06-05 16:55:57,649 middleware 1608126 139980183762752 should_redirect: user_authenticated=True, status=200, location=, result=False, path=/archivesSystem/salary-standard/
[INFO] 2026-06-05 16:55:57,903 middleware 1608131 139980183762752 should_redirect: user_authenticated=True, status=200, location=, result=False, path=/archivesSystem/api/salary-standard-list/
[INFO] 2026-06-05 16:55:57,917 middleware 1608125 139980183762752 should_redirect: user_authenticated=True, status=200, location=, result=False, path=/archivesSystem/api/salary-standard-filters/
[INFO] 2026-06-05 16:56:28,492 middleware 1608131 139980183762752 should_redirect: user_authenticated=True, status=200, location=, result=False, path=/archives/person
[INFO] 2026-06-05 16:56:28,655 middleware 1608131 139980183762752 should_redirect: user_authenticated=True, status=200, location=, result=False, path=/components/person-panel-embed/
[INFO] 2026-06-05 16:56:28,689 middleware 1608131 139980183762752 should_redirect: user_authenticated=True, status=200, location=, result=False, path=/components/person-panel-embed/
[INFO] 2026-06-05 16:56:28,816 middleware 1608133 139980183762752 should_redirect: user_authenticated=True, status=200, location=, result=False, path=/components/tree/
[INFO] 2026-06-05 16:56:32,294 middleware 1608132 139980183762752 should_redirect: user_authenticated=True, status=200, location=, result=False, path=/components/tree-children/
[INFO] 2026-06-05 16:56:39,214 middleware 1608133 139980183762752 should_redirect: user_authenticated=True, status=200, location=, result=False, path=/components/tree-children/
[INFO] 2026-06-05 16:56:41,079 middleware 1608131 139980183762752 should_redirect: user_authenticated=True, status=200, location=, result=False, path=/components/tree-children/
[INFO] 2026-06-05 16:56:42,823 middleware 1608126 139980183762752 should_redirect: user_authenticated=True, status=200, location=, result=False, path=/archives/person-basic/
[INFO] 2026-06-05 16:56:43,131 middleware 1608131 139980183762752 should_redirect: user_authenticated=True, status=200, location=, result=False, path=/archives/api/person-detail/
[INFO] 2026-06-05 16:56:49,010 middleware 1608127 139980183762752 should_redirect: user_authenticated=True, status=200, location=, result=False, path=/archives/person-family/
[INFO] 2026-06-05 16:56:49,244 middleware 1608128 139980183762752 should_redirect: user_authenticated=True, status=200, location=, result=False, path=/archives/api/family/
[INFO] 2026-06-05 16:56:56,303 middleware 1608125 139980183762752 should_redirect: user_authenticated=True, status=200, location=, result=False, path=/archives/person-cadre/
[INFO] 2026-06-05 16:56:56,532 middleware 1608132 139980183762752 should_redirect: user_authenticated=True, status=200, location=, result=False, path=/archives/api/cadre-list/
[INFO] 2026-06-05 16:56:58,130 middleware 1608126 139980183762752 should_redirect: user_authenticated=True, status=200, location=, result=False, path=/archives/api/cadre-detail/
[INFO] 2026-06-05 16:57:05,900 middleware 1608128 139980183762752 should_redirect: user_authenticated=True, status=200, location=, result=False, path=/archives/api/cadre-extract/
[INFO] 2026-06-05 16:57:42,819 middleware 1608125 139980183762752 should_redirect: user_authenticated=True, status=200, location=, result=False, path=/archives/image/scan/
[INFO] 2026-06-05 16:57:42,985 middleware 1608132 139980183762752 should_redirect: user_authenticated=True, status=200, location=, result=False, path=/components/person-panel-embed/
[INFO] 2026-06-05 16:57:43,030 middleware 1608125 139980183762752 should_redirect: user_authenticated=True, status=200, location=, result=False, path=/components/person-panel-embed/
[INFO] 2026-06-05 16:57:43,031 middleware 1608131 139980183762752 should_redirect: user_authenticated=True, status=200, location=, result=False, path=/components/archive-tree-embed/
[INFO] 2026-06-05 16:57:43,171 middleware 1608133 139980183762752 should_redirect: user_authenticated=True, status=200, location=, result=False, path=/components/tree/
[INFO] 2026-06-05 16:57:47,402 middleware 1608126 139980183762752 should_redirect: user_authenticated=True, status=200, location=, result=False, path=/archives/person-basic/
[INFO] 2026-06-05 16:57:47,785 middleware 1608129 139980183762752 should_redirect: user_authenticated=True, status=200, location=, result=False, path=/archives/api/person-detail/
[INFO] 2026-06-05 16:57:57,778 middleware 1608125 139980183762752 should_redirect: user_authenticated=True, status=200, location=, result=False, path=/components/person-search/
[INFO] 2026-06-05 16:57:58,583 middleware 1608127 139980183762752 should_redirect: user_authenticated=True, status=200, location=, result=False, path=/components/archive-tree-embed/
[INFO] 2026-06-05 16:57:58,661 middleware 1608132 139980183762752 should_redirect: user_authenticated=True, status=200, location=, result=False, path=/components/archive-tree/
[INFO] 2026-06-05 16:57:58,717 middleware 1608133 139980183762752 should_redirect: user_authenticated=True, status=200, location=, result=False, path=/components/scan-stats/
[INFO] 2026-06-05 16:58:01,039 middleware 1608126 139980183762752 should_redirect: user_authenticated=True, status=200, location=, result=False, path=/components/archive-tree/
[INFO] 2026-06-05 16:58:05,195 middleware 1608129 139980183762752 should_redirect: user_authenticated=True, status=200, location=, result=False, path=/components/archive-tree/
[INFO] 2026-06-05 16:58:09,727 middleware 1608129 139980183762752 should_redirect: user_authenticated=True, status=200, location=, result=False, path=/components/archive-tree/
[INFO] 2026-06-05 16:58:11,621 middleware 1608125 139980183762752 should_redirect: user_authenticated=True, status=200, location=, result=False, path=/archives/image/api/scan-check/
[INFO] 2026-06-05 16:58:13,213 middleware 1608127 139980183762752 should_redirect: user_authenticated=True, status=200, location=, result=False, path=/archives/image/api/scan-check/
[INFO] 2026-06-05 16:58:13,591 middleware 1608126 139980183762752 should_redirect: user_authenticated=True, status=200, location=, result=False, path=/archives/image/api/scan-generate-pdf/
[INFO] 2026-06-05 16:58:13,609 middleware 1608126 139980183762752 should_redirect: user_authenticated=True, status=200, location=, result=False, path=/archives/image/api/scan-pdf/
[INFO] 2026-06-05 16:58:16,759 middleware 1608129 139980183762752 should_redirect: user_authenticated=True, status=200, location=, result=False, path=/archives/image/api/scan-check/
[INFO] 2026-06-05 16:58:18,107 middleware 1608127 139980183762752 should_redirect: user_authenticated=True, status=200, location=, result=False, path=/archives/image/api/scan-generate-pdf/
[INFO] 2026-06-05 16:58:18,125 middleware 1608128 139980183762752 should_redirect: user_authenticated=True, status=200, location=, result=False, path=/archives/image/api/scan-pdf/
[INFO] 2026-06-05 16:58:21,367 middleware 1608131 139980183762752 should_redirect: user_authenticated=True, status=200, location=, result=False, path=/archives/image/api/scan-check/
[INFO] 2026-06-05 16:58:22,225 middleware 1608129 139980183762752 should_redirect: user_authenticated=True, status=200, location=, result=False, path=/archives/image/api/scan-generate-pdf/
[INFO] 2026-06-05 16:58:22,244 middleware 1608129 139980183762752 should_redirect: user_authenticated=True, status=200, location=, result=False, path=/archives/image/api/scan-pdf/
[INFO] 2026-06-05 16:58:37,784 middleware 1608127 139980183762752 should_redirect: user_authenticated=True, status=200, location=, result=False, path=/components/archive-tree/
[INFO] 2026-06-05 16:58:42,770 middleware 1608128 139980183762752 should_redirect: user_authenticated=True, status=200, location=, result=False, path=/archives/image/api/scan-check/
[INFO] 2026-06-05 16:58:43,372 middleware 1608129 139980183762752 should_redirect: user_authenticated=True, status=200, location=, result=False, path=/archives/image/api/scan-generate-pdf/
[INFO] 2026-06-05 16:58:43,383 middleware 1608129 139980183762752 should_redirect: user_authenticated=True, status=200, location=, result=False, path=/archives/image/api/scan-pdf/
[INFO] 2026-06-05 16:58:45,840 middleware 1608132 139980183762752 should_redirect: user_authenticated=True, status=200, location=, result=False, path=/archives/image/api/scan-check/
[INFO] 2026-06-05 16:58:49,111 middleware 1608129 139980183762752 should_redirect: user_authenticated=True, status=200, location=, result=False, path=/archives/image/api/scan-generate-pdf/
[INFO] 2026-06-05 16:58:49,125 middleware 1608129 139980183762752 should_redirect: user_authenticated=True, status=200, location=, result=False, path=/archives/image/api/scan-pdf/
[INFO] 2026-06-05 16:59:03,588 middleware 1608132 139980183762752 should_redirect: user_authenticated=True, status=200, location=, result=False, path=/archives/image/api/scan-check/
[INFO] 2026-06-05 16:59:04,360 middleware 1608131 139980183762752 should_redirect: user_authenticated=True, status=200, location=, result=False, path=/archives/image/api/scan-generate-pdf/
[INFO] 2026-06-05 16:59:04,378 middleware 1608131 139980183762752 should_redirect: user_authenticated=True, status=200, location=, result=False, path=/archives/image/api/scan-pdf/
[INFO] 2026-06-05 16:59:08,384 middleware 1608125 139980183762752 should_redirect: user_authenticated=True, status=200, location=, result=False, path=/archives/image/api/scan-check/
[INFO] 2026-06-05 16:59:09,168 middleware 1608133 139980183762752 should_redirect: user_authenticated=True, status=200, location=, result=False, path=/archives/image/api/scan-generate-pdf/
[INFO] 2026-06-05 16:59:09,178 middleware 1608133 139980183762752 should_redirect: user_authenticated=True, status=200, location=, result=False, path=/archives/image/api/scan-pdf/
[INFO] 2026-06-05 16:59:19,118 middleware 1608126 139980183762752 should_redirect: user_authenticated=True, status=200, location=, result=False, path=/archives/image/api/scan-check/
[INFO] 2026-06-05 16:59:24,222 middleware 1608127 139980183762752 should_redirect: user_authenticated=True, status=200, location=, result=False, path=/archives/image/api/scan-generate-pdf/
[INFO] 2026-06-05 16:59:24,237 middleware 1608127 139980183762752 should_redirect: user_authenticated=True, status=200, location=, result=False, path=/archives/image/api/scan-pdf/
[INFO] 2026-06-05 17:00:01,554 auth 1608132 139980183762752 用户 李家贤 退出登录
[INFO] 2026-06-05 17:00:01,555 middleware 1608132 139980183762752 should_redirect: user_authenticated=False, status=302, location=/login/, result=True, path=/logout/
[INFO] 2026-06-05 17:00:01,555 middleware 1608132 139980183762752 为用户 AnonymousUser 执行iframe登录跳转
[INFO] 2026-06-05 17:02:38,452 middleware 1641242 139687964436160 should_redirect: user_authenticated=True, status=200, location=, result=False, path=/groups/
[INFO] 2026-06-05 17:02:38,597 middleware 1641242 139687964436160 should_redirect: user_authenticated=True, status=200, location=, result=False, path=/api/platform-groups/list/
[INFO] 2026-06-05 17:02:38,637 middleware 1641242 139687964436160 should_redirect: user_authenticated=True, status=200, location=, result=False, path=/api/menu-tree/
[INFO] 2026-06-05 17:02:42,178 middleware 1641242 139687964436160 should_redirect: user_authenticated=True, status=200, location=, result=False, path=/api/group-menus/
[INFO] 2026-06-05 17:09:17,901 middleware 1643162 140129466353344 should_redirect: user_authenticated=True, status=200, location=, result=False, path=/tools/mp3/manage/
[INFO] 2026-06-05 17:09:19,076 middleware 1643162 140129466353344 should_redirect: user_authenticated=True, status=200, location=, result=False, path=/tools/mp3/
[INFO] 2026-06-05 18:50:00,226 middleware 1648268 140428031551168 should_redirect: user_authenticated=False, status=302, location=/login/?next=/, result=True, path=/
[INFO] 2026-06-05 18:50:00,226 middleware 1648268 140428031551168 为用户 AnonymousUser 执行iframe登录跳转
[INFO] 2026-06-05 18:50:14,003 auth 1648268 140428031551168 用户 admin 登录成功
[INFO] 2026-06-05 18:50:14,142 middleware 1648268 140428031551168 should_redirect: user_authenticated=True, status=200, location=, result=False, path=/
[INFO] 2026-06-05 18:50:14,373 middleware 1648268 140428031551168 should_redirect: user_authenticated=True, status=200, location=, result=False, path=/
[INFO] 2026-06-05 18:50:14,771 middleware 1648268 140428031551168 should_redirect: user_authenticated=True, status=200, location=, result=False, path=/welcome/
[INFO] 2026-06-05 18:50:14,826 middleware 1648268 140428031551168 should_redirect: user_authenticated=True, status=200, location=, result=False, path=/menus/
[INFO] 2026-06-05 18:50:18,610 middleware 1648268 140428031551168 should_redirect: user_authenticated=True, status=200, location=, result=False, path=/tools/mp3/manage/
[INFO] 2026-06-05 18:52:22,027 middleware 1648268 140427997210304 should_redirect: user_authenticated=True, status=200, location=, result=False, path=/tools/api/mp3/upload/
[INFO] 2026-06-05 18:52:22,210 middleware 1648268 140427997210304 should_redirect: user_authenticated=True, status=200, location=, result=False, path=/tools/api/mp3/list/
[INFO] 2026-06-05 18:52:31,580 middleware 1648268 140427997210304 should_redirect: user_authenticated=True, status=200, location=, result=False, path=/archivesSystem/log/
[INFO] 2026-06-05 18:52:31,822 middleware 1648268 140427997210304 should_redirect: user_authenticated=True, status=200, location=, result=False, path=/archivesSystem/api/log/types/
[INFO] 2026-06-05 18:52:32,003 middleware 1648268 140427997210304 should_redirect: user_authenticated=True, status=200, location=, result=False, path=/archivesSystem/api/log/query/
[INFO] 2026-06-05 18:52:32,596 middleware 1648268 140427997210304 should_redirect: user_authenticated=True, status=200, location=, result=False, path=/archivesSystem/files/manage/
[INFO] 2026-06-05 18:52:32,892 middleware 1648268 140427997210304 should_redirect: user_authenticated=True, status=200, location=, result=False, path=/archivesSystem/api/files/categories/
[INFO] 2026-06-05 18:52:37,524 middleware 1648268 140427997210304 should_redirect: user_authenticated=True, status=200, location=, result=False, path=/tools/mp3/
[INFO] 2026-06-05 18:52:37,705 middleware 1648268 140427997210304 should_redirect: user_authenticated=True, status=200, location=, result=False, path=/tools/api/mp3/letters/
[INFO] 2026-06-05 18:52:37,736 middleware 1648268 140427997210304 should_redirect: user_authenticated=True, status=200, location=, result=False, path=/tools/api/mp3/list/
[INFO] 2026-06-05 18:52:37,875 middleware 1648268 140427997210304 should_redirect: user_authenticated=True, status=200, location=, result=False, path=/tools/api/mp3/instruments/
[INFO] 2026-06-05 18:52:38,031 middleware 1648268 140427997210304 should_redirect: user_authenticated=True, status=200, location=, result=False, path=/tools/api/mp3/styles/
[INFO] 2026-06-05 18:52:41,298 middleware 1648268 140427997210304 should_redirect: user_authenticated=True, status=200, location=, result=False, path=/tools/api/mp3/play/
[INFO] 2026-06-05 18:56:59,822 middleware 1648268 140427997210304 should_redirect: user_authenticated=True, status=200, location=, result=False, path=/tools/api/mp3/delete/
[INFO] 2026-06-05 18:56:59,948 middleware 1648268 140427997210304 should_redirect: user_authenticated=True, status=200, location=, result=False, path=/tools/api/mp3/list/
[INFO] 2026-06-05 18:58:45,162 middleware 1649190 140499556992704 should_redirect: user_authenticated=True, status=200, location=, result=False, path=/tools/mp3/
[INFO] 2026-06-05 18:58:45,358 middleware 1649190 140499556992704 should_redirect: user_authenticated=True, status=200, location=, result=False, path=/tools/api/mp3/letters/
[INFO] 2026-06-05 18:58:45,402 middleware 1649190 140499556992704 should_redirect: user_authenticated=True, status=200, location=, result=False, path=/tools/api/mp3/list/
[INFO] 2026-06-05 18:58:45,522 middleware 1649190 140499556992704 should_redirect: user_authenticated=True, status=200, location=, result=False, path=/tools/api/mp3/instruments/
[INFO] 2026-06-05 18:58:45,658 middleware 1649190 140499556992704 should_redirect: user_authenticated=True, status=200, location=, result=False, path=/tools/api/mp3/styles/
[INFO] 2026-06-05 18:58:47,901 middleware 1649190 140499556992704 should_redirect: user_authenticated=True, status=200, location=, result=False, path=/tools/mp3/manage/
[INFO] 2026-06-05 18:58:48,067 middleware 1649190 140499556992704 should_redirect: user_authenticated=True, status=200, location=, result=False, path=/tools/api/mp3/list/
[INFO] 2026-06-05 18:59:38,344 middleware 1649448 139681044338368 should_redirect: user_authenticated=True, status=200, location=, result=False, path=/tools/api/mp3/upload/
[INFO] 2026-06-05 18:59:38,485 middleware 1649448 139681044338368 should_redirect: user_authenticated=True, status=200, location=, result=False, path=/tools/api/mp3/list/
[INFO] 2026-06-05 18:59:53,420 middleware 1649448 139681044338368 should_redirect: user_authenticated=True, status=200, location=, result=False, path=/tools/api/mp3/delete/
[INFO] 2026-06-05 18:59:53,546 middleware 1649448 139681044338368 should_redirect: user_authenticated=True, status=200, location=, result=False, path=/tools/api/mp3/list/
[INFO] 2026-06-05 19:05:10,559 middleware 1649868 139726794180288 should_redirect: user_authenticated=True, status=200, location=, result=False, path=/tools/mp3/manage/
[INFO] 2026-06-05 19:05:10,741 middleware 1649868 139726794180288 should_redirect: user_authenticated=True, status=200, location=, result=False, path=/tools/api/mp3/list/
[INFO] 2026-06-05 19:05:56,288 middleware 1649868 139726794180288 should_redirect: user_authenticated=True, status=200, location=, result=False, path=/tools/api/mp3/upload/
[INFO] 2026-06-05 19:05:56,439 middleware 1649868 139726794180288 should_redirect: user_authenticated=True, status=200, location=, result=False, path=/tools/api/mp3/list/
[INFO] 2026-06-05 19:06:09,016 middleware 1649868 139726794180288 should_redirect: user_authenticated=True, status=200, location=, result=False, path=/tools/mp3/
[INFO] 2026-06-05 19:06:09,204 middleware 1649868 139726794180288 should_redirect: user_authenticated=True, status=200, location=, result=False, path=/tools/api/mp3/letters/
[INFO] 2026-06-05 19:06:09,246 middleware 1649868 139726794180288 should_redirect: user_authenticated=True, status=200, location=, result=False, path=/tools/api/mp3/list/
[INFO] 2026-06-05 19:06:09,372 middleware 1649868 139726794180288 should_redirect: user_authenticated=True, status=200, location=, result=False, path=/tools/api/mp3/instruments/
[INFO] 2026-06-05 19:06:09,499 middleware 1649868 139726794180288 should_redirect: user_authenticated=True, status=200, location=, result=False, path=/tools/api/mp3/styles/
[INFO] 2026-06-05 19:06:10,779 middleware 1649868 139726794180288 should_redirect: user_authenticated=True, status=200, location=, result=False, path=/tools/api/mp3/play/
[INFO] 2026-06-05 19:07:14,866 middleware 1649868 139726794180288 should_redirect: user_authenticated=True, status=200, location=, result=False, path=/tools/mp3/manage/
[INFO] 2026-06-05 19:07:15,016 middleware 1649868 139726794180288 should_redirect: user_authenticated=True, status=200, location=, result=False, path=/tools/api/mp3/list/
[INFO] 2026-06-05 19:07:27,912 middleware 1649868 139726794180288 should_redirect: user_authenticated=True, status=200, location=, result=False, path=/tools/api/mp3/upload/
[INFO] 2026-06-05 19:07:28,056 middleware 1649868 139726794180288 should_redirect: user_authenticated=True, status=200, location=, result=False, path=/tools/api/mp3/list/
[INFO] 2026-06-05 19:07:46,800 middleware 1649868 139726794180288 should_redirect: user_authenticated=True, status=200, location=, result=False, path=/tools/mp3/
[INFO] 2026-06-05 19:07:46,978 middleware 1649868 139726794180288 should_redirect: user_authenticated=True, status=200, location=, result=False, path=/tools/api/mp3/list/
[INFO] 2026-06-05 19:07:47,561 middleware 1649868 139726794180288 should_redirect: user_authenticated=True, status=200, location=, result=False, path=/tools/api/mp3/letters/
[INFO] 2026-06-05 19:07:47,723 middleware 1649868 139726794180288 should_redirect: user_authenticated=True, status=200, location=, result=False, path=/tools/api/mp3/instruments/
[INFO] 2026-06-05 19:07:47,861 middleware 1649868 139726794180288 should_redirect: user_authenticated=True, status=200, location=, result=False, path=/tools/api/mp3/styles/
[INFO] 2026-06-05 19:07:48,602 middleware 1649868 139726794180288 should_redirect: user_authenticated=True, status=200, location=, result=False, path=/tools/api/mp3/play/
[INFO] 2026-06-05 19:07:55,865 middleware 1649868 139726794180288 should_redirect: user_authenticated=True, status=200, location=, result=False, path=/tools/api/mp3/list/
[INFO] 2026-06-05 19:07:56,718 middleware 1649868 139726794180288 should_redirect: user_authenticated=True, status=200, location=, result=False, path=/tools/api/mp3/list/
[INFO] 2026-06-05 19:07:57,819 middleware 1649868 139726794180288 should_redirect: user_authenticated=True, status=200, location=, result=False, path=/tools/api/mp3/list/
[INFO] 2026-06-05 19:10:34,371 middleware 1649868 139726794180288 should_redirect: user_authenticated=True, status=200, location=, result=False, path=/tools/mp3/manage/
[INFO] 2026-06-05 19:10:34,575 middleware 1649868 139726794180288 should_redirect: user_authenticated=True, status=200, location=, result=False, path=/tools/api/mp3/list/
[INFO] 2026-06-05 19:10:48,492 middleware 1649868 139726794180288 should_redirect: user_authenticated=True, status=200, location=, result=False, path=/tools/api/mp3/delete/
[INFO] 2026-06-05 19:10:48,722 middleware 1649868 139726794180288 should_redirect: user_authenticated=True, status=200, location=, result=False, path=/tools/api/mp3/list/
[INFO] 2026-06-05 19:10:51,222 middleware 1649868 139726794180288 should_redirect: user_authenticated=True, status=200, location=, result=False, path=/tools/api/mp3/delete/
[INFO] 2026-06-05 19:10:51,367 middleware 1649868 139726794180288 should_redirect: user_authenticated=True, status=200, location=, result=False, path=/tools/api/mp3/list/
[INFO] 2026-06-05 19:14:50,538 middleware 1650594 140221736920768 should_redirect: user_authenticated=True, status=200, location=, result=False, path=/tools/api/mp3/upload/
[INFO] 2026-06-05 19:14:50,686 middleware 1650594 140221736920768 should_redirect: user_authenticated=True, status=200, location=, result=False, path=/tools/api/mp3/list/
[INFO] 2026-06-05 19:14:56,238 middleware 1650594 140221736920768 should_redirect: user_authenticated=True, status=200, location=, result=False, path=/tools/mp3/
[INFO] 2026-06-05 19:14:56,434 middleware 1650594 140221736920768 should_redirect: user_authenticated=True, status=200, location=, result=False, path=/tools/api/mp3/letters/
[INFO] 2026-06-05 19:14:56,480 middleware 1650594 140221736920768 should_redirect: user_authenticated=True, status=200, location=, result=False, path=/tools/api/mp3/list/
[INFO] 2026-06-05 19:14:56,591 middleware 1650594 140221736920768 should_redirect: user_authenticated=True, status=200, location=, result=False, path=/tools/api/mp3/instruments/
[INFO] 2026-06-05 19:14:56,731 middleware 1650594 140221736920768 should_redirect: user_authenticated=True, status=200, location=, result=False, path=/tools/api/mp3/styles/
[INFO] 2026-06-05 19:14:58,408 middleware 1650594 140221736920768 should_redirect: user_authenticated=True, status=200, location=, result=False, path=/tools/api/mp3/play/
[INFO] 2026-06-05 19:15:53,828 middleware 1650594 140221736920768 should_redirect: user_authenticated=True, status=200, location=, result=False, path=/tools/mp3/manage/
[INFO] 2026-06-05 19:15:54,000 middleware 1650594 140221736920768 should_redirect: user_authenticated=True, status=200, location=, result=False, path=/tools/api/mp3/list/
[INFO] 2026-06-05 19:16:01,066 middleware 1650594 140221736920768 should_redirect: user_authenticated=True, status=200, location=, result=False, path=/tools/mp3/
[INFO] 2026-06-05 19:16:01,237 middleware 1650594 140221736920768 should_redirect: user_authenticated=True, status=200, location=, result=False, path=/tools/api/mp3/letters/
[INFO] 2026-06-05 19:16:01,283 middleware 1650594 140221736920768 should_redirect: user_authenticated=True, status=200, location=, result=False, path=/tools/api/mp3/list/
[INFO] 2026-06-05 19:16:01,369 middleware 1650594 140221736920768 should_redirect: user_authenticated=True, status=200, location=, result=False, path=/tools/api/mp3/instruments/
[INFO] 2026-06-05 19:16:01,518 middleware 1650594 140221736920768 should_redirect: user_authenticated=True, status=200, location=, result=False, path=/tools/api/mp3/styles/
[INFO] 2026-06-05 19:16:14,509 middleware 1650594 140221736920768 should_redirect: user_authenticated=True, status=404, location=, result=False, path=/tools/mp3
[INFO] 2026-06-05 19:16:14,656 middleware 1650594 140221736920768 should_redirect: user_authenticated=True, status=200, location=, result=False, path=/tools/mp3/
[INFO] 2026-06-05 19:16:16,492 middleware 1650594 140221736920768 should_redirect: user_authenticated=True, status=200, location=, result=False, path=/tools/api/mp3/letters/
[INFO] 2026-06-05 19:16:16,584 middleware 1650594 140221736920768 should_redirect: user_authenticated=True, status=200, location=, result=False, path=/tools/api/mp3/list/
[INFO] 2026-06-05 19:16:16,615 middleware 1650594 140221736920768 should_redirect: user_authenticated=True, status=404, location=, result=False, path=/favicon.ico
[INFO] 2026-06-05 19:16:16,674 middleware 1650594 140221736920768 should_redirect: user_authenticated=True, status=200, location=, result=False, path=/tools/api/mp3/instruments/
[INFO] 2026-06-05 19:16:16,817 middleware 1650594 140221736920768 should_redirect: user_authenticated=True, status=200, location=, result=False, path=/tools/api/mp3/styles/
[INFO] 2026-06-05 19:16:18,315 middleware 1650594 140221736920768 should_redirect: user_authenticated=True, status=200, location=, result=False, path=/tools/api/mp3/play/
[INFO] 2026-06-05 19:16:18,578 middleware 1650594 140221613078208 should_redirect: user_authenticated=True, status=404, location=, result=False, path=/favicon.ico
[INFO] 2026-06-05 19:17:37,954 middleware 1650594 140221736920768 should_redirect: user_authenticated=True, status=200, location=, result=False, path=/tools/api/mp3/upload/
[INFO] 2026-06-05 19:17:38,106 middleware 1650594 140221736920768 should_redirect: user_authenticated=True, status=200, location=, result=False, path=/tools/api/mp3/list/
[INFO] 2026-06-05 19:17:48,673 middleware 1650594 140221736920768 should_redirect: user_authenticated=True, status=200, location=, result=False, path=/tools/api/mp3/list/
[INFO] 2026-06-05 19:17:51,012 middleware 1650594 140221736920768 should_redirect: user_authenticated=True, status=200, location=, result=False, path=/tools/api/mp3/play/
[INFO] 2026-06-05 19:22:20,753 middleware 1650594 140221736920768 should_redirect: user_authenticated=True, status=200, location=, result=False, path=/tools/api/mp3/play/
[INFO] 2026-06-05 19:23:35,581 middleware 1651236 139822177326784 should_redirect: user_authenticated=True, status=200, location=, result=False, path=/tools/api/mp3/upload/
[INFO] 2026-06-05 19:23:35,717 middleware 1651236 139822177326784 should_redirect: user_authenticated=True, status=200, location=, result=False, path=/tools/api/mp3/list/
[INFO] 2026-06-05 19:23:39,370 middleware 1651236 139822177326784 should_redirect: user_authenticated=True, status=200, location=, result=False, path=/tools/api/mp3/list/
[INFO] 2026-06-05 19:23:40,488 middleware 1651236 139822177326784 should_redirect: user_authenticated=True, status=200, location=, result=False, path=/tools/api/mp3/list/
[INFO] 2026-06-05 19:23:41,144 middleware 1651236 139822177326784 should_redirect: user_authenticated=True, status=200, location=, result=False, path=/tools/api/mp3/list/
[INFO] 2026-06-05 19:23:42,991 middleware 1651236 139822177326784 should_redirect: user_authenticated=True, status=200, location=, result=False, path=/tools/mp3/
[INFO] 2026-06-05 19:23:43,218 middleware 1651236 139822177326784 should_redirect: user_authenticated=True, status=200, location=, result=False, path=/tools/api/mp3/letters/
[INFO] 2026-06-05 19:23:43,269 middleware 1651236 139822177326784 should_redirect: user_authenticated=True, status=200, location=, result=False, path=/tools/api/mp3/list/
[INFO] 2026-06-05 19:23:43,372 middleware 1651236 139822177326784 should_redirect: user_authenticated=True, status=200, location=, result=False, path=/tools/api/mp3/instruments/
[INFO] 2026-06-05 19:23:43,510 middleware 1651236 139822177326784 should_redirect: user_authenticated=True, status=200, location=, result=False, path=/tools/api/mp3/styles/
[INFO] 2026-06-05 19:23:46,965 middleware 1651236 139822177326784 should_redirect: user_authenticated=True, status=200, location=, result=False, path=/tools/api/mp3/play/
[INFO] 2026-06-05 19:23:47,207 middleware 1651236 139822052144832 should_redirect: user_authenticated=True, status=404, location=, result=False, path=/favicon.ico
[INFO] 2026-06-05 19:24:09,224 middleware 1651236 139822177326784 should_redirect: user_authenticated=True, status=200, location=, result=False, path=/tools/api/mp3/upload/
[INFO] 2026-06-05 19:24:09,348 middleware 1651236 139822177326784 should_redirect: user_authenticated=True, status=200, location=, result=False, path=/tools/api/mp3/list/
[INFO] 2026-06-05 19:28:11,025 middleware 1651236 139822177326784 should_redirect: user_authenticated=True, status=200, location=, result=False, path=/tools/api/mp3/play/
[INFO] 2026-06-05 19:32:40,825 middleware 1651992 139920805045952 should_redirect: user_authenticated=True, status=200, location=, result=False, path=/tools/api/mp3/play/
[INFO] 2026-06-05 19:36:26,060 middleware 1651992 139920805045952 should_redirect: user_authenticated=True, status=200, location=, result=False, path=/tools/api/mp3/play/
[INFO] 2026-06-05 19:40:50,167 middleware 1651992 139920805045952 should_redirect: user_authenticated=True, status=200, location=, result=False, path=/tools/api/mp3/play/
[INFO] 2026-06-05 19:45:20,009 middleware 1652799 140381811373760 should_redirect: user_authenticated=True, status=404, location=, result=False, path=/tools/api/mp3/play/
[INFO] 2026-06-05 20:22:38,760 middleware 1653356 140698779788992 should_redirect: user_authenticated=True, status=200, location=, result=False, path=/admin/
[INFO] 2026-06-05 20:23:00,498 middleware 1653356 140698779788992 should_redirect: user_authenticated=True, status=200, location=, result=False, path=/admin/main/menu/
[INFO] 2026-06-05 20:23:04,218 middleware 1653356 140698779788992 should_redirect: user_authenticated=True, status=200, location=, result=False, path=/admin/jsi18n/
[INFO] 2026-06-05 20:23:21,254 middleware 1653356 140698779788992 should_redirect: user_authenticated=True, status=200, location=, result=False, path=/admin/main/menu/72/change/
[INFO] 2026-06-05 20:23:21,763 middleware 1653356 140698779788992 should_redirect: user_authenticated=True, status=200, location=, result=False, path=/admin/jsi18n/
[INFO] 2026-06-05 20:23:39,035 middleware 1653356 140698779788992 should_redirect: user_authenticated=True, status=302, location=/admin/main/menu/, result=False, path=/admin/main/menu/72/change/
[INFO] 2026-06-05 20:23:39,642 middleware 1653356 140698779788992 should_redirect: user_authenticated=True, status=200, location=, result=False, path=/admin/main/menu/
[INFO] 2026-06-05 20:23:39,917 middleware 1653356 140698779788992 should_redirect: user_authenticated=True, status=200, location=, result=False, path=/admin/jsi18n/
[INFO] 2026-06-05 20:23:44,916 middleware 1653356 140698779788992 should_redirect: user_authenticated=True, status=200, location=, result=False, path=/admin/main/menu/73/change/
[INFO] 2026-06-05 20:23:45,134 middleware 1653356 140698779788992 should_redirect: user_authenticated=True, status=200, location=, result=False, path=/admin/jsi18n/
[INFO] 2026-06-05 20:24:01,150 middleware 1653356 140698779788992 should_redirect: user_authenticated=True, status=302, location=/admin/main/menu/, result=False, path=/admin/main/menu/73/change/
[INFO] 2026-06-05 20:24:01,456 middleware 1653356 140698779788992 should_redirect: user_authenticated=True, status=200, location=, result=False, path=/admin/main/menu/
[INFO] 2026-06-05 20:24:01,741 middleware 1653356 140698779788992 should_redirect: user_authenticated=True, status=200, location=, result=False, path=/admin/jsi18n/
[INFO] 2026-06-05 20:24:31,331 middleware 1653356 140698779788992 should_redirect: user_authenticated=True, status=200, location=, result=False, path=/admin/main/menu/72/change/
[INFO] 2026-06-05 20:24:31,537 middleware 1653356 140698779788992 should_redirect: user_authenticated=True, status=200, location=, result=False, path=/admin/jsi18n/
[INFO] 2026-06-05 20:24:52,842 middleware 1653356 140698779788992 should_redirect: user_authenticated=True, status=302, location=/admin/main/menu/, result=False, path=/admin/main/menu/72/change/
[INFO] 2026-06-05 20:24:53,185 middleware 1653356 140698779788992 should_redirect: user_authenticated=True, status=200, location=, result=False, path=/admin/main/menu/
[INFO] 2026-06-05 20:24:53,729 middleware 1653356 140698779788992 should_redirect: user_authenticated=True, status=200, location=, result=False, path=/admin/jsi18n/
[INFO] 2026-06-05 20:24:56,378 middleware 1653356 140698779788992 should_redirect: user_authenticated=True, status=200, location=, result=False, path=/admin/main/menu/73/change/
[INFO] 2026-06-05 20:24:56,630 middleware 1653356 140698779788992 should_redirect: user_authenticated=True, status=200, location=, result=False, path=/admin/jsi18n/
[INFO] 2026-06-05 20:25:16,054 middleware 1653356 140698779788992 should_redirect: user_authenticated=True, status=302, location=/admin/main/menu/, result=False, path=/admin/main/menu/73/change/
[INFO] 2026-06-05 20:25:16,583 middleware 1653356 140698779788992 should_redirect: user_authenticated=True, status=200, location=, result=False, path=/admin/main/menu/
[INFO] 2026-06-05 20:25:16,826 middleware 1653356 140698779788992 should_redirect: user_authenticated=True, status=200, location=, result=False, path=/admin/jsi18n/
[INFO] 2026-06-05 20:25:19,268 middleware 1653356 140698779788992 should_redirect: user_authenticated=True, status=200, location=, result=False, path=/
[INFO] 2026-06-05 20:25:19,619 middleware 1653356 140698779788992 should_redirect: user_authenticated=True, status=200, location=, result=False, path=/welcome/
[INFO] 2026-06-05 20:25:19,884 middleware 1653356 140698779788992 should_redirect: user_authenticated=True, status=200, location=, result=False, path=/menus/
[INFO] 2026-06-05 20:25:24,450 middleware 1653356 140698779788992 should_redirect: user_authenticated=True, status=200, location=, result=False, path=/tools/media/manage/
[INFO] 2026-06-05 20:25:24,717 middleware 1653356 140698779788992 should_redirect: user_authenticated=True, status=200, location=, result=False, path=/tools/api/media/list/
[INFO] 2026-06-05 20:25:28,751 middleware 1653356 140698779788992 should_redirect: user_authenticated=True, status=200, location=, result=False, path=/tools/api/media/list/
[INFO] 2026-06-05 20:25:29,580 middleware 1653356 140698779788992 should_redirect: user_authenticated=True, status=200, location=, result=False, path=/tools/api/media/list/
[INFO] 2026-06-05 20:25:31,190 middleware 1653356 140698779788992 should_redirect: user_authenticated=True, status=200, location=, result=False, path=/tools/media/
[INFO] 2026-06-05 20:25:31,794 middleware 1653356 140698779788992 should_redirect: user_authenticated=True, status=200, location=, result=False, path=/tools/api/media/letters/
[INFO] 2026-06-05 20:25:32,017 middleware 1653356 140698779788992 should_redirect: user_authenticated=True, status=200, location=, result=False, path=/tools/api/media/instruments/
[INFO] 2026-06-05 20:25:32,288 middleware 1653356 140698779788992 should_redirect: user_authenticated=True, status=200, location=, result=False, path=/tools/api/media/styles/
[INFO] 2026-06-05 20:25:32,801 middleware 1653356 140698779788992 should_redirect: user_authenticated=True, status=200, location=, result=False, path=/tools/api/media/list/
[INFO] 2026-06-05 20:25:36,526 middleware 1653356 140698779788992 should_redirect: user_authenticated=True, status=200, location=, result=False, path=/tools/api/media/letters/
[INFO] 2026-06-05 20:25:36,581 middleware 1653356 140698779788992 should_redirect: user_authenticated=True, status=200, location=, result=False, path=/tools/api/media/list/
[INFO] 2026-06-05 20:25:37,353 middleware 1653356 140698699429568 should_redirect: user_authenticated=True, status=200, location=, result=False, path=/tools/api/media/letters/
[INFO] 2026-06-05 20:25:37,761 middleware 1653356 140698779788992 should_redirect: user_authenticated=True, status=200, location=, result=False, path=/tools/api/media/list/
[INFO] 2026-06-05 20:25:39,227 middleware 1653356 140698779788992 should_redirect: user_authenticated=True, status=200, location=, result=False, path=/tools/api/media/list/
[INFO] 2026-06-05 20:25:39,370 middleware 1653356 140698779788992 should_redirect: user_authenticated=True, status=200, location=, result=False, path=/tools/api/media/letters/
[INFO] 2026-06-05 20:25:39,566 middleware 1653356 140698779788992 should_redirect: user_authenticated=True, status=200, location=, result=False, path=/tools/api/media/instruments/
[INFO] 2026-06-05 20:25:40,493 middleware 1653356 140698779788992 should_redirect: user_authenticated=True, status=200, location=, result=False, path=/tools/api/media/styles/
[INFO] 2026-06-05 20:27:42,562 middleware 1653356 140698779788992 should_redirect: user_authenticated=True, status=200, location=, result=False, path=/tools/api/media/letters/
[INFO] 2026-06-05 20:27:43,020 middleware 1653356 140698779788992 should_redirect: user_authenticated=True, status=200, location=, result=False, path=/tools/api/media/list/
[INFO] 2026-06-05 20:27:46,040 middleware 1653356 140698779788992 should_redirect: user_authenticated=True, status=200, location=, result=False, path=/tools/api/media/instruments/
[INFO] 2026-06-05 20:27:46,276 middleware 1653356 140698779788992 should_redirect: user_authenticated=True, status=200, location=, result=False, path=/tools/api/media/styles/
[INFO] 2026-06-05 20:27:47,388 middleware 1653356 140698779788992 should_redirect: user_authenticated=True, status=200, location=, result=False, path=/tools/media/manage/
[INFO] 2026-06-05 20:27:47,584 middleware 1653356 140698779788992 should_redirect: user_authenticated=True, status=200, location=, result=False, path=/tools/api/media/list/
[INFO] 2026-06-05 20:28:12,992 middleware 1653356 140698779788992 should_redirect: user_authenticated=True, status=200, location=, result=False, path=/tools/api/media/upload/
[INFO] 2026-06-05 20:28:13,470 middleware 1653356 140698779788992 should_redirect: user_authenticated=True, status=200, location=, result=False, path=/tools/api/media/list/
[INFO] 2026-06-05 20:28:26,021 middleware 1653356 140698779788992 should_redirect: user_authenticated=True, status=200, location=, result=False, path=/tools/api/media/list/
[INFO] 2026-06-05 20:28:27,797 middleware 1653356 140698779788992 should_redirect: user_authenticated=True, status=200, location=, result=False, path=/tools/api/media/list/
[INFO] 2026-06-05 20:28:28,527 middleware 1653356 140698779788992 should_redirect: user_authenticated=True, status=200, location=, result=False, path=/tools/api/media/list/
[INFO] 2026-06-05 20:28:38,867 middleware 1653356 140698779788992 should_redirect: user_authenticated=True, status=200, location=, result=False, path=/tools/media/
[INFO] 2026-06-05 20:28:39,222 middleware 1653356 140698699429568 should_redirect: user_authenticated=True, status=200, location=, result=False, path=/tools/api/media/list/
[INFO] 2026-06-05 20:28:39,444 middleware 1653356 140698779788992 should_redirect: user_authenticated=True, status=200, location=, result=False, path=/tools/api/media/letters/
[INFO] 2026-06-05 20:28:39,695 middleware 1653356 140698779788992 should_redirect: user_authenticated=True, status=200, location=, result=False, path=/tools/api/media/instruments/
[INFO] 2026-06-05 20:28:39,756 middleware 1653356 140698779788992 should_redirect: user_authenticated=True, status=200, location=, result=False, path=/tools/api/media/styles/
[INFO] 2026-06-05 20:28:40,630 middleware 1653356 140698779788992 should_redirect: user_authenticated=True, status=200, location=, result=False, path=/tools/api/media/play/
[INFO] 2026-06-05 20:29:17,910 middleware 1653356 140698779788992 should_redirect: user_authenticated=True, status=200, location=, result=False, path=/tools/api/media/upload/
[INFO] 2026-06-05 20:29:18,154 middleware 1653356 140698779788992 should_redirect: user_authenticated=True, status=200, location=, result=False, path=/tools/api/media/list/
[INFO] 2026-06-05 20:31:29,539 middleware 1653356 140698779788992 should_redirect: user_authenticated=True, status=200, location=, result=False, path=/tools/api/media/list/
[INFO] 2026-06-05 20:31:31,238 middleware 1653356 140698779788992 should_redirect: user_authenticated=True, status=200, location=, result=False, path=/tools/api/media/list/
[INFO] 2026-06-05 20:31:32,222 middleware 1653356 140698779788992 should_redirect: user_authenticated=True, status=200, location=, result=False, path=/tools/api/media/list/
[INFO] 2026-06-05 20:31:33,312 middleware 1653356 140698779788992 should_redirect: user_authenticated=True, status=200, location=, result=False, path=/tools/api/media/list/
[INFO] 2026-06-05 20:31:34,492 middleware 1653356 140698779788992 should_redirect: user_authenticated=True, status=200, location=, result=False, path=/tools/api/media/list/
[INFO] 2026-06-05 20:31:35,764 middleware 1653356 140698779788992 should_redirect: user_authenticated=True, status=200, location=, result=False, path=/tools/api/media/list/
[INFO] 2026-06-05 20:31:36,980 middleware 1653356 140698779788992 should_redirect: user_authenticated=True, status=200, location=, result=False, path=/tools/api/media/list/
[INFO] 2026-06-05 20:31:38,333 middleware 1653356 140698779788992 should_redirect: user_authenticated=True, status=200, location=, result=False, path=/tools/api/media/list/
[INFO] 2026-06-05 20:31:39,339 middleware 1653356 140698779788992 should_redirect: user_authenticated=True, status=200, location=, result=False, path=/tools/api/media/list/
[INFO] 2026-06-05 20:32:31,445 middleware 1653356 140698779788992 should_redirect: user_authenticated=True, status=200, location=, result=False, path=/tools/api/media/list/
[INFO] 2026-06-05 20:32:31,747 middleware 1653356 140698779788992 should_redirect: user_authenticated=True, status=200, location=, result=False, path=/tools/api/media/list/
[INFO] 2026-06-05 20:32:34,012 middleware 1653356 140698779788992 should_redirect: user_authenticated=True, status=200, location=, result=False, path=/tools/api/media/play/
[INFO] 2026-06-05 20:32:43,437 middleware 1653356 140698779788992 should_redirect: user_authenticated=True, status=200, location=, result=False, path=/tools/api/media/play/
[INFO] 2026-06-05 20:36:06,055 middleware 1653356 140698779788992 should_redirect: user_authenticated=True, status=200, location=, result=False, path=/tools/api/media/play/
[INFO] 2026-06-05 20:38:48,127 middleware 1653356 140698779788992 should_redirect: user_authenticated=True, status=200, location=, result=False, path=/tools/api/media/play/
[INFO] 2026-06-05 20:48:40,578 middleware 1656782 140120196458176 should_redirect: user_authenticated=True, status=200, location=, result=False, path=/tools/media/
[INFO] 2026-06-05 20:48:41,171 middleware 1656782 140120196458176 should_redirect: user_authenticated=True, status=200, location=, result=False, path=/tools/api/media/letters/
[INFO] 2026-06-05 20:48:41,189 middleware 1656782 140120188065472 should_redirect: user_authenticated=True, status=200, location=, result=False, path=/tools/api/media/list/
[INFO] 2026-06-05 20:48:41,699 middleware 1656782 140120188065472 should_redirect: user_authenticated=True, status=200, location=, result=False, path=/tools/api/media/instruments/
[INFO] 2026-06-05 20:48:41,916 middleware 1656782 140120188065472 should_redirect: user_authenticated=True, status=200, location=, result=False, path=/tools/api/media/styles/
[INFO] 2026-06-05 20:48:52,650 middleware 1656782 140120188065472 should_redirect: user_authenticated=True, status=200, location=, result=False, path=/tools/media/manage/
[INFO] 2026-06-05 20:48:53,076 middleware 1656782 140120188065472 should_redirect: user_authenticated=True, status=200, location=, result=False, path=/tools/api/media/list/
[INFO] 2026-06-05 20:49:17,634 middleware 1656782 140120188065472 should_redirect: user_authenticated=True, status=200, location=, result=False, path=/tools/api/media/upload/
[INFO] 2026-06-05 20:49:17,844 middleware 1656782 140120188065472 should_redirect: user_authenticated=True, status=200, location=, result=False, path=/tools/api/media/list/
[INFO] 2026-06-05 20:49:55,512 middleware 1656782 140120188065472 should_redirect: user_authenticated=True, status=200, location=, result=False, path=/tools/media/
[INFO] 2026-06-05 20:49:56,012 middleware 1656782 140120188065472 should_redirect: user_authenticated=True, status=200, location=, result=False, path=/tools/api/media/letters/
[INFO] 2026-06-05 20:49:56,063 middleware 1656782 140120188065472 should_redirect: user_authenticated=True, status=200, location=, result=False, path=/tools/api/media/list/
[INFO] 2026-06-05 20:49:56,450 middleware 1656782 140120188065472 should_redirect: user_authenticated=True, status=200, location=, result=False, path=/tools/api/media/instruments/
[INFO] 2026-06-05 20:49:56,742 middleware 1656782 140120188065472 should_redirect: user_authenticated=True, status=200, location=, result=False, path=/tools/api/media/styles/
[INFO] 2026-06-05 20:49:59,516 middleware 1656782 140120188065472 should_redirect: user_authenticated=True, status=200, location=, result=False, path=/tools/api/media/play/
[INFO] 2026-06-05 21:17:15,491 middleware 1656782 140120188065472 should_redirect: user_authenticated=True, status=200, location=, result=False, path=/
[INFO] 2026-06-05 21:17:15,661 middleware 1656782 140120188065472 should_redirect: user_authenticated=True, status=200, location=, result=False, path=/welcome/
[INFO] 2026-06-05 21:17:15,700 middleware 1656782 140120188065472 should_redirect: user_authenticated=True, status=200, location=, result=False, path=/menus/
[INFO] 2026-06-06 06:36:22,314 middleware 1656782 140120188065472 should_redirect: user_authenticated=False, status=302, location=/login/?next=/tools/media/manage/, result=True, path=/tools/media/manage/
[INFO] 2026-06-06 06:36:22,315 middleware 1656782 140120188065472 为用户 AnonymousUser 执行iframe登录跳转
[INFO] 2026-06-06 06:36:37,621 auth 1656782 140120188065472 用户 admin 登录成功
[INFO] 2026-06-06 06:36:37,738 middleware 1656782 140120188065472 should_redirect: user_authenticated=True, status=200, location=, result=False, path=/
[INFO] 2026-06-06 06:36:37,941 middleware 1656782 140120188065472 should_redirect: user_authenticated=True, status=200, location=, result=False, path=/
[INFO] 2026-06-06 06:36:38,291 middleware 1656782 140120188065472 should_redirect: user_authenticated=True, status=200, location=, result=False, path=/welcome/
[INFO] 2026-06-06 06:36:38,345 middleware 1656782 140120188065472 should_redirect: user_authenticated=True, status=200, location=, result=False, path=/menus/
[INFO] 2026-06-06 06:36:42,389 middleware 1656782 140120188065472 should_redirect: user_authenticated=True, status=200, location=, result=False, path=/tools/media/manage/
[INFO] 2026-06-06 06:36:42,577 middleware 1656782 140120188065472 should_redirect: user_authenticated=True, status=200, location=, result=False, path=/tools/api/media/list/
[INFO] 2026-06-06 06:40:11,409 middleware 1674354 140623496459968 should_redirect: user_authenticated=True, status=200, location=, result=False, path=/tools/media/manage/
[INFO] 2026-06-06 06:40:11,609 middleware 1674354 140623496459968 should_redirect: user_authenticated=True, status=200, location=, result=False, path=/tools/api/media/list/
[INFO] 2026-06-06 06:41:34,050 middleware 1674354 140623496459968 should_redirect: user_authenticated=True, status=200, location=, result=False, path=/tools/api/media/edit/
[INFO] 2026-06-06 06:41:34,185 middleware 1674354 140623496459968 should_redirect: user_authenticated=True, status=200, location=, result=False, path=/tools/api/media/list/
[INFO] 2026-06-06 06:48:04,442 middleware 1674354 140623496459968 should_redirect: user_authenticated=True, status=200, location=, result=False, path=/tools/media/
[INFO] 2026-06-06 06:48:04,632 middleware 1674354 140623496459968 should_redirect: user_authenticated=True, status=200, location=, result=False, path=/tools/api/media/letters/
[INFO] 2026-06-06 06:48:04,677 middleware 1674354 140623496459968 should_redirect: user_authenticated=True, status=200, location=, result=False, path=/tools/api/media/list/
[INFO] 2026-06-06 06:48:04,770 middleware 1674354 140623496459968 should_redirect: user_authenticated=True, status=200, location=, result=False, path=/tools/api/media/instruments/
[INFO] 2026-06-06 06:48:04,906 middleware 1674354 140623496459968 should_redirect: user_authenticated=True, status=200, location=, result=False, path=/tools/api/media/styles/
[INFO] 2026-06-06 06:48:07,122 middleware 1674354 140623496459968 should_redirect: user_authenticated=True, status=200, location=, result=False, path=/tools/api/media/play/
[INFO] 2026-06-06 06:48:13,309 middleware 1674354 140623371978432 should_redirect: user_authenticated=True, status=200, location=, result=False, path=/tools/api/media/list/
[INFO] 2026-06-06 06:48:15,961 middleware 1674354 140623371978432 should_redirect: user_authenticated=True, status=200, location=, result=False, path=/tools/api/media/list/
[INFO] 2026-06-06 06:48:17,478 middleware 1674354 140623371978432 should_redirect: user_authenticated=True, status=200, location=, result=False, path=/tools/api/media/list/
[INFO] 2026-06-06 06:52:24,935 middleware 1674354 140623496459968 should_redirect: user_authenticated=True, status=200, location=, result=False, path=/tools/api/media/upload/
[INFO] 2026-06-06 06:52:25,101 middleware 1674354 140623496459968 should_redirect: user_authenticated=True, status=200, location=, result=False, path=/tools/api/media/list/
[INFO] 2026-06-06 06:52:57,712 middleware 1674354 140623496459968 should_redirect: user_authenticated=True, status=200, location=, result=False, path=/tools/api/media/upload/
[INFO] 2026-06-06 06:52:57,869 middleware 1674354 140623496459968 should_redirect: user_authenticated=True, status=200, location=, result=False, path=/tools/api/media/list/
[INFO] 2026-06-06 06:53:00,074 middleware 1674354 140623496459968 should_redirect: user_authenticated=True, status=200, location=, result=False, path=/tools/api/media/list/
[INFO] 2026-06-06 06:53:02,656 middleware 1674354 140623496459968 should_redirect: user_authenticated=True, status=200, location=, result=False, path=/tools/api/media/list/
[INFO] 2026-06-06 06:53:04,024 middleware 1674354 140623496459968 should_redirect: user_authenticated=True, status=200, location=, result=False, path=/tools/api/media/list/
[INFO] 2026-06-06 06:53:05,541 middleware 1674354 140623496459968 should_redirect: user_authenticated=True, status=200, location=, result=False, path=/tools/api/media/play/
[INFO] 2026-06-06 06:53:07,857 middleware 1674354 140623371978432 should_redirect: user_authenticated=True, status=200, location=, result=False, path=/tools/api/media/list/
[INFO] 2026-06-06 06:53:08,625 middleware 1674354 140623371978432 should_redirect: user_authenticated=True, status=200, location=, result=False, path=/tools/api/media/list/
[INFO] 2026-06-06 06:53:10,768 middleware 1674354 140623496459968 should_redirect: user_authenticated=True, status=200, location=, result=False, path=/tools/media/
[INFO] 2026-06-06 06:53:11,008 middleware 1674354 140623496459968 should_redirect: user_authenticated=True, status=200, location=, result=False, path=/tools/api/media/letters/
[INFO] 2026-06-06 06:53:11,058 middleware 1674354 140623496459968 should_redirect: user_authenticated=True, status=200, location=, result=False, path=/tools/api/media/list/
[INFO] 2026-06-06 06:53:11,152 middleware 1674354 140623496459968 should_redirect: user_authenticated=True, status=200, location=, result=False, path=/tools/api/media/instruments/
[INFO] 2026-06-06 06:53:11,278 middleware 1674354 140623496459968 should_redirect: user_authenticated=True, status=200, location=, result=False, path=/tools/api/media/styles/
[INFO] 2026-06-06 06:53:12,647 middleware 1674354 140623496459968 should_redirect: user_authenticated=True, status=200, location=, result=False, path=/tools/api/media/list/
[INFO] 2026-06-06 06:53:13,873 middleware 1674354 140623496459968 should_redirect: user_authenticated=True, status=200, location=, result=False, path=/tools/api/media/list/
[INFO] 2026-06-06 06:53:14,871 middleware 1674354 140623496459968 should_redirect: user_authenticated=True, status=200, location=, result=False, path=/tools/api/media/list/
[INFO] 2026-06-06 06:53:15,684 middleware 1674354 140623496459968 should_redirect: user_authenticated=True, status=200, location=, result=False, path=/tools/api/media/play/
[INFO] 2026-06-06 06:53:29,824 middleware 1674354 140623496459968 should_redirect: user_authenticated=True, status=200, location=, result=False, path=/tools/api/media/list/
[INFO] 2026-06-06 06:53:46,667 middleware 1674354 140623496459968 should_redirect: user_authenticated=True, status=200, location=, result=False, path=/tools/api/media/play/
[INFO] 2026-06-06 06:53:48,576 middleware 1674354 140623496459968 should_redirect: user_authenticated=True, status=200, location=, result=False, path=/tools/api/media/play/
[INFO] 2026-06-06 06:53:57,631 middleware 1674354 140623496459968 should_redirect: user_authenticated=True, status=200, location=, result=False, path=/tools/api/media/play/
[INFO] 2026-06-06 06:56:12,199 middleware 1674354 140623496459968 should_redirect: user_authenticated=True, status=200, location=, result=False, path=/tools/api/media/play/
[INFO] 2026-06-06 06:59:34,534 middleware 1674354 140623496459968 should_redirect: user_authenticated=True, status=200, location=, result=False, path=/tools/api/media/play/
[INFO] 2026-06-06 07:00:21,703 middleware 1674354 140623496459968 should_redirect: user_authenticated=True, status=200, location=, result=False, path=/tools/api/media/play/
[INFO] 2026-06-06 07:03:25,428 middleware 1674354 140623496459968 should_redirect: user_authenticated=True, status=200, location=, result=False, path=/tools/api/media/play/
[INFO] 2026-06-06 07:06:47,757 middleware 1674354 140623496459968 should_redirect: user_authenticated=True, status=200, location=, result=False, path=/tools/api/media/play/
[INFO] 2026-06-06 07:08:06,243 middleware 1674354 140623496459968 should_redirect: user_authenticated=True, status=200, location=, result=False, path=/tools/media/
[INFO] 2026-06-06 07:09:01,546 middleware 1674354 140623496459968 should_redirect: user_authenticated=True, status=200, location=, result=False, path=/tools/media/
[INFO] 2026-06-06 07:09:01,760 middleware 1674354 140623496459968 should_redirect: user_authenticated=True, status=200, location=, result=False, path=/tools/api/media/letters/
[INFO] 2026-06-06 07:09:01,806 middleware 1674354 140623496459968 should_redirect: user_authenticated=True, status=200, location=, result=False, path=/tools/api/media/list/
[INFO] 2026-06-06 07:09:01,902 middleware 1674354 140623496459968 should_redirect: user_authenticated=True, status=200, location=, result=False, path=/tools/api/media/instruments/
[INFO] 2026-06-06 07:09:02,038 middleware 1674354 140623496459968 should_redirect: user_authenticated=True, status=200, location=, result=False, path=/tools/api/media/styles/
[INFO] 2026-06-06 07:09:04,896 middleware 1674354 140623496459968 should_redirect: user_authenticated=True, status=200, location=, result=False, path=/tools/api/media/play/
[INFO] 2026-06-06 07:10:23,436 middleware 1674354 140623496459968 should_redirect: user_authenticated=True, status=200, location=, result=False, path=/tools/linux/
[INFO] 2026-06-06 07:12:08,683 middleware 1674354 140623496459968 should_redirect: user_authenticated=True, status=200, location=, result=False, path=/tools/api/media/play/
[INFO] 2026-06-06 07:15:31,185 middleware 1674354 140623496459968 should_redirect: user_authenticated=True, status=200, location=, result=False, path=/tools/api/media/play/
[INFO] 2026-06-06 09:16:22,314 middleware 1675798 140243180394304 should_redirect: user_authenticated=False, status=302, location=/login/?next=/, result=True, path=/
[INFO] 2026-06-06 09:16:22,314 middleware 1675798 140243180394304 为用户 AnonymousUser 执行iframe登录跳转
[INFO] 2026-06-06 09:16:32,092 auth 1675799 140243180394304 用户 admin 登录成功
[INFO] 2026-06-06 09:16:32,128 middleware 1675799 140243180394304 should_redirect: user_authenticated=True, status=200, location=, result=False, path=/
[INFO] 2026-06-06 09:16:32,301 middleware 1675793 140243180394304 should_redirect: user_authenticated=True, status=200, location=, result=False, path=/
[INFO] 2026-06-06 09:16:32,577 middleware 1675792 140243180394304 should_redirect: user_authenticated=True, status=200, location=, result=False, path=/welcome/
[INFO] 2026-06-06 09:16:32,595 middleware 1675795 140243180394304 should_redirect: user_authenticated=True, status=200, location=, result=False, path=/menus/
[INFO] 2026-06-06 09:16:38,379 middleware 1675798 140243180394304 should_redirect: user_authenticated=True, status=200, location=, result=False, path=/tools/media/
[INFO] 2026-06-06 09:16:38,425 middleware 1675798 140243180394304 should_redirect: user_authenticated=True, status=200, location=, result=False, path=/tools/api/media/letters/
[INFO] 2026-06-06 09:16:38,447 middleware 1675799 140243180394304 should_redirect: user_authenticated=True, status=200, location=, result=False, path=/tools/api/media/instruments/
[INFO] 2026-06-06 09:16:38,457 middleware 1675792 140243180394304 should_redirect: user_authenticated=True, status=200, location=, result=False, path=/tools/api/media/list/
[INFO] 2026-06-06 09:16:38,565 middleware 1675796 140243180394304 should_redirect: user_authenticated=True, status=200, location=, result=False, path=/tools/api/media/styles/
[INFO] 2026-06-06 09:16:50,015 middleware 1675794 140243180394304 should_redirect: user_authenticated=True, status=200, location=, result=False, path=/tools/api/media/list/
[INFO] 2026-06-06 09:16:52,256 middleware 1675793 140243180394304 should_redirect: user_authenticated=True, status=200, location=, result=False, path=/tools/api/media/list/
[INFO] 2026-06-06 09:16:54,312 middleware 1675793 140243180394304 should_redirect: user_authenticated=True, status=200, location=, result=False, path=/tools/api/media/play/
[INFO] 2026-06-06 09:16:59,574 middleware 1675797 140243180394304 should_redirect: user_authenticated=True, status=200, location=, result=False, path=/tools/media/manage/
[INFO] 2026-06-06 09:16:59,643 middleware 1675794 140243180394304 should_redirect: user_authenticated=True, status=200, location=, result=False, path=/tools/api/media/list/
[INFO] 2026-06-06 09:20:43,736 middleware 1675792 140243180394304 should_redirect: user_authenticated=True, status=200, location=, result=False, path=/tools/media/manage/
[INFO] 2026-06-06 09:20:43,799 middleware 1675793 140243180394304 should_redirect: user_authenticated=True, status=200, location=, result=False, path=/tools/api/media/list/
[INFO] 2026-06-06 09:20:54,471 middleware 1675798 140243180394304 should_redirect: user_authenticated=True, status=200, location=, result=False, path=/tools/media/
[INFO] 2026-06-06 09:20:54,514 middleware 1675798 140243180394304 should_redirect: user_authenticated=True, status=200, location=, result=False, path=/tools/api/media/letters/
[INFO] 2026-06-06 09:20:54,524 middleware 1675798 140243180394304 should_redirect: user_authenticated=True, status=200, location=, result=False, path=/tools/api/media/instruments/
[INFO] 2026-06-06 09:20:54,533 middleware 1675798 140243180394304 should_redirect: user_authenticated=True, status=200, location=, result=False, path=/tools/api/media/styles/
[INFO] 2026-06-06 09:20:54,537 middleware 1675792 140243180394304 should_redirect: user_authenticated=True, status=200, location=, result=False, path=/tools/api/media/list/
[INFO] 2026-06-06 09:21:05,255 middleware 1675798 140243180394304 should_redirect: user_authenticated=True, status=200, location=, result=False, path=/tools/media/
[INFO] 2026-06-06 09:21:05,298 middleware 1675798 140243180394304 should_redirect: user_authenticated=True, status=200, location=, result=False, path=/tools/api/media/letters/
[INFO] 2026-06-06 09:21:05,323 middleware 1675798 140243180394304 should_redirect: user_authenticated=True, status=200, location=, result=False, path=/tools/api/media/instruments/
[INFO] 2026-06-06 09:21:05,324 middleware 1675795 140243180394304 should_redirect: user_authenticated=True, status=200, location=, result=False, path=/tools/api/media/list/
[INFO] 2026-06-06 09:21:05,333 middleware 1675795 140243180394304 should_redirect: user_authenticated=True, status=200, location=, result=False, path=/tools/api/media/styles/
[INFO] 2026-06-06 09:21:18,079 middleware 1675798 140243180394304 should_redirect: user_authenticated=True, status=200, location=, result=False, path=/tools/media/
[INFO] 2026-06-06 09:21:18,121 middleware 1675798 140243180394304 should_redirect: user_authenticated=True, status=200, location=, result=False, path=/tools/api/media/letters/
[INFO] 2026-06-06 09:21:18,132 middleware 1675796 140243180394304 should_redirect: user_authenticated=True, status=200, location=, result=False, path=/tools/api/media/instruments/
[INFO] 2026-06-06 09:21:18,141 middleware 1675799 140243180394304 should_redirect: user_authenticated=True, status=200, location=, result=False, path=/tools/api/media/styles/
[INFO] 2026-06-06 09:21:18,145 middleware 1675792 140243180394304 should_redirect: user_authenticated=True, status=200, location=, result=False, path=/tools/api/media/list/
[INFO] 2026-06-06 09:21:24,281 middleware 1675793 140243180394304 should_redirect: user_authenticated=True, status=200, location=, result=False, path=/tools/api/media/list/
[INFO] 2026-06-06 09:21:26,187 middleware 1675798 140243180394304 should_redirect: user_authenticated=True, status=200, location=, result=False, path=/tools/api/media/list/
[INFO] 2026-06-06 09:21:31,721 middleware 1675799 140243180394304 should_redirect: user_authenticated=True, status=200, location=, result=False, path=/tools/api/media/list/
[INFO] 2026-06-06 09:22:45,977 middleware 1675798 140243180394304 should_redirect: user_authenticated=True, status=200, location=, result=False, path=/tools/media/
[INFO] 2026-06-06 09:22:46,023 middleware 1675798 140243180394304 should_redirect: user_authenticated=True, status=200, location=, result=False, path=/tools/api/media/letters/
[INFO] 2026-06-06 09:22:46,034 middleware 1675799 140243180394304 should_redirect: user_authenticated=True, status=200, location=, result=False, path=/tools/api/media/instruments/
[INFO] 2026-06-06 09:22:46,042 middleware 1675799 140243180394304 should_redirect: user_authenticated=True, status=200, location=, result=False, path=/tools/api/media/styles/
[INFO] 2026-06-06 09:22:46,046 middleware 1675793 140243180394304 should_redirect: user_authenticated=True, status=200, location=, result=False, path=/tools/api/media/list/
[INFO] 2026-06-06 09:22:50,299 middleware 1675796 140243180394304 should_redirect: user_authenticated=True, status=200, location=, result=False, path=/tools/media/manage/
[INFO] 2026-06-06 09:22:50,344 middleware 1675798 140243180394304 should_redirect: user_authenticated=True, status=200, location=, result=False, path=/tools/api/media/list/
[INFO] 2026-06-06 09:22:57,986 middleware 1675798 140243180394304 should_redirect: user_authenticated=True, status=200, location=, result=False, path=/tools/api/media/list/
[INFO] 2026-06-06 09:22:59,656 middleware 1675798 140243180394304 should_redirect: user_authenticated=True, status=200, location=, result=False, path=/tools/api/media/list/
[INFO] 2026-06-06 09:23:01,284 middleware 1675799 140243180394304 should_redirect: user_authenticated=True, status=200, location=, result=False, path=/tools/api/media/list/
[INFO] 2026-06-06 09:24:39,693 middleware 1675798 140243180394304 should_redirect: user_authenticated=True, status=200, location=, result=False, path=/tools/media/manage/
[INFO] 2026-06-06 09:24:39,739 middleware 1675798 140243180394304 should_redirect: user_authenticated=True, status=200, location=, result=False, path=/tools/api/media/list/
[INFO] 2026-06-06 09:24:45,340 middleware 1675793 140243180394304 should_redirect: user_authenticated=True, status=200, location=, result=False, path=/tools/media/
[INFO] 2026-06-06 09:24:45,387 middleware 1675793 140243180394304 should_redirect: user_authenticated=True, status=200, location=, result=False, path=/tools/api/media/letters/
[INFO] 2026-06-06 09:24:45,391 middleware 1675795 140243180394304 should_redirect: user_authenticated=True, status=200, location=, result=False, path=/tools/api/media/list/
[INFO] 2026-06-06 09:24:45,398 middleware 1675795 140243180394304 should_redirect: user_authenticated=True, status=200, location=, result=False, path=/tools/api/media/instruments/
[INFO] 2026-06-06 09:24:45,426 middleware 1675795 140243180394304 should_redirect: user_authenticated=True, status=200, location=, result=False, path=/tools/api/media/styles/
[INFO] 2026-06-06 09:24:49,283 middleware 1675792 140243180394304 should_redirect: user_authenticated=True, status=200, location=, result=False, path=/tools/api/media/play/
[INFO] 2026-06-06 09:24:53,564 middleware 1675799 140243180394304 should_redirect: user_authenticated=True, status=200, location=, result=False, path=/tools/api/media/play/
[INFO] 2026-06-06 09:28:54,603 middleware 1675799 140243180394304 should_redirect: user_authenticated=True, status=200, location=, result=False, path=/tools/api/media/play/
[INFO] 2026-06-06 09:31:43,548 middleware 1675799 140243180394304 should_redirect: user_authenticated=True, status=200, location=, result=False, path=/tools/api/media/list/
[INFO] 2026-06-06 09:31:46,289 middleware 1675794 140243180394304 should_redirect: user_authenticated=True, status=200, location=, result=False, path=/tools/api/media/play/
[INFO] 2026-06-06 09:31:59,999 middleware 1675796 140243180394304 should_redirect: user_authenticated=True, status=500, location=, result=False, path=/tools/api/media/list/
[INFO] 2026-06-06 09:32:01,763 middleware 1675799 140243180394304 should_redirect: user_authenticated=True, status=500, location=, result=False, path=/tools/api/media/list/
[INFO] 2026-06-06 09:32:02,924 middleware 1675793 140243180394304 should_redirect: user_authenticated=True, status=500, location=, result=False, path=/tools/api/media/list/
[INFO] 2026-06-06 09:32:08,537 middleware 1675798 140243180394304 should_redirect: user_authenticated=True, status=500, location=, result=False, path=/tools/api/media/list/
[INFO] 2026-06-06 09:32:20,461 middleware 1675799 140243180394304 should_redirect: user_authenticated=True, status=200, location=, result=False, path=/tools/media/
[INFO] 2026-06-06 09:32:20,603 middleware 1675799 140243180394304 should_redirect: user_authenticated=True, status=200, location=, result=False, path=/tools/api/media/letters/
[INFO] 2026-06-06 09:32:20,608 middleware 1675798 140243180394304 should_redirect: user_authenticated=True, status=200, location=, result=False, path=/tools/api/media/list/
[INFO] 2026-06-06 09:32:20,617 middleware 1675796 140243180394304 should_redirect: user_authenticated=True, status=200, location=, result=False, path=/tools/api/media/instruments/
[INFO] 2026-06-06 09:32:20,680 middleware 1675797 140243180394304 should_redirect: user_authenticated=True, status=200, location=, result=False, path=/tools/api/media/styles/
[INFO] 2026-06-06 09:32:24,256 middleware 1675795 140243180394304 should_redirect: user_authenticated=True, status=200, location=, result=False, path=/tools/api/media/play/
[INFO] 2026-06-06 09:32:37,597 middleware 1675799 140243180394304 should_redirect: user_authenticated=True, status=200, location=, result=False, path=/tools/api/media/play/
[INFO] 2026-06-06 09:32:50,037 middleware 1675798 140243180394304 should_redirect: user_authenticated=True, status=500, location=, result=False, path=/tools/api/media/list/
[INFO] 2026-06-06 09:34:06,142 middleware 1675796 140243180394304 should_redirect: user_authenticated=True, status=500, location=, result=False, path=/tools/api/media/list/
[INFO] 2026-06-06 09:36:35,321 middleware 1675792 140243180394304 should_redirect: user_authenticated=True, status=200, location=, result=False, path=/tools/api/media/play/
[INFO] 2026-06-06 09:37:00,152 middleware 1675793 140243180394304 should_redirect: user_authenticated=True, status=500, location=, result=False, path=/tools/api/media/list/
[INFO] 2026-06-06 09:37:03,841 middleware 1675794 140243180394304 should_redirect: user_authenticated=True, status=500, location=, result=False, path=/tools/api/media/list/
[INFO] 2026-06-06 09:39:34,411 middleware 1675794 140243180394304 should_redirect: user_authenticated=True, status=200, location=, result=False, path=/tools/api/media/play/
[INFO] 2026-06-06 09:39:42,184 middleware 1675792 140243180394304 should_redirect: user_authenticated=True, status=200, location=, result=False, path=/tools/api/media/play/
[INFO] 2026-06-06 09:39:47,239 middleware 1675798 140243180394304 should_redirect: user_authenticated=True, status=200, location=, result=False, path=/tools/api/media/list/
[INFO] 2026-06-06 09:40:47,015 middleware 1675799 140243180394304 should_redirect: user_authenticated=True, status=200, location=, result=False, path=/tools/api/media/edit/
[INFO] 2026-06-06 09:40:47,042 middleware 1675799 140243180394304 should_redirect: user_authenticated=True, status=200, location=, result=False, path=/tools/api/media/list/
[INFO] 2026-06-06 09:40:52,643 middleware 1675794 140243180394304 should_redirect: user_authenticated=True, status=200, location=, result=False, path=/tools/media/
[INFO] 2026-06-06 09:40:52,698 middleware 1675794 140243180394304 should_redirect: user_authenticated=True, status=200, location=, result=False, path=/tools/api/media/letters/
[INFO] 2026-06-06 09:40:52,702 middleware 1675799 140243180394304 should_redirect: user_authenticated=True, status=200, location=, result=False, path=/tools/api/media/list/
[INFO] 2026-06-06 09:40:52,713 middleware 1675795 140243180394304 should_redirect: user_authenticated=True, status=200, location=, result=False, path=/tools/api/media/instruments/
[INFO] 2026-06-06 09:40:52,756 middleware 1675798 140243180394304 should_redirect: user_authenticated=True, status=200, location=, result=False, path=/tools/api/media/styles/
[INFO] 2026-06-06 09:40:54,663 middleware 1675797 140243180394304 should_redirect: user_authenticated=True, status=200, location=, result=False, path=/tools/api/media/play/
[INFO] 2026-06-06 09:40:55,800 middleware 1675793 140243180394304 should_redirect: user_authenticated=True, status=200, location=, result=False, path=/tools/api/media/list/
[INFO] 2026-06-06 09:41:47,357 middleware 1680414 140278616643264 should_redirect: user_authenticated=True, status=200, location=, result=False, path=/
[INFO] 2026-06-06 09:41:47,843 middleware 1680414 140278616643264 should_redirect: user_authenticated=True, status=200, location=, result=False, path=/welcome/
[INFO] 2026-06-06 09:41:47,878 middleware 1680414 140278616643264 should_redirect: user_authenticated=True, status=200, location=, result=False, path=/menus/
[INFO] 2026-06-06 09:42:04,297 middleware 1680414 140278616643264 should_redirect: user_authenticated=True, status=200, location=, result=False, path=/tools/media/
[INFO] 2026-06-06 09:42:04,400 middleware 1680414 140278616643264 should_redirect: user_authenticated=True, status=200, location=, result=False, path=/tools/api/media/letters/
[INFO] 2026-06-06 09:42:04,429 middleware 1680414 140278616643264 should_redirect: user_authenticated=True, status=200, location=, result=False, path=/tools/api/media/list/
[INFO] 2026-06-06 09:42:04,432 middleware 1680414 140278608250560 should_redirect: user_authenticated=True, status=200, location=, result=False, path=/tools/api/media/instruments/
[INFO] 2026-06-06 09:42:04,522 middleware 1680414 140278608250560 should_redirect: user_authenticated=True, status=200, location=, result=False, path=/tools/api/media/styles/
[INFO] 2026-06-06 09:42:07,646 middleware 1680414 140278608250560 should_redirect: user_authenticated=True, status=200, location=, result=False, path=/tools/api/media/play/
[INFO] 2026-06-06 09:42:15,524 middleware 1680414 140278608250560 should_redirect: user_authenticated=True, status=200, location=, result=False, path=/tools/api/media/list/
[INFO] 2026-06-06 09:42:18,174 middleware 1680414 140278608250560 should_redirect: user_authenticated=True, status=200, location=, result=False, path=/tools/api/media/play/
[INFO] 2026-06-06 09:43:09,164 middleware 1680414 140278616643264 should_redirect: user_authenticated=True, status=200, location=, result=False, path=/tools/api/media/play/
[INFO] 2026-06-06 09:43:20,400 middleware 1680414 140278616643264 should_redirect: user_authenticated=True, status=200, location=, result=False, path=/tools/api/media/play/
[INFO] 2026-06-06 09:43:42,356 middleware 1680414 140278616643264 should_redirect: user_authenticated=True, status=200, location=, result=False, path=/tools/media/
[INFO] 2026-06-06 09:43:42,458 middleware 1680414 140278616643264 should_redirect: user_authenticated=True, status=200, location=, result=False, path=/tools/api/media/letters/
[INFO] 2026-06-06 09:43:42,486 middleware 1680414 140278616643264 should_redirect: user_authenticated=True, status=200, location=, result=False, path=/tools/api/media/list/
[INFO] 2026-06-06 09:43:42,490 middleware 1680414 140278608250560 should_redirect: user_authenticated=True, status=200, location=, result=False, path=/tools/api/media/instruments/
[INFO] 2026-06-06 09:43:42,547 middleware 1680414 140278608250560 should_redirect: user_authenticated=True, status=200, location=, result=False, path=/tools/api/media/styles/
[INFO] 2026-06-06 09:43:45,035 middleware 1680414 140278608250560 should_redirect: user_authenticated=True, status=200, location=, result=False, path=/tools/api/media/play/
[INFO] 2026-06-06 09:43:53,582 middleware 1680414 140278608250560 should_redirect: user_authenticated=True, status=200, location=, result=False, path=/tools/api/media/list/
[INFO] 2026-06-06 09:43:58,805 middleware 1680414 140278608250560 should_redirect: user_authenticated=True, status=200, location=, result=False, path=/tools/api/media/play/
[INFO] 2026-06-06 09:44:09,044 middleware 1680414 140278608250560 should_redirect: user_authenticated=True, status=200, location=, result=False, path=/tools/api/media/play/
[INFO] 2026-06-06 09:44:18,481 middleware 1680414 140278608250560 should_redirect: user_authenticated=True, status=200, location=, result=False, path=/tools/api/media/play/
[INFO] 2026-06-06 09:44:20,047 middleware 1680414 140278608250560 should_redirect: user_authenticated=True, status=200, location=, result=False, path=/tools/api/media/play/
[INFO] 2026-06-06 09:44:33,186 middleware 1680414 140278608250560 should_redirect: user_authenticated=True, status=200, location=, result=False, path=/tools/media/manage/
[INFO] 2026-06-06 09:44:33,283 middleware 1680414 140278608250560 should_redirect: user_authenticated=True, status=200, location=, result=False, path=/tools/api/media/list/
[INFO] 2026-06-06 09:44:47,673 middleware 1680414 140278608250560 should_redirect: user_authenticated=True, status=200, location=, result=False, path=/tools/api/media/list/
[INFO] 2026-06-06 09:44:57,228 middleware 1680414 140278608250560 should_redirect: user_authenticated=True, status=200, location=, result=False, path=/tools/api/media/delete/
[INFO] 2026-06-06 09:44:57,267 middleware 1680414 140278608250560 should_redirect: user_authenticated=True, status=200, location=, result=False, path=/tools/api/media/list/
[INFO] 2026-06-06 09:45:03,370 middleware 1680414 140278608250560 should_redirect: user_authenticated=True, status=200, location=, result=False, path=/tools/api/media/delete/
[INFO] 2026-06-06 09:45:03,406 middleware 1680414 140278608250560 should_redirect: user_authenticated=True, status=200, location=, result=False, path=/tools/api/media/list/
[INFO] 2026-06-06 09:45:13,199 middleware 1680414 140278608250560 should_redirect: user_authenticated=True, status=200, location=, result=False, path=/tools/api/media/list/
[INFO] 2026-06-06 09:45:17,800 middleware 1680414 140278608250560 should_redirect: user_authenticated=True, status=200, location=, result=False, path=/tools/api/media/list/
[INFO] 2026-06-06 09:45:23,422 middleware 1680414 140278608250560 should_redirect: user_authenticated=True, status=200, location=, result=False, path=/tools/api/media/list/
[INFO] 2026-06-06 09:45:24,177 middleware 1680414 140278608250560 should_redirect: user_authenticated=True, status=200, location=, result=False, path=/tools/api/media/list/
[INFO] 2026-06-06 09:45:26,435 middleware 1680414 140278608250560 should_redirect: user_authenticated=True, status=200, location=, result=False, path=/tools/api/media/list/
[INFO] 2026-06-06 09:45:29,002 middleware 1680414 140278608250560 should_redirect: user_authenticated=True, status=200, location=, result=False, path=/tools/api/media/list/
[INFO] 2026-06-06 09:45:30,988 middleware 1680414 140278608250560 should_redirect: user_authenticated=True, status=200, location=, result=False, path=/tools/api/media/list/
[INFO] 2026-06-06 09:45:32,818 middleware 1680414 140278608250560 should_redirect: user_authenticated=True, status=200, location=, result=False, path=/tools/api/media/list/
[INFO] 2026-06-06 09:45:33,387 middleware 1680414 140278608250560 should_redirect: user_authenticated=True, status=200, location=, result=False, path=/tools/api/media/list/
[INFO] 2026-06-06 09:45:35,539 middleware 1680414 140278608250560 should_redirect: user_authenticated=True, status=200, location=, result=False, path=/tools/api/media/list/
[INFO] 2026-06-06 09:46:24,848 middleware 1680414 140278608250560 should_redirect: user_authenticated=True, status=200, location=, result=False, path=/tools/api/media/list/
[INFO] 2026-06-06 09:46:25,860 middleware 1680414 140278608250560 should_redirect: user_authenticated=True, status=200, location=, result=False, path=/tools/api/media/list/
[INFO] 2026-06-06 09:46:27,500 middleware 1680414 140278608250560 should_redirect: user_authenticated=True, status=200, location=, result=False, path=/tools/api/media/list/
[INFO] 2026-06-06 09:46:30,081 middleware 1680414 140278608250560 should_redirect: user_authenticated=True, status=200, location=, result=False, path=/tools/api/media/list/
[INFO] 2026-06-06 09:46:44,524 middleware 1680414 140278608250560 should_redirect: user_authenticated=True, status=200, location=, result=False, path=/tools/api/media/play/
[INFO] 2026-06-06 09:47:57,510 middleware 1680414 140278608250560 should_redirect: user_authenticated=True, status=200, location=, result=False, path=/tools/api/media/list/
[INFO] 2026-06-06 09:47:59,660 middleware 1680414 140278608250560 should_redirect: user_authenticated=True, status=200, location=, result=False, path=/tools/api/media/play/
[INFO] 2026-06-06 09:49:29,774 middleware 1680414 140278608250560 should_redirect: user_authenticated=True, status=200, location=, result=False, path=/tools/api/media/list/
[INFO] 2026-06-06 09:49:29,877 middleware 1680414 140278608250560 should_redirect: user_authenticated=True, status=404, location=, result=False, path=/favicon.ico
[INFO] 2026-06-06 09:50:41,532 middleware 1681617 139869590357696 should_redirect: user_authenticated=True, status=200, location=, result=False, path=/tools/api/media/list/
[INFO] 2026-06-06 09:50:47,352 middleware 1681617 139869590357696 should_redirect: user_authenticated=True, status=200, location=, result=False, path=/tools/api/media/list/
[INFO] 2026-06-06 09:50:50,467 middleware 1681617 139869590357696 should_redirect: user_authenticated=True, status=200, location=, result=False, path=/tools/api/media/list/
[INFO] 2026-06-06 09:50:51,724 middleware 1681617 139869590357696 should_redirect: user_authenticated=True, status=200, location=, result=False, path=/tools/api/media/list/
[INFO] 2026-06-06 09:50:54,446 middleware 1681617 139869590357696 should_redirect: user_authenticated=True, status=200, location=, result=False, path=/tools/api/media/list/
[INFO] 2026-06-06 09:50:57,326 middleware 1681617 139869590357696 should_redirect: user_authenticated=True, status=200, location=, result=False, path=/tools/api/media/list/
[INFO] 2026-06-06 09:50:59,184 middleware 1681617 139869590357696 should_redirect: user_authenticated=True, status=200, location=, result=False, path=/tools/api/media/play/
[INFO] 2026-06-06 09:51:06,297 middleware 1681617 139869590357696 should_redirect: user_authenticated=True, status=200, location=, result=False, path=/tools/api/media/list/
[INFO] 2026-06-06 09:51:09,874 middleware 1681617 139869590357696 should_redirect: user_authenticated=True, status=200, location=, result=False, path=/tools/api/media/play/
[INFO] 2026-06-06 09:51:42,567 middleware 1681617 139869590357696 should_redirect: user_authenticated=True, status=200, location=, result=False, path=/tools/api/media/list/
[INFO] 2026-06-06 09:51:44,290 middleware 1681617 139869590357696 should_redirect: user_authenticated=True, status=200, location=, result=False, path=/tools/api/media/list/
[INFO] 2026-06-06 09:51:51,229 middleware 1681617 139869590357696 should_redirect: user_authenticated=True, status=200, location=, result=False, path=/tools/api/media/list/
[INFO] 2026-06-06 09:51:54,689 middleware 1681617 139869590357696 should_redirect: user_authenticated=True, status=200, location=, result=False, path=/tools/api/media/play/
[INFO] 2026-06-06 09:52:03,705 middleware 1681617 139869590357696 should_redirect: user_authenticated=True, status=200, location=, result=False, path=/tools/api/media/play/
[INFO] 2026-06-06 09:52:05,592 middleware 1681617 139869590357696 should_redirect: user_authenticated=True, status=200, location=, result=False, path=/tools/api/media/play/
[INFO] 2026-06-06 09:53:50,772 middleware 1681892 140366870914752 should_redirect: user_authenticated=True, status=200, location=, result=False, path=/tools/api/media/play/
[INFO] 2026-06-06 09:53:59,300 middleware 1681892 140366870914752 should_redirect: user_authenticated=True, status=200, location=, result=False, path=/tools/media/
[INFO] 2026-06-06 09:53:59,401 middleware 1681892 140366870914752 should_redirect: user_authenticated=True, status=200, location=, result=False, path=/tools/api/media/letters/
[INFO] 2026-06-06 09:53:59,429 middleware 1681892 140366870914752 should_redirect: user_authenticated=True, status=200, location=, result=False, path=/tools/api/media/list/
[INFO] 2026-06-06 09:53:59,434 middleware 1681892 140366862522048 should_redirect: user_authenticated=True, status=200, location=, result=False, path=/tools/api/media/instruments/
[INFO] 2026-06-06 09:53:59,476 middleware 1681892 140366862522048 should_redirect: user_authenticated=True, status=200, location=, result=False, path=/tools/api/media/styles/
[INFO] 2026-06-06 09:54:05,792 middleware 1681892 140366862522048 should_redirect: user_authenticated=True, status=200, location=, result=False, path=/tools/api/media/list/
[INFO] 2026-06-06 09:54:10,998 middleware 1681892 140366862522048 should_redirect: user_authenticated=True, status=200, location=, result=False, path=/tools/api/media/play/
[INFO] 2026-06-06 09:55:40,162 middleware 1681892 140366862522048 should_redirect: user_authenticated=True, status=200, location=, result=False, path=/tools/api/media/play/
[INFO] 2026-06-06 09:58:28,766 middleware 1681892 140366862522048 should_redirect: user_authenticated=True, status=200, location=, result=False, path=/tools/api/media/list/
[INFO] 2026-06-06 09:58:32,475 middleware 1681892 140366862522048 should_redirect: user_authenticated=True, status=200, location=, result=False, path=/tools/api/media/play/
[INFO] 2026-06-06 10:01:30,755 middleware 1683192 140092169516736 should_redirect: user_authenticated=True, status=200, location=, result=False, path=/tools/api/media/list/
[INFO] 2026-06-06 10:01:37,626 middleware 1683192 140092169516736 should_redirect: user_authenticated=True, status=200, location=, result=False, path=/tools/api/media/list/
[INFO] 2026-06-06 10:01:47,870 middleware 1683192 140092169516736 should_redirect: user_authenticated=True, status=200, location=, result=False, path=/tools/api/media/list/
[INFO] 2026-06-06 10:01:50,082 middleware 1683192 140092169516736 should_redirect: user_authenticated=True, status=200, location=, result=False, path=/tools/api/media/play/
[INFO] 2026-06-06 10:05:18,378 middleware 1683488 140103510914752 should_redirect: user_authenticated=True, status=200, location=, result=False, path=/tools/api/media/play/
[INFO] 2026-06-06 10:05:27,302 middleware 1683488 140103510914752 should_redirect: user_authenticated=True, status=200, location=, result=False, path=/tools/api/media/play/
[INFO] 2026-06-06 10:08:18,955 middleware 1683488 140103510914752 should_redirect: user_authenticated=True, status=200, location=, result=False, path=/tools/media/
[INFO] 2026-06-06 10:08:19,063 middleware 1683488 140103510914752 should_redirect: user_authenticated=True, status=200, location=, result=False, path=/tools/api/media/letters/
[INFO] 2026-06-06 10:08:19,092 middleware 1683488 140103510914752 should_redirect: user_authenticated=True, status=200, location=, result=False, path=/tools/api/media/list/
[INFO] 2026-06-06 10:08:19,096 middleware 1683488 140103502522048 should_redirect: user_authenticated=True, status=200, location=, result=False, path=/tools/api/media/instruments/
[INFO] 2026-06-06 10:08:19,147 middleware 1683488 140103502522048 should_redirect: user_authenticated=True, status=200, location=, result=False, path=/tools/api/media/styles/
[INFO] 2026-06-06 10:08:21,516 middleware 1683488 140103502522048 should_redirect: user_authenticated=True, status=404, location=, result=False, path=/tools/api/media/cover/
[INFO] 2026-06-06 10:08:21,525 middleware 1683488 140103510914752 should_redirect: user_authenticated=True, status=200, location=, result=False, path=/tools/api/media/play/
[INFO] 2026-06-06 10:08:38,937 middleware 1683488 140103510914752 should_redirect: user_authenticated=True, status=200, location=, result=False, path=/tools/media/
[INFO] 2026-06-06 10:08:39,033 middleware 1683488 140103510914752 should_redirect: user_authenticated=True, status=200, location=, result=False, path=/tools/api/media/letters/
[INFO] 2026-06-06 10:08:39,062 middleware 1683488 140103510914752 should_redirect: user_authenticated=True, status=200, location=, result=False, path=/tools/api/media/list/
[INFO] 2026-06-06 10:08:39,068 middleware 1683488 140103502522048 should_redirect: user_authenticated=True, status=200, location=, result=False, path=/tools/api/media/instruments/
[INFO] 2026-06-06 10:08:39,127 middleware 1683488 140103502522048 should_redirect: user_authenticated=True, status=200, location=, result=False, path=/tools/api/media/styles/
[INFO] 2026-06-06 10:08:41,280 middleware 1683488 140103502522048 should_redirect: user_authenticated=True, status=404, location=, result=False, path=/tools/api/media/cover/
[INFO] 2026-06-06 10:08:41,297 middleware 1683488 140103502522048 should_redirect: user_authenticated=True, status=200, location=, result=False, path=/tools/api/media/play/
[INFO] 2026-06-06 10:08:45,034 middleware 1683488 140103502522048 should_redirect: user_authenticated=True, status=404, location=, result=False, path=/tools/api/media/cover/
[INFO] 2026-06-06 10:08:45,050 middleware 1683488 140103502522048 should_redirect: user_authenticated=True, status=200, location=, result=False, path=/tools/api/media/play/
[INFO] 2026-06-06 10:08:47,509 middleware 1683488 140103502522048 should_redirect: user_authenticated=True, status=404, location=, result=False, path=/tools/api/media/cover/
[INFO] 2026-06-06 10:08:47,523 middleware 1683488 140103510914752 should_redirect: user_authenticated=True, status=200, location=, result=False, path=/tools/api/media/play/
[INFO] 2026-06-06 10:08:50,395 middleware 1683488 140103510914752 should_redirect: user_authenticated=True, status=404, location=, result=False, path=/tools/api/media/cover/
[INFO] 2026-06-06 10:08:50,410 middleware 1683488 140103510914752 should_redirect: user_authenticated=True, status=200, location=, result=False, path=/tools/api/media/play/
[INFO] 2026-06-06 10:08:53,376 middleware 1683488 140103510914752 should_redirect: user_authenticated=True, status=404, location=, result=False, path=/tools/api/media/cover/
[INFO] 2026-06-06 10:08:53,396 middleware 1683488 140103510914752 should_redirect: user_authenticated=True, status=200, location=, result=False, path=/tools/api/media/play/
[INFO] 2026-06-06 10:09:06,639 middleware 1683488 140103510914752 should_redirect: user_authenticated=True, status=404, location=, result=False, path=/tools/api/media/cover/
[INFO] 2026-06-06 10:09:06,655 middleware 1683488 140103510914752 should_redirect: user_authenticated=True, status=200, location=, result=False, path=/tools/api/media/play/
[INFO] 2026-06-06 10:10:17,805 middleware 1683488 140103510914752 should_redirect: user_authenticated=True, status=404, location=, result=False, path=/tools/api/media/cover/
[INFO] 2026-06-06 10:10:17,822 middleware 1683488 140103510914752 should_redirect: user_authenticated=True, status=200, location=, result=False, path=/tools/api/media/play/
[INFO] 2026-06-06 10:10:21,101 middleware 1683488 140103510914752 should_redirect: user_authenticated=True, status=404, location=, result=False, path=/tools/api/media/cover/
[INFO] 2026-06-06 10:10:21,126 middleware 1683488 140103510914752 should_redirect: user_authenticated=True, status=200, location=, result=False, path=/tools/api/media/play/
[INFO] 2026-06-06 10:11:05,751 middleware 1683790 140459846510272 should_redirect: user_authenticated=True, status=200, location=, result=False, path=/tools/media/
[INFO] 2026-06-06 10:11:05,851 middleware 1683790 140459846510272 should_redirect: user_authenticated=True, status=200, location=, result=False, path=/tools/api/media/letters/
[INFO] 2026-06-06 10:11:05,880 middleware 1683790 140459846510272 should_redirect: user_authenticated=True, status=200, location=, result=False, path=/tools/api/media/list/
[INFO] 2026-06-06 10:11:05,886 middleware 1683790 140459838117568 should_redirect: user_authenticated=True, status=200, location=, result=False, path=/tools/api/media/instruments/
[INFO] 2026-06-06 10:11:05,942 middleware 1683790 140459838117568 should_redirect: user_authenticated=True, status=200, location=, result=False, path=/tools/api/media/styles/
[INFO] 2026-06-06 10:11:08,305 middleware 1683790 140459838117568 should_redirect: user_authenticated=True, status=404, location=, result=False, path=/tools/api/media/cover/
[INFO] 2026-06-06 10:11:08,313 middleware 1683790 140459846510272 should_redirect: user_authenticated=True, status=200, location=, result=False, path=/tools/api/media/play/
[INFO] 2026-06-06 10:11:11,916 middleware 1683790 140459838117568 should_redirect: user_authenticated=True, status=404, location=, result=False, path=/tools/api/media/cover/
[INFO] 2026-06-06 10:11:11,950 middleware 1683790 140459838117568 should_redirect: user_authenticated=True, status=200, location=, result=False, path=/tools/api/media/play/
[INFO] 2026-06-06 10:11:15,764 middleware 1683790 140459838117568 should_redirect: user_authenticated=True, status=404, location=, result=False, path=/tools/api/media/cover/
[INFO] 2026-06-06 10:11:15,797 middleware 1683790 140459838117568 should_redirect: user_authenticated=True, status=200, location=, result=False, path=/tools/api/media/play/
[INFO] 2026-06-06 10:12:04,455 middleware 1683790 140459838117568 should_redirect: user_authenticated=True, status=200, location=, result=False, path=/
[INFO] 2026-06-06 10:12:04,718 middleware 1683790 140459838117568 should_redirect: user_authenticated=True, status=200, location=, result=False, path=/welcome/
[INFO] 2026-06-06 10:12:04,805 middleware 1683790 140459838117568 should_redirect: user_authenticated=True, status=200, location=, result=False, path=/menus/
[INFO] 2026-06-06 10:12:12,067 middleware 1683790 140459828659904 should_redirect: user_authenticated=True, status=200, location=, result=False, path=/tools/media/
[INFO] 2026-06-06 10:12:12,185 middleware 1683790 140459828659904 should_redirect: user_authenticated=True, status=200, location=, result=False, path=/tools/api/media/letters/
[INFO] 2026-06-06 10:12:12,212 middleware 1683790 140459828659904 should_redirect: user_authenticated=True, status=200, location=, result=False, path=/tools/api/media/list/
[INFO] 2026-06-06 10:12:12,242 middleware 1683790 140459828659904 should_redirect: user_authenticated=True, status=200, location=, result=False, path=/tools/api/media/instruments/
[INFO] 2026-06-06 10:12:12,330 middleware 1683790 140459846510272 should_redirect: user_authenticated=True, status=200, location=, result=False, path=/tools/api/media/styles/
[INFO] 2026-06-06 10:12:15,526 middleware 1683790 140459846510272 should_redirect: user_authenticated=True, status=404, location=, result=False, path=/tools/api/media/cover/
[INFO] 2026-06-06 10:12:15,543 middleware 1683790 140459846510272 should_redirect: user_authenticated=True, status=200, location=, result=False, path=/tools/api/media/play/
[INFO] 2026-06-06 10:13:42,116 middleware 1683988 140518678054592 should_redirect: user_authenticated=True, status=200, location=, result=False, path=/tools/api/media/play/
[INFO] 2026-06-06 10:14:50,625 middleware 1683988 140518678054592 should_redirect: user_authenticated=True, status=200, location=, result=False, path=/tools/api/media/list/
[INFO] 2026-06-06 10:14:52,862 middleware 1683988 140518668613312 should_redirect: user_authenticated=True, status=200, location=, result=False, path=/tools/api/media/play/
[INFO] 2026-06-06 10:14:52,877 middleware 1683988 140518678054592 should_redirect: user_authenticated=True, status=404, location=, result=False, path=/tools/api/media/cover/
[INFO] 2026-06-06 10:15:06,078 middleware 1683988 140518668613312 should_redirect: user_authenticated=True, status=200, location=, result=False, path=/tools/api/media/list/
[INFO] 2026-06-06 10:15:13,183 middleware 1683988 140518668613312 should_redirect: user_authenticated=True, status=200, location=, result=False, path=/tools/api/media/list/
[INFO] 2026-06-06 10:15:16,987 middleware 1683988 140518668613312 should_redirect: user_authenticated=True, status=404, location=, result=False, path=/tools/api/media/cover/
[INFO] 2026-06-06 10:15:17,006 middleware 1683988 140518668613312 should_redirect: user_authenticated=True, status=200, location=, result=False, path=/tools/api/media/play/
[INFO] 2026-06-06 10:16:34,121 middleware 1683988 140518668613312 should_redirect: user_authenticated=True, status=200, location=, result=False, path=/tools/api/media/play/
[INFO] 2026-06-06 10:16:49,258 middleware 1683988 140518668613312 should_redirect: user_authenticated=True, status=200, location=, result=False, path=/tools/api/media/list/
[INFO] 2026-06-06 10:16:51,417 middleware 1683988 140518668613312 should_redirect: user_authenticated=True, status=404, location=, result=False, path=/tools/api/media/cover/
[INFO] 2026-06-06 10:16:51,432 middleware 1683988 140518668613312 should_redirect: user_authenticated=True, status=200, location=, result=False, path=/tools/api/media/play/
[INFO] 2026-06-06 10:21:17,346 middleware 1683988 140518668613312 should_redirect: user_authenticated=False, status=302, location=/login/?next=/tools/api/media/cover/%3Fid%3D4%26category%3Dmusic, result=True, path=/tools/api/media/cover/
[INFO] 2026-06-06 10:21:17,347 middleware 1683988 140518668613312 为用户 AnonymousUser 执行iframe登录跳转
[INFO] 2026-06-06 10:23:22,096 middleware 1684420 140460726433472 should_redirect: user_authenticated=True, status=200, location=, result=False, path=/tools/media/
[INFO] 2026-06-06 10:23:22,293 middleware 1684420 140460726433472 should_redirect: user_authenticated=True, status=200, location=, result=False, path=/tools/api/media/letters/
[INFO] 2026-06-06 10:23:22,323 middleware 1684420 140460726433472 should_redirect: user_authenticated=True, status=200, location=, result=False, path=/tools/api/media/list/
[INFO] 2026-06-06 10:23:22,340 middleware 1684420 140460718040768 should_redirect: user_authenticated=True, status=200, location=, result=False, path=/tools/api/media/instruments/
[INFO] 2026-06-06 10:23:22,469 middleware 1684420 140460718040768 should_redirect: user_authenticated=True, status=200, location=, result=False, path=/tools/api/media/styles/
[INFO] 2026-06-06 10:23:28,087 middleware 1684420 140460718040768 should_redirect: user_authenticated=True, status=404, location=, result=False, path=/tools/api/media/cover/
[INFO] 2026-06-06 10:23:28,097 middleware 1684420 140460726433472 should_redirect: user_authenticated=True, status=200, location=, result=False, path=/tools/api/media/play/
[INFO] 2026-06-06 10:24:28,631 middleware 1684420 140460726433472 should_redirect: user_authenticated=False, status=404, location=, result=False, path=/tools/api/media/cover/
[INFO] 2026-06-06 10:27:08,424 middleware 1684420 140460726433472 should_redirect: user_authenticated=True, status=404, location=, result=False, path=/tools/api/media/cover/
[INFO] 2026-06-06 10:27:08,438 middleware 1684420 140460726433472 should_redirect: user_authenticated=True, status=200, location=, result=False, path=/tools/api/media/play/
[INFO] 2026-06-06 10:27:20,788 middleware 1684420 140460726433472 should_redirect: user_authenticated=True, status=200, location=, result=False, path=/
[INFO] 2026-06-06 10:27:20,962 middleware 1684420 140460726433472 should_redirect: user_authenticated=True, status=200, location=, result=False, path=/welcome/
[INFO] 2026-06-06 10:27:20,996 middleware 1684420 140460726433472 should_redirect: user_authenticated=True, status=200, location=, result=False, path=/menus/
[INFO] 2026-06-06 10:27:24,739 middleware 1684420 140460726433472 should_redirect: user_authenticated=True, status=200, location=, result=False, path=/archives/person
[INFO] 2026-06-06 10:27:24,825 middleware 1684420 140460726433472 should_redirect: user_authenticated=True, status=200, location=, result=False, path=/components/person-panel-embed/
[INFO] 2026-06-06 10:27:24,942 middleware 1684420 140460726433472 should_redirect: user_authenticated=True, status=200, location=, result=False, path=/components/person-panel-embed/
[INFO] 2026-06-06 10:27:25,068 middleware 1684420 140460726433472 should_redirect: user_authenticated=True, status=200, location=, result=False, path=/components/tree/
[INFO] 2026-06-06 10:27:26,083 middleware 1684420 140460726433472 should_redirect: user_authenticated=True, status=200, location=, result=False, path=/components/tree-children/
[INFO] 2026-06-06 10:27:27,209 middleware 1684420 140460726433472 should_redirect: user_authenticated=True, status=200, location=, result=False, path=/components/tree-children/
[INFO] 2026-06-06 10:27:28,047 middleware 1684420 140460726433472 should_redirect: user_authenticated=True, status=200, location=, result=False, path=/archives/person-basic/
[INFO] 2026-06-06 10:27:28,296 middleware 1684420 140460726433472 should_redirect: user_authenticated=True, status=200, location=, result=False, path=/archives/api/person-detail/
[INFO] 2026-06-06 10:27:30,289 middleware 1684420 140460726433472 should_redirect: user_authenticated=True, status=200, location=, result=False, path=/archives/person-salary/
[INFO] 2026-06-06 10:27:30,734 middleware 1684420 140460726433472 should_redirect: user_authenticated=True, status=200, location=, result=False, path=/archives/api/salary/
[INFO] 2026-06-06 10:27:30,972 middleware 1684420 140460726433472 should_redirect: user_authenticated=True, status=200, location=, result=False, path=/archives/person-position/
[INFO] 2026-06-06 10:27:31,089 middleware 1684420 140460726433472 should_redirect: user_authenticated=True, status=200, location=, result=False, path=/archives/api/position/
[INFO] 2026-06-06 10:27:31,600 middleware 1684420 140460726433472 should_redirect: user_authenticated=True, status=200, location=, result=False, path=/archives/person-audit/
[INFO] 2026-06-06 10:27:31,758 middleware 1684420 140460726433472 should_redirect: user_authenticated=True, status=200, location=, result=False, path=/archives/api/audit/
[INFO] 2026-06-06 10:27:32,776 middleware 1684420 140460726433472 should_redirect: user_authenticated=True, status=200, location=, result=False, path=/archives/image/scan/
[INFO] 2026-06-06 10:27:32,921 middleware 1684420 140460726433472 should_redirect: user_authenticated=True, status=200, location=, result=False, path=/components/person-panel-embed/
[INFO] 2026-06-06 10:27:32,954 middleware 1684420 140460726433472 should_redirect: user_authenticated=True, status=200, location=, result=False, path=/components/archive-tree-embed/
[INFO] 2026-06-06 10:27:33,035 middleware 1684420 140460726433472 should_redirect: user_authenticated=True, status=200, location=, result=False, path=/components/tree/
[INFO] 2026-06-06 10:27:33,695 middleware 1684420 140460726433472 should_redirect: user_authenticated=True, status=200, location=, result=False, path=/components/tree-children/
[INFO] 2026-06-06 10:27:34,875 middleware 1684420 140460726433472 should_redirect: user_authenticated=True, status=200, location=, result=False, path=/components/tree-children/
[INFO] 2026-06-06 10:27:35,635 middleware 1684420 140460726433472 should_redirect: user_authenticated=True, status=200, location=, result=False, path=/components/archive-tree-embed/
[INFO] 2026-06-06 10:27:35,744 middleware 1684420 140460718040768 should_redirect: user_authenticated=True, status=200, location=, result=False, path=/components/archive-tree/
[INFO] 2026-06-06 10:27:35,760 middleware 1684420 140460726433472 should_redirect: user_authenticated=True, status=200, location=, result=False, path=/components/scan-stats/
[INFO] 2026-06-06 10:27:36,770 middleware 1684420 140460726433472 should_redirect: user_authenticated=True, status=200, location=, result=False, path=/components/archive-tree/
[INFO] 2026-06-06 10:27:37,397 middleware 1684420 140460726433472 should_redirect: user_authenticated=True, status=200, location=, result=False, path=/archives/image/api/scan-check/
[INFO] 2026-06-06 10:27:37,448 middleware 1684420 140460726433472 should_redirect: user_authenticated=True, status=200, location=, result=False, path=/archives/image/api/scan-generate-pdf/
[INFO] 2026-06-06 10:27:37,498 middleware 1684420 140460726433472 should_redirect: user_authenticated=True, status=200, location=, result=False, path=/archives/image/api/scan-pdf/
[INFO] 2026-06-06 10:27:48,995 middleware 1684420 140460726433472 should_redirect: user_authenticated=True, status=200, location=, result=False, path=/tools/media/
[INFO] 2026-06-06 10:27:49,079 middleware 1684420 140460726433472 should_redirect: user_authenticated=True, status=200, location=, result=False, path=/tools/api/media/letters/
[INFO] 2026-06-06 10:27:49,098 middleware 1684420 140460718040768 should_redirect: user_authenticated=True, status=200, location=, result=False, path=/tools/api/media/list/
[INFO] 2026-06-06 10:27:49,112 middleware 1684420 140460726433472 should_redirect: user_authenticated=True, status=200, location=, result=False, path=/tools/api/media/instruments/
[INFO] 2026-06-06 10:27:49,158 middleware 1684420 140460726433472 should_redirect: user_authenticated=True, status=200, location=, result=False, path=/tools/api/media/styles/
[INFO] 2026-06-06 10:27:51,534 middleware 1684420 140460726433472 should_redirect: user_authenticated=True, status=404, location=, result=False, path=/tools/api/media/cover/
[INFO] 2026-06-06 10:27:51,668 middleware 1684420 140460726433472 should_redirect: user_authenticated=True, status=200, location=, result=False, path=/tools/api/media/play/
[INFO] 2026-06-06 10:28:07,371 middleware 1684420 140460726433472 should_redirect: user_authenticated=True, status=404, location=, result=False, path=/tools/api/media/cover/
[INFO] 2026-06-06 10:28:07,390 middleware 1684420 140460726433472 should_redirect: user_authenticated=True, status=200, location=, result=False, path=/tools/api/media/play/
[INFO] 2026-06-06 10:28:43,826 middleware 1684420 140460726433472 should_redirect: user_authenticated=True, status=200, location=, result=False, path=/tools/media/
[INFO] 2026-06-06 10:28:43,970 middleware 1684420 140460726433472 should_redirect: user_authenticated=True, status=200, location=, result=False, path=/tools/api/media/letters/
[INFO] 2026-06-06 10:28:43,998 middleware 1684420 140460726433472 should_redirect: user_authenticated=True, status=200, location=, result=False, path=/tools/api/media/list/
[INFO] 2026-06-06 10:28:44,002 middleware 1684420 140460718040768 should_redirect: user_authenticated=True, status=200, location=, result=False, path=/tools/api/media/instruments/
[INFO] 2026-06-06 10:28:44,068 middleware 1684420 140460718040768 should_redirect: user_authenticated=True, status=200, location=, result=False, path=/tools/api/media/styles/
[INFO] 2026-06-06 10:28:45,555 middleware 1684420 140460718040768 should_redirect: user_authenticated=True, status=404, location=, result=False, path=/tools/api/media/cover/
[INFO] 2026-06-06 10:28:45,577 middleware 1684420 140460718040768 should_redirect: user_authenticated=True, status=200, location=, result=False, path=/tools/api/media/play/
[INFO] 2026-06-06 10:28:47,914 middleware 1684420 140460726433472 should_redirect: user_authenticated=True, status=200, location=, result=False, path=/archivesSystem/organization/
[INFO] 2026-06-06 10:28:48,068 middleware 1684420 140460726433472 should_redirect: user_authenticated=True, status=200, location=, result=False, path=/archivesSystem/api/organization/tree/
[INFO] 2026-06-06 10:28:52,720 middleware 1684420 140460726433472 should_redirect: user_authenticated=True, status=200, location=, result=False, path=/archives/person-audit/
[INFO] 2026-06-06 10:28:52,914 middleware 1684420 140460726433472 should_redirect: user_authenticated=True, status=200, location=, result=False, path=/archives/api/audit/
[INFO] 2026-06-06 10:28:56,188 middleware 1684420 140460726433472 should_redirect: user_authenticated=True, status=200, location=, result=False, path=/components/archive-tree/
[INFO] 2026-06-06 10:28:57,838 middleware 1684420 140460726433472 should_redirect: user_authenticated=True, status=200, location=, result=False, path=/components/archive-tree/
[INFO] 2026-06-06 10:28:58,558 middleware 1684420 140460726433472 should_redirect: user_authenticated=True, status=200, location=, result=False, path=/components/archive-tree/
[INFO] 2026-06-06 10:28:59,293 middleware 1684420 140460726433472 should_redirect: user_authenticated=True, status=200, location=, result=False, path=/archives/image/api/scan-check/
[INFO] 2026-06-06 10:29:01,621 middleware 1684420 140460726433472 should_redirect: user_authenticated=True, status=200, location=, result=False, path=/archives/image/api/scan-generate-pdf/
[INFO] 2026-06-06 10:29:01,677 middleware 1684420 140460726433472 should_redirect: user_authenticated=True, status=200, location=, result=False, path=/archives/image/api/scan-pdf/
[INFO] 2026-06-06 10:36:43,749 middleware 1684839 140147548206784 should_redirect: user_authenticated=True, status=200, location=, result=False, path=/tools/api/media/list/
[INFO] 2026-06-06 10:55:33,200 middleware 1684839 140147548206784 should_redirect: user_authenticated=True, status=200, location=, result=False, path=/business/archive-stats/
[INFO] 2026-06-06 10:55:33,699 middleware 1684839 140147548206784 should_redirect: user_authenticated=True, status=200, location=, result=False, path=/business/api/archive-stats/
[INFO] 2026-06-06 10:55:33,795 middleware 1684839 140147548206784 should_redirect: user_authenticated=True, status=200, location=, result=False, path=/business/api/archive-stats/
[INFO] 2026-06-06 10:55:33,886 middleware 1684839 140147548206784 should_redirect: user_authenticated=True, status=200, location=, result=False, path=/business/api/archive-stats/
[INFO] 2026-06-06 10:55:33,958 middleware 1684839 140147548206784 should_redirect: user_authenticated=True, status=200, location=, result=False, path=/business/api/archive-stats/
[INFO] 2026-06-06 10:55:34,040 middleware 1684839 140147548206784 should_redirect: user_authenticated=True, status=200, location=, result=False, path=/business/api/archive-stats/
[INFO] 2026-06-06 10:55:34,120 middleware 1684839 140147548206784 should_redirect: user_authenticated=True, status=200, location=, result=False, path=/business/api/archive-stats/
[INFO] 2026-06-06 10:55:34,218 middleware 1684839 140147548206784 should_redirect: user_authenticated=True, status=200, location=, result=False, path=/business/api/archive-stats/
[INFO] 2026-06-06 10:55:34,301 middleware 1684839 140147548206784 should_redirect: user_authenticated=True, status=200, location=, result=False, path=/business/api/archive-stats/
[INFO] 2026-06-06 10:55:34,384 middleware 1684839 140147548206784 should_redirect: user_authenticated=True, status=200, location=, result=False, path=/business/api/archive-stats/
[INFO] 2026-06-06 10:55:34,458 middleware 1684839 140147548206784 should_redirect: user_authenticated=True, status=200, location=, result=False, path=/business/api/archive-stats/
[INFO] 2026-06-06 10:55:35,430 middleware 1684839 140147548206784 should_redirect: user_authenticated=True, status=200, location=, result=False, path=/business/api/archive-stats/checked/
[INFO] 2026-06-06 10:55:44,366 middleware 1684839 140147548206784 should_redirect: user_authenticated=True, status=200, location=, result=False, path=/business/api/archive-stats/checked/
[INFO] 2026-06-06 10:55:48,130 middleware 1684839 140147548206784 should_redirect: user_authenticated=True, status=200, location=, result=False, path=/business/api/archive-stats/detail-by-range/
[INFO] 2026-06-06 11:21:15,596 middleware 1684839 140147548206784 should_redirect: user_authenticated=True, status=200, location=, result=False, path=/tools/api/media/list/
[INFO] 2026-06-06 11:21:22,927 middleware 1684839 140147548206784 should_redirect: user_authenticated=True, status=200, location=, result=False, path=/tools/api/media/list/
[INFO] 2026-06-06 11:21:30,244 middleware 1684839 140147548206784 should_redirect: user_authenticated=True, status=200, location=, result=False, path=/tools/api/media/list/
[INFO] 2026-06-06 11:21:36,643 middleware 1684839 140147548206784 should_redirect: user_authenticated=True, status=200, location=, result=False, path=/tools/api/media/list/
[INFO] 2026-06-06 11:26:28,839 middleware 1684839 140147548206784 should_redirect: user_authenticated=True, status=200, location=, result=False, path=/archivesSystem/files/
[INFO] 2026-06-06 11:26:29,019 middleware 1684839 140147548206784 should_redirect: user_authenticated=True, status=200, location=, result=False, path=/archivesSystem/api/files/categories/
[INFO] 2026-06-06 11:26:33,047 middleware 1684839 140147548206784 should_redirect: user_authenticated=True, status=200, location=, result=False, path=/archivesSystem/api/files/list/
[INFO] 2026-06-06 11:26:39,129 middleware 1684839 140147548206784 should_redirect: user_authenticated=True, status=200, location=, result=False, path=/archivesSystem/api/files/list/
[INFO] 2026-06-06 11:26:40,445 middleware 1684839 140147548206784 should_redirect: user_authenticated=True, status=200, location=, result=False, path=/archivesSystem/api/files/download/
[INFO] 2026-06-06 11:27:45,114 middleware 1684839 140147548206784 should_redirect: user_authenticated=True, status=200, location=, result=False, path=/archivesSystem/api/files/list/
[INFO] 2026-06-06 11:27:46,893 middleware 1684839 140147548206784 should_redirect: user_authenticated=True, status=200, location=, result=False, path=/archivesSystem/api/files/list/
[INFO] 2026-06-06 11:27:48,215 middleware 1684839 140147548206784 should_redirect: user_authenticated=True, status=200, location=, result=False, path=/archivesSystem/api/files/list/
[INFO] 2026-06-06 11:27:49,060 middleware 1684839 140147548206784 should_redirect: user_authenticated=True, status=200, location=, result=False, path=/archivesSystem/api/files/list/
[INFO] 2026-06-06 11:27:51,928 middleware 1684839 140147548206784 should_redirect: user_authenticated=True, status=200, location=, result=False, path=/archivesSystem/api/files/list/
[INFO] 2026-06-06 11:27:52,742 middleware 1684839 140147548206784 should_redirect: user_authenticated=True, status=200, location=, result=False, path=/archivesSystem/api/files/list/
[INFO] 2026-06-06 11:27:53,571 middleware 1684839 140147548206784 should_redirect: user_authenticated=True, status=200, location=, result=False, path=/archivesSystem/api/files/list/
[INFO] 2026-06-06 11:27:56,309 middleware 1684839 140147548206784 should_redirect: user_authenticated=True, status=200, location=, result=False, path=/archivesSystem/api/files/list/
[INFO] 2026-06-06 11:27:58,783 middleware 1684839 140147548206784 should_redirect: user_authenticated=True, status=200, location=, result=False, path=/archivesSystem/api/files/download/
[INFO] 2026-06-06 11:28:15,666 middleware 1684839 140147548206784 should_redirect: user_authenticated=True, status=200, location=, result=False, path=/archivesSystem/api/files/list/
[INFO] 2026-06-06 11:28:16,812 middleware 1684839 140147548206784 should_redirect: user_authenticated=True, status=200, location=, result=False, path=/archivesSystem/api/files/list/
[INFO] 2026-06-06 11:28:17,943 middleware 1684839 140147548206784 should_redirect: user_authenticated=True, status=200, location=, result=False, path=/archivesSystem/api/files/download/
[INFO] 2026-06-06 11:28:20,379 middleware 1684839 140147548206784 should_redirect: user_authenticated=True, status=200, location=, result=False, path=/archivesSystem/api/files/download/
[INFO] 2026-06-06 11:28:28,327 middleware 1684839 140147548206784 should_redirect: user_authenticated=True, status=200, location=, result=False, path=/archivesSystem/api/files/list/
[INFO] 2026-06-06 11:28:31,136 middleware 1684839 140147548206784 should_redirect: user_authenticated=True, status=200, location=, result=False, path=/archivesSystem/api/files/list/
[INFO] 2026-06-06 11:28:36,170 middleware 1684839 140147548206784 should_redirect: user_authenticated=True, status=200, location=, result=False, path=/archivesSystem/files/manage/
[INFO] 2026-06-06 11:28:36,392 middleware 1684839 140147548206784 should_redirect: user_authenticated=True, status=200, location=, result=False, path=/archivesSystem/api/files/categories/
[INFO] 2026-06-06 11:28:38,058 middleware 1684839 140147548206784 should_redirect: user_authenticated=True, status=200, location=, result=False, path=/archivesSystem/api/files/manage/list/
[INFO] 2026-06-06 11:28:38,907 middleware 1684839 140147548206784 should_redirect: user_authenticated=True, status=200, location=, result=False, path=/archivesSystem/api/files/manage/persons/
[INFO] 2026-06-06 11:28:38,980 middleware 1684839 140147548206784 should_redirect: user_authenticated=True, status=200, location=, result=False, path=/archivesSystem/api/files/download/
[INFO] 2026-06-06 11:28:40,868 middleware 1684839 140147548206784 should_redirect: user_authenticated=True, status=200, location=, result=False, path=/archivesSystem/api/files/manage/persons/
[INFO] 2026-06-06 11:28:40,915 middleware 1684839 140147548206784 should_redirect: user_authenticated=True, status=200, location=, result=False, path=/archivesSystem/api/files/download/
[INFO] 2026-06-06 11:28:42,144 middleware 1684839 140147548206784 should_redirect: user_authenticated=True, status=200, location=, result=False, path=/archivesSystem/api/files/manage/persons/
[INFO] 2026-06-06 11:28:42,201 middleware 1684839 140147548206784 should_redirect: user_authenticated=True, status=200, location=, result=False, path=/archivesSystem/api/files/download/
[INFO] 2026-06-06 11:28:43,846 middleware 1684839 140147548206784 should_redirect: user_authenticated=True, status=200, location=, result=False, path=/archivesSystem/files/dialog/edit/
[INFO] 2026-06-06 11:28:43,936 middleware 1684839 140147548206784 should_redirect: user_authenticated=True, status=200, location=, result=False, path=/archivesSystem/api/files/manage/persons/
[INFO] 2026-06-06 11:28:51,295 middleware 1684839 140147548206784 should_redirect: user_authenticated=True, status=200, location=, result=False, path=/archivesSystem/files/dialog/edit/
[INFO] 2026-06-06 11:28:51,360 middleware 1684839 140147548206784 should_redirect: user_authenticated=True, status=200, location=, result=False, path=/archivesSystem/api/files/manage/list/
[INFO] 2026-06-06 11:28:53,584 middleware 1684839 140147548206784 should_redirect: user_authenticated=True, status=200, location=, result=False, path=/archivesSystem/files/dialog/edit/
[INFO] 2026-06-06 11:28:53,632 middleware 1684839 140147548206784 should_redirect: user_authenticated=True, status=200, location=, result=False, path=/archivesSystem/api/files/manage/persons/
[INFO] 2026-06-06 11:28:53,687 middleware 1684839 140147548206784 should_redirect: user_authenticated=True, status=200, location=, result=False, path=/archivesSystem/api/files/download/
[INFO] 2026-06-06 11:28:53,714 middleware 1684839 140147557648064 should_redirect: user_authenticated=True, status=200, location=, result=False, path=/archivesSystem/api/files/manage/persons/
[INFO] 2026-06-06 11:29:34,034 middleware 1684839 140147557648064 should_redirect: user_authenticated=True, status=200, location=, result=False, path=/archivesSystem/files/dialog/edit/
[INFO] 2026-06-06 11:29:34,080 middleware 1684839 140147557648064 should_redirect: user_authenticated=True, status=200, location=, result=False, path=/archivesSystem/api/files/manage/persons/
[INFO] 2026-06-06 11:29:34,139 middleware 1684839 140147557648064 should_redirect: user_authenticated=True, status=200, location=, result=False, path=/archivesSystem/api/files/download/
[INFO] 2026-06-06 11:29:34,162 middleware 1684839 140147548206784 should_redirect: user_authenticated=True, status=200, location=, result=False, path=/archivesSystem/api/files/manage/persons/
[INFO] 2026-06-06 11:29:35,128 middleware 1684839 140147557648064 should_redirect: user_authenticated=True, status=200, location=, result=False, path=/archivesSystem/files/dialog/edit/
[INFO] 2026-06-06 11:29:35,184 middleware 1684839 140147557648064 should_redirect: user_authenticated=True, status=200, location=, result=False, path=/archivesSystem/api/files/manage/persons/
[INFO] 2026-06-06 11:29:35,260 middleware 1684839 140147557648064 should_redirect: user_authenticated=True, status=200, location=, result=False, path=/archivesSystem/api/files/download/
[INFO] 2026-06-06 11:29:35,288 middleware 1684839 140147557648064 should_redirect: user_authenticated=True, status=200, location=, result=False, path=/archivesSystem/api/files/manage/persons/
[INFO] 2026-06-06 11:29:42,892 middleware 1684839 140147557648064 should_redirect: user_authenticated=True, status=200, location=, result=False, path=/archivesSystem/files/manage/
[INFO] 2026-06-06 11:29:43,042 middleware 1684839 140147557648064 should_redirect: user_authenticated=True, status=200, location=, result=False, path=/archivesSystem/api/files/categories/
[INFO] 2026-06-06 11:29:44,325 middleware 1684839 140147557648064 should_redirect: user_authenticated=True, status=200, location=, result=False, path=/archivesSystem/api/files/manage/list/
[INFO] 2026-06-06 11:29:46,147 middleware 1684839 140147557648064 should_redirect: user_authenticated=True, status=200, location=, result=False, path=/archivesSystem/api/files/manage/list/
[INFO] 2026-06-06 11:29:47,655 middleware 1684839 140147557648064 should_redirect: user_authenticated=True, status=200, location=, result=False, path=/archivesSystem/api/files/manage/persons/
[INFO] 2026-06-06 11:29:47,711 middleware 1684839 140147557648064 should_redirect: user_authenticated=True, status=200, location=, result=False, path=/archivesSystem/api/files/download/
[INFO] 2026-06-06 11:30:08,311 middleware 1684839 140147557648064 should_redirect: user_authenticated=True, status=200, location=, result=False, path=/
[INFO] 2026-06-06 11:30:08,683 middleware 1684839 140147557648064 should_redirect: user_authenticated=True, status=200, location=, result=False, path=/welcome/
[INFO] 2026-06-06 11:30:08,769 middleware 1684839 140147557648064 should_redirect: user_authenticated=True, status=200, location=, result=False, path=/menus/
[INFO] 2026-06-06 11:30:18,391 middleware 1684839 140147557648064 should_redirect: user_authenticated=True, status=200, location=, result=False, path=/platform-users/
[INFO] 2026-06-06 11:30:18,534 middleware 1684839 140147557648064 should_redirect: user_authenticated=True, status=200, location=, result=False, path=/api/platform-users/list/
[INFO] 2026-06-06 11:30:18,553 middleware 1684839 140147557648064 should_redirect: user_authenticated=True, status=200, location=, result=False, path=/api/platform-groups/list/
[INFO] 2026-06-06 11:30:24,871 middleware 1684839 140147557648064 should_redirect: user_authenticated=True, status=200, location=, result=False, path=/archivesSystem/files/manage/
[INFO] 2026-06-06 11:30:24,986 middleware 1684839 140147557648064 should_redirect: user_authenticated=True, status=200, location=, result=False, path=/archivesSystem/api/files/categories/
[INFO] 2026-06-06 11:30:26,167 middleware 1684839 140147557648064 should_redirect: user_authenticated=True, status=200, location=, result=False, path=/archivesSystem/api/files/manage/list/
[INFO] 2026-06-06 11:30:27,762 middleware 1684839 140147557648064 should_redirect: user_authenticated=True, status=200, location=, result=False, path=/archivesSystem/api/files/manage/list/
[INFO] 2026-06-06 11:30:29,735 middleware 1684839 140147557648064 should_redirect: user_authenticated=True, status=200, location=, result=False, path=/archivesSystem/api/files/manage/list/
[INFO] 2026-06-06 11:30:31,441 middleware 1684839 140147557648064 should_redirect: user_authenticated=True, status=200, location=, result=False, path=/archivesSystem/api/files/manage/list/
[INFO] 2026-06-06 11:30:32,808 middleware 1684839 140147557648064 should_redirect: user_authenticated=True, status=200, location=, result=False, path=/archivesSystem/api/files/manage/persons/
[INFO] 2026-06-06 11:30:32,865 middleware 1684839 140147557648064 should_redirect: user_authenticated=True, status=200, location=, result=False, path=/archivesSystem/api/files/download/
[INFO] 2026-06-06 11:30:42,042 middleware 1681112 140415488317248 should_redirect: user_authenticated=True, status=200, location=, result=False, path=/
[INFO] 2026-06-06 11:30:42,505 middleware 1681028 140415488317248 should_redirect: user_authenticated=True, status=200, location=, result=False, path=/welcome/
[INFO] 2026-06-06 11:30:42,512 middleware 1681303 140415488317248 should_redirect: user_authenticated=True, status=200, location=, result=False, path=/menus/
[INFO] 2026-06-06 11:30:46,494 middleware 1681032 140415488317248 should_redirect: user_authenticated=True, status=200, location=, result=False, path=/archivesSystem/files/manage/
[INFO] 2026-06-06 11:30:46,655 middleware 1681112 140415488317248 should_redirect: user_authenticated=True, status=200, location=, result=False, path=/archivesSystem/api/files/categories/
[INFO] 2026-06-06 11:30:46,750 middleware 1681265 140415488317248 should_redirect: user_authenticated=True, status=200, location=, result=False, path=/archivesSystem/files/dialog/add/
[INFO] 2026-06-06 11:30:47,773 middleware 1681265 140415488317248 should_redirect: user_authenticated=True, status=200, location=, result=False, path=/archivesSystem/api/files/manage/list/
[INFO] 2026-06-06 11:30:48,782 middleware 1681032 140415488317248 should_redirect: user_authenticated=True, status=200, location=, result=False, path=/archivesSystem/api/files/manage/list/
[INFO] 2026-06-06 11:30:50,851 middleware 1681303 140415488317248 should_redirect: user_authenticated=True, status=200, location=, result=False, path=/archivesSystem/api/files/manage/persons/
[INFO] 2026-06-06 11:30:50,887 middleware 1681265 140415488317248 should_redirect: user_authenticated=True, status=200, location=, result=False, path=/archivesSystem/api/files/download/
[INFO] 2026-06-06 11:30:53,172 middleware 1681028 140415488317248 should_redirect: user_authenticated=True, status=200, location=, result=False, path=/archivesSystem/api/files/manage/persons/
[INFO] 2026-06-06 11:30:53,186 middleware 1681028 140415488317248 should_redirect: user_authenticated=True, status=200, location=, result=False, path=/archivesSystem/api/files/download/
[INFO] 2026-06-06 11:30:56,525 middleware 1681028 140415488317248 should_redirect: user_authenticated=True, status=200, location=, result=False, path=/archivesSystem/api/files/download/
[INFO] 2026-06-06 11:31:02,491 middleware 1681224 140415488317248 should_redirect: user_authenticated=True, status=200, location=, result=False, path=/archivesSystem/api/files/manage/list/
[INFO] 2026-06-06 11:31:03,330 middleware 1681149 140415488317248 should_redirect: user_authenticated=True, status=200, location=, result=False, path=/archivesSystem/api/files/manage/list/
[INFO] 2026-06-06 11:31:04,574 middleware 1681149 140415488317248 should_redirect: user_authenticated=True, status=200, location=, result=False, path=/archivesSystem/api/files/manage/persons/
[INFO] 2026-06-06 11:31:04,589 middleware 1681149 140415488317248 should_redirect: user_authenticated=True, status=200, location=, result=False, path=/archivesSystem/api/files/download/
[INFO] 2026-06-06 11:31:09,390 middleware 1681149 140415488317248 should_redirect: user_authenticated=True, status=200, location=, result=False, path=/archivesSystem/api/files/download/
[INFO] 2026-06-06 11:32:26,119 middleware 1681303 140415488317248 should_redirect: user_authenticated=True, status=200, location=, result=False, path=/archivesSystem/files/dialog/edit/
[INFO] 2026-06-06 11:32:26,185 middleware 1681303 140415488317248 should_redirect: user_authenticated=True, status=200, location=, result=False, path=/archivesSystem/api/files/manage/persons/
[INFO] 2026-06-06 11:32:41,590 middleware 1681303 140415488317248 should_redirect: user_authenticated=True, status=200, location=, result=False, path=/archivesSystem/api/files/manage/save/
[INFO] 2026-06-06 11:32:41,625 middleware 1681303 140415488317248 should_redirect: user_authenticated=True, status=200, location=, result=False, path=/archivesSystem/api/files/manage/list/
[INFO] 2026-06-06 11:32:52,193 middleware 1681303 140415488317248 should_redirect: user_authenticated=True, status=200, location=, result=False, path=/archivesSystem/files/
[INFO] 2026-06-06 11:32:52,288 middleware 1681032 140415488317248 should_redirect: user_authenticated=True, status=200, location=, result=False, path=/archivesSystem/api/files/categories/
[INFO] 2026-06-06 11:32:55,897 middleware 1681112 140415488317248 should_redirect: user_authenticated=True, status=200, location=, result=False, path=/archivesSystem/api/files/list/
[INFO] 2026-06-06 11:33:02,899 middleware 1681303 140415488317248 should_redirect: user_authenticated=True, status=200, location=, result=False, path=/archivesSystem/api/files/list/
[INFO] 2026-06-06 11:33:08,499 middleware 1681028 140415488317248 should_redirect: user_authenticated=True, status=200, location=, result=False, path=/archivesSystem/api/files/list/
[INFO] 2026-06-06 11:33:31,336 middleware 1681032 140415488317248 should_redirect: user_authenticated=True, status=200, location=, result=False, path=/archivesSystem/api/files/manage/persons/
[INFO] 2026-06-06 11:33:31,338 middleware 1681224 140415488317248 should_redirect: user_authenticated=True, status=200, location=, result=False, path=/archivesSystem/files/dialog/edit/
[INFO] 2026-06-06 11:33:31,368 middleware 1681224 140415488317248 should_redirect: user_authenticated=True, status=200, location=, result=False, path=/archivesSystem/api/files/download/
[INFO] 2026-06-06 11:33:31,405 middleware 1681303 140415488317248 should_redirect: user_authenticated=True, status=200, location=, result=False, path=/archivesSystem/api/files/manage/persons/
[INFO] 2026-06-06 11:34:22,160 middleware 1681265 140415488317248 should_redirect: user_authenticated=True, status=200, location=, result=False, path=/archivesSystem/files/dialog/edit/
[INFO] 2026-06-06 11:34:22,178 middleware 1681224 140415488317248 should_redirect: user_authenticated=True, status=200, location=, result=False, path=/archivesSystem/api/files/manage/persons/
[INFO] 2026-06-06 11:34:22,199 middleware 1681224 140415488317248 should_redirect: user_authenticated=True, status=200, location=, result=False, path=/archivesSystem/api/files/manage/persons/
[INFO] 2026-06-06 11:34:22,228 middleware 1681303 140415488317248 should_redirect: user_authenticated=True, status=200, location=, result=False, path=/archivesSystem/api/files/download/
[INFO] 2026-06-06 11:39:07,401 middleware 1681032 140415488317248 should_redirect: user_authenticated=True, status=200, location=, result=False, path=/archivesSystem/api/files/manage/save/
[INFO] 2026-06-06 11:39:07,456 middleware 1681112 140415488317248 should_redirect: user_authenticated=True, status=200, location=, result=False, path=/archivesSystem/api/files/manage/list/
[INFO] 2026-06-06 11:39:14,426 middleware 1681112 140415488317248 should_redirect: user_authenticated=True, status=200, location=, result=False, path=/archivesSystem/api/files/download/
[INFO] 2026-06-06 11:39:16,451 middleware 1681112 140415488317248 should_redirect: user_authenticated=True, status=200, location=, result=False, path=/archivesSystem/api/files/list/
[INFO] 2026-06-06 11:39:17,002 middleware 1681028 140415488317248 should_redirect: user_authenticated=True, status=200, location=, result=False, path=/archivesSystem/api/files/list/
[INFO] 2026-06-06 11:39:57,231 middleware 1681032 140415488317248 should_redirect: user_authenticated=True, status=200, location=, result=False, path=/archivesSystem/api/files/list/
[INFO] 2026-06-06 11:39:58,813 middleware 1681028 140415488317248 should_redirect: user_authenticated=True, status=200, location=, result=False, path=/archivesSystem/api/files/list/
[INFO] 2026-06-06 11:39:59,971 middleware 1681149 140415488317248 should_redirect: user_authenticated=True, status=200, location=, result=False, path=/archivesSystem/api/files/download/
[INFO] 2026-06-06 11:40:10,386 middleware 1681028 140415488317248 should_redirect: user_authenticated=True, status=200, location=, result=False, path=/archivesSystem/files/dialog/edit/
[INFO] 2026-06-06 11:40:10,420 middleware 1681149 140415488317248 should_redirect: user_authenticated=True, status=200, location=, result=False, path=/archivesSystem/api/files/manage/list/
[INFO] 2026-06-06 11:40:11,684 middleware 1681149 140415488317248 should_redirect: user_authenticated=True, status=200, location=, result=False, path=/archivesSystem/api/files/manage/list/
[INFO] 2026-06-06 11:40:12,646 middleware 1681265 140415488317248 should_redirect: user_authenticated=True, status=200, location=, result=False, path=/archivesSystem/files/dialog/edit/
[INFO] 2026-06-06 11:40:12,666 middleware 1681149 140415488317248 should_redirect: user_authenticated=True, status=200, location=, result=False, path=/archivesSystem/api/files/manage/persons/
[INFO] 2026-06-06 11:40:12,694 middleware 1681149 140415488317248 should_redirect: user_authenticated=True, status=200, location=, result=False, path=/archivesSystem/api/files/manage/persons/
[INFO] 2026-06-06 11:40:12,740 middleware 1681032 140415488317248 should_redirect: user_authenticated=True, status=200, location=, result=False, path=/archivesSystem/api/files/download/
[INFO] 2026-06-06 11:40:49,809 middleware 1681032 140415488317248 should_redirect: user_authenticated=True, status=200, location=, result=False, path=/archivesSystem/api/files/manage/list/
[INFO] 2026-06-06 11:40:49,894 middleware 1681186 140415488317248 should_redirect: user_authenticated=True, status=200, location=, result=False, path=/archivesSystem/files/dialog/edit/
[INFO] 2026-06-06 11:40:50,845 middleware 1681032 140415488317248 should_redirect: user_authenticated=True, status=200, location=, result=False, path=/archivesSystem/api/files/manage/list/
[INFO] 2026-06-06 11:40:53,092 middleware 1681186 140415488317248 should_redirect: user_authenticated=True, status=200, location=, result=False, path=/archivesSystem/api/files/manage/list/
[INFO] 2026-06-06 11:41:01,876 middleware 1681303 140415488317248 should_redirect: user_authenticated=True, status=200, location=, result=False, path=/archivesSystem/api/files/list/
[INFO] 2026-06-06 11:41:03,063 middleware 1681265 140415488317248 should_redirect: user_authenticated=True, status=200, location=, result=False, path=/archivesSystem/api/files/download/
[INFO] 2026-06-06 11:41:26,690 middleware 1681112 140415488317248 should_redirect: user_authenticated=True, status=200, location=, result=False, path=/archivesSystem/api/files/list/
[INFO] 2026-06-06 11:41:30,769 middleware 1681186 140415488317248 should_redirect: user_authenticated=True, status=200, location=, result=False, path=/archivesSystem/api/files/list/
[INFO] 2026-06-06 11:41:39,643 middleware 1681032 140415488317248 should_redirect: user_authenticated=True, status=200, location=, result=False, path=/archivesSystem/api/files/list/
[INFO] 2026-06-06 11:41:46,196 middleware 1681032 140415488317248 should_redirect: user_authenticated=True, status=200, location=, result=False, path=/archivesSystem/api/files/list/
[INFO] 2026-06-06 11:41:52,490 middleware 1681224 140415488317248 should_redirect: user_authenticated=True, status=200, location=, result=False, path=/archivesSystem/api/files/list/
[INFO] 2026-06-06 11:41:52,972 middleware 1681112 140415488317248 should_redirect: user_authenticated=True, status=200, location=, result=False, path=/archivesSystem/api/files/list/
[INFO] 2026-06-06 11:41:53,724 middleware 1681186 140415488317248 should_redirect: user_authenticated=True, status=200, location=, result=False, path=/archivesSystem/api/files/list/
[INFO] 2026-06-06 11:41:54,701 middleware 1681149 140415488317248 should_redirect: user_authenticated=True, status=200, location=, result=False, path=/archivesSystem/api/files/list/
[INFO] 2026-06-06 11:42:08,210 middleware 1681112 140415488317248 should_redirect: user_authenticated=True, status=200, location=, result=False, path=/archivesSystem/api/files/list/
[INFO] 2026-06-06 11:42:09,132 middleware 1681112 140415488317248 should_redirect: user_authenticated=True, status=200, location=, result=False, path=/archivesSystem/api/files/list/
[INFO] 2026-06-06 11:42:09,995 middleware 1681028 140415488317248 should_redirect: user_authenticated=True, status=200, location=, result=False, path=/archivesSystem/api/files/list/
[INFO] 2026-06-06 11:42:10,650 middleware 1681186 140415488317248 should_redirect: user_authenticated=True, status=200, location=, result=False, path=/archivesSystem/api/files/list/
[INFO] 2026-06-06 11:42:11,512 middleware 1681303 140415488317248 should_redirect: user_authenticated=True, status=200, location=, result=False, path=/archivesSystem/api/files/list/
[INFO] 2026-06-06 11:42:12,185 middleware 1681149 140415488317248 should_redirect: user_authenticated=True, status=200, location=, result=False, path=/archivesSystem/api/files/list/
[INFO] 2026-06-06 11:42:12,670 middleware 1681303 140415488317248 should_redirect: user_authenticated=True, status=200, location=, result=False, path=/archivesSystem/api/files/list/
[INFO] 2026-06-06 11:42:13,236 middleware 1681112 140415488317248 should_redirect: user_authenticated=True, status=200, location=, result=False, path=/archivesSystem/api/files/list/
[INFO] 2026-06-06 11:42:13,754 middleware 1681112 140415488317248 should_redirect: user_authenticated=True, status=200, location=, result=False, path=/archivesSystem/api/files/list/
[INFO] 2026-06-06 11:42:14,718 middleware 1681112 140415488317248 should_redirect: user_authenticated=True, status=200, location=, result=False, path=/archivesSystem/api/files/list/
[INFO] 2026-06-06 11:42:17,956 middleware 1681224 140415488317248 should_redirect: user_authenticated=True, status=200, location=, result=False, path=/archivesSystem/api/files/list/
[INFO] 2026-06-06 11:42:50,276 middleware 1681149 140415488317248 should_redirect: user_authenticated=True, status=200, location=, result=False, path=/tools/media/
[INFO] 2026-06-06 11:42:50,344 middleware 1681149 140415488317248 should_redirect: user_authenticated=True, status=200, location=, result=False, path=/tools/api/media/letters/
[INFO] 2026-06-06 11:42:50,350 middleware 1681224 140415488317248 should_redirect: user_authenticated=True, status=200, location=, result=False, path=/tools/api/media/list/
[INFO] 2026-06-06 11:42:50,372 middleware 1681149 140415488317248 should_redirect: user_authenticated=True, status=200, location=, result=False, path=/tools/api/media/instruments/
[INFO] 2026-06-06 11:42:50,396 middleware 1681149 140415488317248 should_redirect: user_authenticated=True, status=200, location=, result=False, path=/tools/api/media/styles/
[INFO] 2026-06-06 11:42:52,396 middleware 1681028 140415488317248 should_redirect: user_authenticated=True, status=200, location=, result=False, path=/tools/api/media/play/
[INFO] 2026-06-06 11:42:52,408 middleware 1681149 140415488317248 should_redirect: user_authenticated=True, status=404, location=, result=False, path=/tools/api/media/cover/
[INFO] 2026-06-06 11:43:00,849 middleware 1681028 140415488317248 should_redirect: user_authenticated=True, status=200, location=, result=False, path=/tools/api/media/list/
[INFO] 2026-06-06 11:43:02,933 middleware 1681186 140415488317248 should_redirect: user_authenticated=True, status=200, location=, result=False, path=/tools/api/media/play/
[INFO] 2026-06-06 11:43:02,940 middleware 1681112 140415488317248 should_redirect: user_authenticated=True, status=404, location=, result=False, path=/tools/api/media/cover/
[INFO] 2026-06-06 11:43:23,156 middleware 1681186 140415488317248 should_redirect: user_authenticated=True, status=200, location=, result=False, path=/tools/api/media/play/
[INFO] 2026-06-06 11:43:23,168 middleware 1681224 140415488317248 should_redirect: user_authenticated=True, status=404, location=, result=False, path=/tools/api/media/cover/
[INFO] 2026-06-06 11:45:15,894 middleware 1686995 140458919458496 should_redirect: user_authenticated=True, status=200, location=, result=False, path=/
[INFO] 2026-06-06 11:45:16,068 middleware 1686995 140458919458496 should_redirect: user_authenticated=True, status=200, location=, result=False, path=/welcome/
[INFO] 2026-06-06 11:45:16,103 middleware 1686995 140458919458496 should_redirect: user_authenticated=True, status=200, location=, result=False, path=/menus/
[INFO] 2026-06-06 11:45:22,206 middleware 1686995 140458919458496 should_redirect: user_authenticated=True, status=200, location=, result=False, path=/tools/media/
[INFO] 2026-06-06 11:45:22,311 middleware 1686995 140458919458496 should_redirect: user_authenticated=True, status=200, location=, result=False, path=/tools/api/media/letters/
[INFO] 2026-06-06 11:45:22,341 middleware 1686995 140458919458496 should_redirect: user_authenticated=True, status=200, location=, result=False, path=/tools/api/media/list/
[INFO] 2026-06-06 11:45:22,347 middleware 1686995 140458911065792 should_redirect: user_authenticated=True, status=200, location=, result=False, path=/tools/api/media/instruments/
[INFO] 2026-06-06 11:45:22,413 middleware 1686995 140458911065792 should_redirect: user_authenticated=True, status=200, location=, result=False, path=/tools/api/media/styles/
[INFO] 2026-06-06 11:50:27,206 middleware 1687467 139936965908160 should_redirect: user_authenticated=True, status=200, location=, result=False, path=/
[INFO] 2026-06-06 11:50:27,503 middleware 1687467 139936965908160 should_redirect: user_authenticated=True, status=200, location=, result=False, path=/welcome/
[INFO] 2026-06-06 11:50:27,528 middleware 1687467 139936956466880 should_redirect: user_authenticated=True, status=200, location=, result=False, path=/menus/
[INFO] 2026-06-06 11:50:35,298 middleware 1687467 139936956466880 should_redirect: user_authenticated=True, status=200, location=, result=False, path=/tools/media/
[INFO] 2026-06-06 11:50:35,384 middleware 1687467 139936956466880 should_redirect: user_authenticated=True, status=200, location=, result=False, path=/tools/api/media/letters/
[INFO] 2026-06-06 11:50:35,413 middleware 1687467 139936956466880 should_redirect: user_authenticated=True, status=200, location=, result=False, path=/tools/api/media/list/
[INFO] 2026-06-06 11:50:35,430 middleware 1687467 139936965908160 should_redirect: user_authenticated=True, status=200, location=, result=False, path=/tools/api/media/instruments/
[INFO] 2026-06-06 11:50:35,475 middleware 1687467 139936965908160 should_redirect: user_authenticated=True, status=200, location=, result=False, path=/tools/api/media/styles/
[INFO] 2026-06-06 11:52:00,539 middleware 1687610 140512574543552 should_redirect: user_authenticated=True, status=200, location=, result=False, path=/tools/media/
[INFO] 2026-06-06 11:52:00,635 middleware 1687610 140512574543552 should_redirect: user_authenticated=True, status=200, location=, result=False, path=/tools/api/media/letters/
[INFO] 2026-06-06 11:52:00,665 middleware 1687610 140512574543552 should_redirect: user_authenticated=True, status=200, location=, result=False, path=/tools/api/media/list/
[INFO] 2026-06-06 11:52:00,668 middleware 1687610 140512566150848 should_redirect: user_authenticated=True, status=200, location=, result=False, path=/tools/api/media/instruments/
[INFO] 2026-06-06 11:52:00,739 middleware 1687610 140512566150848 should_redirect: user_authenticated=True, status=200, location=, result=False, path=/tools/api/media/styles/
[INFO] 2026-06-06 15:13:14,635 middleware 1689277 140384737400512 should_redirect: user_authenticated=False, status=302, location=/login/?next=/, result=True, path=/
[INFO] 2026-06-06 15:13:14,636 middleware 1689277 140384737400512 为用户 AnonymousUser 执行iframe登录跳转
[INFO] 2026-06-06 15:13:39,905 auth 1689277 140384720598720 用户 admin 登录成功
[INFO] 2026-06-06 15:13:40,042 middleware 1689277 140384720598720 should_redirect: user_authenticated=True, status=200, location=, result=False, path=/
[INFO] 2026-06-06 15:13:40,243 middleware 1689277 140384720598720 should_redirect: user_authenticated=True, status=200, location=, result=False, path=/
[INFO] 2026-06-06 15:13:40,618 middleware 1689277 140384720598720 should_redirect: user_authenticated=True, status=200, location=, result=False, path=/welcome/
[INFO] 2026-06-06 15:13:40,673 middleware 1689277 140384720598720 should_redirect: user_authenticated=True, status=200, location=, result=False, path=/menus/
[INFO] 2026-06-06 15:13:49,854 middleware 1689277 140384720598720 should_redirect: user_authenticated=True, status=200, location=, result=False, path=/archivesSystem/files/manage/
[INFO] 2026-06-06 15:13:50,189 middleware 1689277 140384720598720 should_redirect: user_authenticated=True, status=200, location=, result=False, path=/archivesSystem/api/files/categories/
[INFO] 2026-06-06 15:13:51,857 middleware 1689277 140384720598720 should_redirect: user_authenticated=True, status=200, location=, result=False, path=/archivesSystem/api/files/manage/list/
[INFO] 2026-06-06 15:13:55,038 middleware 1689277 140384720598720 should_redirect: user_authenticated=True, status=200, location=, result=False, path=/archivesSystem/api/files/manage/list/
[INFO] 2026-06-06 15:13:57,031 middleware 1689277 140384720598720 should_redirect: user_authenticated=True, status=200, location=, result=False, path=/archivesSystem/api/files/manage/persons/
[INFO] 2026-06-06 15:13:57,194 middleware 1689277 140384720598720 should_redirect: user_authenticated=True, status=200, location=, result=False, path=/archivesSystem/api/files/download/
[INFO] 2026-06-06 15:14:18,859 middleware 1689277 140384720598720 should_redirect: user_authenticated=True, status=200, location=, result=False, path=/archivesSystem/batch/
[INFO] 2026-06-06 15:14:19,101 middleware 1689277 140384720598720 should_redirect: user_authenticated=True, status=200, location=, result=False, path=/components/unit-tree-embed/
[INFO] 2026-06-06 15:14:19,167 middleware 1689277 140384720598720 should_redirect: user_authenticated=True, status=200, location=, result=False, path=/archivesSystem/api/batch/categories/
[INFO] 2026-06-06 15:14:21,409 middleware 1689277 140384720598720 should_redirect: user_authenticated=True, status=200, location=, result=False, path=/archivesSystem/auto-names/
[INFO] 2026-06-06 15:14:21,706 middleware 1689277 140384720598720 should_redirect: user_authenticated=True, status=200, location=, result=False, path=/archivesSystem/api/auto-names/fl/
[INFO] 2026-06-06 15:14:21,729 middleware 1689277 140384720598720 should_redirect: user_authenticated=True, status=200, location=, result=False, path=/archivesSystem/api/auto-names/list/
[INFO] 2026-06-06 15:14:23,151 middleware 1689277 140384720598720 should_redirect: user_authenticated=True, status=200, location=, result=False, path=/archivesSystem/log/
[INFO] 2026-06-06 15:14:23,424 middleware 1689277 140384720598720 should_redirect: user_authenticated=True, status=200, location=, result=False, path=/archivesSystem/api/log/types/
[INFO] 2026-06-06 15:14:23,576 middleware 1689277 140384720598720 should_redirect: user_authenticated=True, status=200, location=, result=False, path=/archivesSystem/api/log/query/
[INFO] 2026-06-06 15:14:28,330 middleware 1689277 140384720598720 should_redirect: user_authenticated=True, status=200, location=, result=False, path=/archivesSystem/meeting-admin/
[INFO] 2026-06-06 15:14:28,729 middleware 1689277 140384495728320 should_redirect: user_authenticated=True, status=200, location=, result=False, path=/archivesSystem/api/meeting-admin-batches/
[INFO] 2026-06-06 15:14:28,757 middleware 1689277 140384495728320 should_redirect: user_authenticated=True, status=200, location=, result=False, path=/archivesSystem/api/meeting-admin-all-batches/
[INFO] 2026-06-06 15:14:28,788 middleware 1689277 140384720598720 should_redirect: user_authenticated=True, status=200, location=, result=False, path=/archivesSystem/api/meeting-admin-list/
[INFO] 2026-06-06 15:14:29,816 middleware 1689277 140384720598720 should_redirect: user_authenticated=True, status=200, location=, result=False, path=/archivesSystem/salary-standard/
[INFO] 2026-06-06 15:14:30,109 middleware 1689277 140384720598720 should_redirect: user_authenticated=True, status=200, location=, result=False, path=/archivesSystem/api/salary-standard-list/
[INFO] 2026-06-06 15:14:30,143 middleware 1689277 140384495728320 should_redirect: user_authenticated=True, status=200, location=, result=False, path=/archivesSystem/api/salary-standard-filters/
[INFO] 2026-06-06 15:14:35,548 middleware 1689277 140384495728320 should_redirect: user_authenticated=True, status=200, location=, result=False, path=/tools/media/
[INFO] 2026-06-06 15:14:35,765 middleware 1689277 140384495728320 should_redirect: user_authenticated=True, status=200, location=, result=False, path=/tools/api/media/letters/
[INFO] 2026-06-06 15:14:35,815 middleware 1689277 140384495728320 should_redirect: user_authenticated=True, status=200, location=, result=False, path=/tools/api/media/list/
[INFO] 2026-06-06 15:14:35,911 middleware 1689277 140384495728320 should_redirect: user_authenticated=True, status=200, location=, result=False, path=/tools/api/media/instruments/
[INFO] 2026-06-06 15:14:36,027 middleware 1689277 140384495728320 should_redirect: user_authenticated=True, status=200, location=, result=False, path=/tools/api/media/styles/
[INFO] 2026-06-06 15:16:39,519 middleware 1689277 140384495728320 should_redirect: user_authenticated=True, status=200, location=, result=False, path=/tools/api/media/list/
[INFO] 2026-06-06 15:19:00,792 middleware 1692579 140520860939968 should_redirect: user_authenticated=True, status=200, location=, result=False, path=/archivesSystem/api/files/manage/persons/
[INFO] 2026-06-06 15:19:00,963 middleware 1692579 140520860939968 should_redirect: user_authenticated=True, status=200, location=, result=False, path=/archivesSystem/api/files/download/
[INFO] 2026-06-06 15:19:16,774 middleware 1692579 140520860939968 should_redirect: user_authenticated=True, status=200, location=, result=False, path=/archivesSystem/api/files/manage/persons/
[INFO] 2026-06-06 15:19:16,918 middleware 1692579 140520860939968 should_redirect: user_authenticated=True, status=200, location=, result=False, path=/archivesSystem/api/files/download/
[INFO] 2026-06-06 15:19:54,003 middleware 1692579 140520860939968 should_redirect: user_authenticated=True, status=200, location=, result=False, path=/archivesSystem/files/manage/
[INFO] 2026-06-06 15:19:54,324 middleware 1692579 140520860939968 should_redirect: user_authenticated=True, status=200, location=, result=False, path=/archivesSystem/api/files/categories/
[INFO] 2026-06-06 15:19:55,476 middleware 1692579 140520860939968 should_redirect: user_authenticated=True, status=200, location=, result=False, path=/archivesSystem/api/files/manage/list/
[INFO] 2026-06-06 15:19:56,522 middleware 1692579 140520860939968 should_redirect: user_authenticated=True, status=200, location=, result=False, path=/archivesSystem/api/files/manage/persons/
[INFO] 2026-06-06 15:19:56,694 middleware 1692579 140520860939968 should_redirect: user_authenticated=True, status=200, location=, result=False, path=/archivesSystem/api/files/download/
[INFO] 2026-06-06 15:20:18,811 middleware 1692713 140409326008000 should_redirect: user_authenticated=True, status=200, location=, result=False, path=/archivesSystem/files/manage/
[INFO] 2026-06-06 15:20:19,138 middleware 1692713 140409326008000 should_redirect: user_authenticated=True, status=200, location=, result=False, path=/archivesSystem/api/files/categories/
[INFO] 2026-06-06 15:20:20,525 middleware 1692713 140409326008000 should_redirect: user_authenticated=True, status=200, location=, result=False, path=/archivesSystem/api/files/manage/list/
[INFO] 2026-06-06 15:20:21,988 middleware 1692713 140409326008000 should_redirect: user_authenticated=True, status=200, location=, result=False, path=/archivesSystem/api/files/manage/persons/
[INFO] 2026-06-06 15:20:22,230 middleware 1692713 140409326008000 should_redirect: user_authenticated=True, status=200, location=, result=False, path=/archivesSystem/api/files/download/
[INFO] 2026-06-06 15:22:26,998 middleware 1692885 140093756761792 should_redirect: user_authenticated=True, status=200, location=, result=False, path=/archivesSystem/api/files/manage/persons/
[INFO] 2026-06-06 15:22:27,168 middleware 1692885 140093756761792 should_redirect: user_authenticated=True, status=200, location=, result=False, path=/archivesSystem/api/files/download/
[INFO] 2026-06-06 15:22:45,949 middleware 1692885 140093756761792 should_redirect: user_authenticated=True, status=200, location=, result=False, path=/archivesSystem/files/manage/
[INFO] 2026-06-06 15:22:46,197 middleware 1692885 140093756761792 should_redirect: user_authenticated=True, status=200, location=, result=False, path=/archivesSystem/api/files/categories/
[INFO] 2026-06-06 15:22:47,385 middleware 1692885 140093756761792 should_redirect: user_authenticated=True, status=200, location=, result=False, path=/archivesSystem/api/files/manage/list/
[INFO] 2026-06-06 15:22:48,577 middleware 1692885 140093756761792 should_redirect: user_authenticated=True, status=200, location=, result=False, path=/archivesSystem/api/files/manage/persons/
[INFO] 2026-06-06 15:22:48,735 middleware 1692885 140093756761792 should_redirect: user_authenticated=True, status=200, location=, result=False, path=/archivesSystem/api/files/download/
[INFO] 2026-06-06 15:22:59,553 middleware 1692885 140093756761792 should_redirect: user_authenticated=True, status=200, location=, result=False, path=/archivesSystem/files/
[INFO] 2026-06-06 15:22:59,771 middleware 1692885 140093756761792 should_redirect: user_authenticated=True, status=200, location=, result=False, path=/archivesSystem/api/files/categories/
[INFO] 2026-06-06 15:23:01,029 middleware 1692885 140093756761792 should_redirect: user_authenticated=True, status=200, location=, result=False, path=/archivesSystem/api/files/list/
[INFO] 2026-06-06 15:23:01,937 middleware 1692885 140093756761792 should_redirect: user_authenticated=True, status=200, location=, result=False, path=/archivesSystem/api/files/download/
[INFO] 2026-06-06 15:24:16,696 middleware 1693073 139748479366848 should_redirect: user_authenticated=True, status=200, location=, result=False, path=/
[INFO] 2026-06-06 15:24:17,003 middleware 1693073 139748479366848 should_redirect: user_authenticated=True, status=200, location=, result=False, path=/welcome/
[INFO] 2026-06-06 15:24:17,061 middleware 1693073 139748479366848 should_redirect: user_authenticated=True, status=200, location=, result=False, path=/menus/
[INFO] 2026-06-06 15:24:24,739 middleware 1693073 139748479366848 should_redirect: user_authenticated=True, status=200, location=, result=False, path=/archivesSystem/files/
[INFO] 2026-06-06 15:24:25,014 middleware 1693073 139748479366848 should_redirect: user_authenticated=True, status=200, location=, result=False, path=/archivesSystem/api/files/categories/
[INFO] 2026-06-06 15:24:25,891 middleware 1693073 139748479366848 should_redirect: user_authenticated=True, status=200, location=, result=False, path=/archivesSystem/api/files/list/
[INFO] 2026-06-06 15:24:26,903 middleware 1693073 139748479366848 should_redirect: user_authenticated=True, status=200, location=, result=False, path=/archivesSystem/api/files/download/
[INFO] 2026-06-06 15:29:12,415 middleware 1693477 140081342387904 should_redirect: user_authenticated=True, status=200, location=, result=False, path=/archivesSystem/files/
[INFO] 2026-06-06 15:29:12,699 middleware 1693477 140081342387904 should_redirect: user_authenticated=True, status=200, location=, result=False, path=/archivesSystem/api/files/categories/
[INFO] 2026-06-06 15:29:14,361 middleware 1693477 140081342387904 should_redirect: user_authenticated=True, status=200, location=, result=False, path=/archivesSystem/api/files/list/
[INFO] 2026-06-06 15:29:15,859 middleware 1693477 140081342387904 should_redirect: user_authenticated=True, status=200, location=, result=False, path=/archivesSystem/api/files/download/
[INFO] 2026-06-06 15:32:09,480 middleware 1693795 139918037337792 should_redirect: user_authenticated=True, status=200, location=, result=False, path=/archivesSystem/files/
[INFO] 2026-06-06 15:32:09,806 middleware 1693795 139918037337792 should_redirect: user_authenticated=True, status=200, location=, result=False, path=/archivesSystem/api/files/categories/
[INFO] 2026-06-06 15:32:10,743 middleware 1693795 139918037337792 should_redirect: user_authenticated=True, status=200, location=, result=False, path=/archivesSystem/api/files/list/
[INFO] 2026-06-06 15:32:11,729 middleware 1693795 139918037337792 should_redirect: user_authenticated=True, status=200, location=, result=False, path=/archivesSystem/api/files/download/
[INFO] 2026-06-06 15:34:49,456 middleware 1693795 139918037337792 should_redirect: user_authenticated=True, status=200, location=, result=False, path=/archivesSystem/api/files/download/
[INFO] 2026-06-06 15:36:35,316 middleware 1693795 139918037337792 should_redirect: user_authenticated=True, status=200, location=, result=False, path=/
[INFO] 2026-06-06 15:36:35,591 middleware 1693795 139918037337792 should_redirect: user_authenticated=True, status=200, location=, result=False, path=/welcome/
[INFO] 2026-06-06 15:36:35,645 middleware 1693795 139918037337792 should_redirect: user_authenticated=True, status=200, location=, result=False, path=/menus/
[INFO] 2026-06-06 15:36:41,926 middleware 1693795 139918037337792 should_redirect: user_authenticated=True, status=200, location=, result=False, path=/archivesSystem/files/
[INFO] 2026-06-06 15:36:42,171 middleware 1693795 139918037337792 should_redirect: user_authenticated=True, status=200, location=, result=False, path=/archivesSystem/api/files/categories/
[INFO] 2026-06-06 15:36:43,254 middleware 1693795 139918037337792 should_redirect: user_authenticated=True, status=200, location=, result=False, path=/archivesSystem/api/files/list/
[INFO] 2026-06-06 15:36:44,761 middleware 1693795 139918037337792 should_redirect: user_authenticated=True, status=200, location=, result=False, path=/archivesSystem/api/files/download/
[INFO] 2026-06-06 15:37:27,838 middleware 1694497 140415488317248 should_redirect: user_authenticated=False, status=302, location=/login/?next=/, result=True, path=/
[INFO] 2026-06-06 15:37:27,838 middleware 1694497 140415488317248 为用户 AnonymousUser 执行iframe登录跳转
[INFO] 2026-06-06 15:37:39,730 auth 1694499 140415488317248 用户 admin 登录成功
[INFO] 2026-06-06 15:37:39,760 middleware 1694499 140415488317248 should_redirect: user_authenticated=True, status=200, location=, result=False, path=/
[INFO] 2026-06-06 15:37:39,926 middleware 1694610 140415488317248 should_redirect: user_authenticated=True, status=200, location=, result=False, path=/
[INFO] 2026-06-06 15:37:40,080 middleware 1694610 140415488317248 should_redirect: user_authenticated=True, status=200, location=, result=False, path=/welcome/
[INFO] 2026-06-06 15:37:40,131 middleware 1694497 140415488317248 should_redirect: user_authenticated=True, status=200, location=, result=False, path=/menus/
[INFO] 2026-06-06 15:37:42,589 middleware 1694499 140415488317248 should_redirect: user_authenticated=True, status=200, location=, result=False, path=/archivesSystem/files/
[INFO] 2026-06-06 15:37:42,787 middleware 1694727 140415488317248 should_redirect: user_authenticated=True, status=200, location=, result=False, path=/archivesSystem/api/files/categories/
[INFO] 2026-06-06 15:37:44,165 middleware 1694387 140415488317248 should_redirect: user_authenticated=True, status=200, location=, result=False, path=/archivesSystem/api/files/list/
[INFO] 2026-06-06 15:37:45,505 middleware 1694688 140415488317248 should_redirect: user_authenticated=True, status=200, location=, result=False, path=/archivesSystem/api/files/download/
[INFO] 2026-06-06 15:37:47,381 middleware 1694497 140415488317248 should_redirect: user_authenticated=True, status=200, location=, result=False, path=/archivesSystem/api/files/download/
[INFO] 2026-06-06 15:38:46,679 middleware 1695063 140415488317248 should_redirect: user_authenticated=True, status=200, location=, result=False, path=/archivesSystem/api/files/list/
[INFO] 2026-06-06 15:38:47,844 middleware 1695063 140415488317248 should_redirect: user_authenticated=True, status=200, location=, result=False, path=/archivesSystem/api/files/download/
[INFO] 2026-06-06 15:38:50,086 middleware 1695140 140415488317248 should_redirect: user_authenticated=True, status=200, location=, result=False, path=/archivesSystem/api/files/download/
[INFO] 2026-06-06 15:39:15,613 middleware 1695343 139634130400960 should_redirect: user_authenticated=True, status=200, location=, result=False, path=/archivesSystem/api/files/download/
[INFO] 2026-06-06 15:39:18,449 middleware 1695343 139634130400960 should_redirect: user_authenticated=True, status=200, location=, result=False, path=/archivesSystem/files/
[INFO] 2026-06-06 15:39:18,717 middleware 1695343 139634130400960 should_redirect: user_authenticated=True, status=200, location=, result=False, path=/archivesSystem/api/files/categories/
[INFO] 2026-06-06 15:39:20,442 middleware 1695343 139634130400960 should_redirect: user_authenticated=True, status=200, location=, result=False, path=/archivesSystem/api/files/list/
[INFO] 2026-06-06 15:39:21,751 middleware 1695343 139634130400960 should_redirect: user_authenticated=True, status=200, location=, result=False, path=/archivesSystem/api/files/download/
[INFO] 2026-06-06 15:39:29,335 middleware 1695343 139634130400960 should_redirect: user_authenticated=True, status=200, location=, result=False, path=/archivesSystem/api/files/download/
[INFO] 2026-06-06 15:39:55,928 middleware 1696184 140415488317248 should_redirect: user_authenticated=False, status=302, location=/login/?next=/, result=True, path=/
[INFO] 2026-06-06 15:39:55,928 middleware 1696184 140415488317248 为用户 AnonymousUser 执行iframe登录跳转
[INFO] 2026-06-06 15:40:07,780 auth 1696727 140415488317248 用户 admin 登录成功
[INFO] 2026-06-06 15:40:07,813 middleware 1696727 140415488317248 should_redirect: user_authenticated=True, status=200, location=, result=False, path=/
[INFO] 2026-06-06 15:40:07,860 middleware 1696727 140415488317248 should_redirect: user_authenticated=True, status=200, location=, result=False, path=/
[INFO] 2026-06-06 15:40:08,081 middleware 1696453 140415488317248 should_redirect: user_authenticated=True, status=200, location=, result=False, path=/menus/
[INFO] 2026-06-06 15:40:08,082 middleware 1696493 140415488317248 should_redirect: user_authenticated=True, status=200, location=, result=False, path=/welcome/
[INFO] 2026-06-06 15:40:12,417 middleware 1696647 140415488317248 should_redirect: user_authenticated=True, status=200, location=, result=False, path=/archivesSystem/files/
[INFO] 2026-06-06 15:40:12,660 middleware 1696495 140415488317248 should_redirect: user_authenticated=True, status=200, location=, result=False, path=/archivesSystem/api/files/categories/
[INFO] 2026-06-06 15:40:13,591 middleware 1696495 140415488317248 should_redirect: user_authenticated=True, status=200, location=, result=False, path=/archivesSystem/api/files/list/
[INFO] 2026-06-06 15:40:15,200 middleware 1696687 140415488317248 should_redirect: user_authenticated=True, status=200, location=, result=False, path=/archivesSystem/api/files/download/
[INFO] 2026-06-06 15:40:17,354 middleware 1696493 140415488317248 should_redirect: user_authenticated=True, status=200, location=, result=False, path=/archivesSystem/api/files/download/
[INFO] 2026-06-06 15:40:50,568 middleware 1695343 139634130400960 should_redirect: user_authenticated=False, status=302, location=/login/?next=/archivesSystem/api/files/download/%3Fid%3D1361, result=True, path=/archivesSystem/api/files/download/
[INFO] 2026-06-06 15:40:50,569 middleware 1695343 139634130400960 为用户 AnonymousUser 执行iframe登录跳转
[INFO] 2026-06-06 15:41:01,551 auth 1695343 139634130400960 用户 admin 登录成功
[INFO] 2026-06-06 15:41:01,713 middleware 1695343 139634130400960 should_redirect: user_authenticated=True, status=200, location=, result=False, path=/
[INFO] 2026-06-06 15:41:01,899 middleware 1695343 139634130400960 should_redirect: user_authenticated=True, status=200, location=, result=False, path=/
[INFO] 2026-06-06 15:41:02,234 middleware 1695343 139634130400960 should_redirect: user_authenticated=True, status=200, location=, result=False, path=/welcome/
[INFO] 2026-06-06 15:41:02,287 middleware 1695343 139634130400960 should_redirect: user_authenticated=True, status=200, location=, result=False, path=/menus/
[INFO] 2026-06-06 15:41:04,513 middleware 1695343 139634130400960 should_redirect: user_authenticated=True, status=200, location=, result=False, path=/archivesSystem/files/
[INFO] 2026-06-06 15:41:04,851 middleware 1695343 139634130400960 should_redirect: user_authenticated=True, status=200, location=, result=False, path=/archivesSystem/api/files/categories/
[INFO] 2026-06-06 15:41:06,167 middleware 1695343 139634130400960 should_redirect: user_authenticated=True, status=200, location=, result=False, path=/archivesSystem/api/files/list/
[INFO] 2026-06-06 15:41:11,399 middleware 1695343 139634130400960 should_redirect: user_authenticated=True, status=200, location=, result=False, path=/archivesSystem/api/files/download/
